Id,MSSubClass,MSZoning,LotFrontage,LotArea,Street,Alley,LotShape,LandContour,Utilities,LotConfig,LandSlope,Neighborhood,Condition1,Condition2,BldgType,HouseStyle,OverallQual,OverallCond,YearBuilt,YearRemodAdd,RoofStyle,RoofMatl,Exterior1st,Exterior2nd,MasVnrType,MasVnrArea,ExterQual,ExterCond,Foundation,BsmtQual,BsmtCond,BsmtExposure,BsmtFinType1,BsmtFinSF1,BsmtFinType2,BsmtFinSF2,BsmtUnfSF,TotalBsmtSF,Heating,HeatingQC,CentralAir,Electrical,1stFlrSF,2ndFlrSF,LowQualFinSF,GrLivArea,BsmtFullBath,BsmtHalfBath,FullBath,HalfBath,BedroomAbvGr,KitchenAbvGr,KitchenQual,TotRmsAbvGrd,Functional,Fireplaces,FireplaceQu,GarageType,GarageYrBlt,GarageFinish,GarageCars,GarageArea,GarageQual,GarageCond,PavedDrive,WoodDeckSF,OpenPorchSF,EnclosedPorch,3SsnPorch,ScreenPorch,PoolArea,PoolQC,Fence,MiscFeature,MiscVal,MoSold,YrSold,SaleType,SaleCondition,SalePrice,TotalSF,TotalBathrooms,HouseAge,RemodAge,GarageAge,OverallScore,SFPerRoom,GarageAreaPerCar,LotAreaPerSF,TotalPorchSF,HasPool,HasFireplace,HasBsmt,HasGarage,HasMasVnr,SalePrice_log
1,4.0943445622221,3,4.174387269895637,9.041921720351219,1,1,3,3,0,4,0,5,2,2,0,5,7,5,2003,2003,1,1,12,13,1,5.2832037287379885,4,3,2,4,3,3,2,6.561030665896573,6,0.0,5.017279836814924,856.0,1,5,1,4,6.752270376141742,6.75110146893676,0.0,7.444248649496705,1,0.0,2,1,3,0.6931471805599453,4,8,6,0,0,1,2003.0,2,2,548,3,3,2,0.0,4.127134385045092,0.0,0.0,0.0,0.0,0,4,1,0.0,2,2008,8,4,208500.0,7.850103545175582,4,5,5,1.791759469228055,12,5.36480710781687,274.0,1.597673070854514,4.127134385045092,0.0,0,0.6931471805599453,0.6931471805599453,1,12.24769911637256
2,2.995732273553991,3,4.382026634673881,9.169518377455928,1,1,3,3,0,2,0,24,1,2,0,2,6,8,1976,1976,1,1,8,8,2,0.0,3,3,1,4,3,1,0,6.88653164253051,6,0.0,5.652489180268651,1262.0,1,5,1,4,7.140453043101158,0.0,0.0,7.140453043101158,0,0.6931471805599453,2,0,3,0.6931471805599453,3,6,6,1,3,1,1976.0,2,2,460,3,3,2,5.700443573390687,0.0,0.0,0.0,0.0,0.0,0,4,1,0.0,5,2007,8,4,181500.0,7.8336002236611035,3,31,31,3.4657359027997265,14,5.348693573873104,230.0,2.029065334354769,5.700443573390687,0.0,1,0.6931471805599453,0.6931471805599453,0,12.109016442313738
3,4.0943445622221,3,4.219507705176107,9.328123407632566,1,1,0,3,0,4,0,5,2,2,0,5,7,5,2001,2002,1,1,12,13,1,5.093750200806762,4,3,2,4,3,2,2,6.18826412308259,6,0.0,6.075346031088684,920.0,1,5,1,4,6.824373670043086,6.7650389767805414,0.0,7.487733761436444,1,0.0,2,1,3,0.6931471805599453,4,6,6,1,3,1,2001.0,2,2,608,3,3,2,0.0,3.7612001156935624,0.0,0.0,0.0,0.0,0,4,1,0.0,9,2008,8,4,223500.0,7.903226808730733,4,7,6,2.0794415416798357,12,5.69597429220839,304.0,1.8403896461961218,3.7612001156935624,0.0,1,0.6931471805599453,0.6931471805599453,1,12.317171167298682
4,4.248495242049359,3,4.0943445622221,9.164296433474776,1,1,0,3,0,0,0,6,2,2,0,5,7,5,1915,1970,1,1,13,15,2,0.0,3,3,0,3,4,3,0,5.37989735354046,6,0.0,6.293419278846481,756.0,1,4,1,4,6.8679744089702925,6.6293632534374485,0.0,7.448333860897476,1,0.0,1,0,3,0.6931471805599453,4,7,6,1,4,5,1998.0,3,3,642,3,3,2,0.0,3.58351893845611,5.60947179518496,0.0,0.0,0.0,0,4,1,0.0,2,2006,8,0,140000.0,7.813187267521416,2,91,36,2.1972245773362196,12,5.502423711842162,214.0,1.7159625725773004,5.730099782973574,0.0,1,0.6931471805599453,0.6931471805599453,0,11.849404844423074
5,4.0943445622221,3,4.430816798843313,9.565213693968287,1,1,0,3,0,2,0,15,2,2,0,5,8,5,2000,2000,1,1,12,13,1,5.860786223465865,4,3,2,4,3,0,2,6.486160788944089,6,0.0,6.19644412779452,1145.0,1,5,1,4,7.0431599159883405,6.960347729101308,0.0,7.6953031349635665,1,0.0,2,1,4,0.6931471805599453,4,9,6,1,3,1,2000.0,2,3,836,3,3,2,5.262690188904886,4.442651256490317,0.0,0.0,0.0,0.0,0,4,1,0.0,12,2008,8,4,250000.0,8.114623886420098,4,8,8,2.1972245773362196,13,5.498078557627347,278.6666666666667,1.8699105590047203,5.6240175061873385,0.0,1,0.6931471805599453,0.6931471805599453,1,12.429220196836383
6,3.912023005428146,3,4.442651256490317,9.55499334068759,1,1,0,3,0,4,0,11,2,2,0,0,5,5,1993,1995,1,1,12,13,2,0.0,3,3,5,4,3,3,2,6.597145701886651,6,0.0,4.174387269895637,796.0,1,5,1,4,6.679599185844383,6.340359303727752,0.0,7.216709486709457,1,0.0,1,1,1,0.6931471805599453,3,5,6,0,0,1,1993.0,3,2,480,3,3,2,3.713572066704308,3.4339872044851463,0.0,5.771441123130016,0.0,0.0,0,2,3,6.55250788703459,10,2009,8,4,143000.0,7.67693714581808,3,16,14,2.833213344056216,10,5.607271574275357,240.0,2.338283853978132,5.968707559985366,0.0,0,0.6931471805599453,0.6931471805599453,0,11.870606902224587
7,2.995732273553991,3,4.31748811353631,9.218705288307811,1,1,3,3,0,4,0,21,2,2,0,2,8,5,2004,2005,1,1,12,13,3,5.231108616854587,4,3,2,5,3,0,2,7.222566018822171,6,0.0,5.762051382780177,1686.0,1,5,1,4,7.434847875211999,0.0,0.0,7.434847875211999,1,0.0,2,0,3,0.6931471805599453,4,7,6,1,4,1,2004.0,2,2,636,3,3,2,5.545177444479562,4.060443010546419,0.0,0.0,0.0,0.0,0,4,1,0.0,8,2007,8,4,307000.0,8.125630988477065,3,3,2,1.3862943611198906,13,5.488937726156687,318.0,1.7838574130958107,5.746203190540153,0.0,1,0.6931471805599453,0.6931471805599453,1,12.634606283893019
8,4.0943445622221,3,4.382026634673881,9.247828816387175,1,1,0,3,0,0,0,14,4,2,0,5,7,6,1973,1973,1,1,6,6,3,5.484796933490655,3,3,1,4,3,2,0,6.756932389247553,1,3.4965075614664802,5.37989735354046,1107.0,1,5,1,4,7.009408932708637,6.891625897052253,0.0,7.644919344958857,1,0.0,2,1,3,0.6931471805599453,3,7,6,2,3,1,1973.0,2,2,484,3,3,2,5.4638318050256105,5.3230099791384085,5.43372200355424,0.0,0.0,0.0,0,4,3,5.860786223465865,11,2009,8,4,200000.0,8.069968149059841,4,36,36,3.6109179126442243,13,5.699009195903543,242.0,1.6029094714283176,6.504288173536645,0.0,1,0.6931471805599453,0.6931471805599453,1,12.206077645517674
9,3.912023005428146,4,3.9318256327243257,8.719317375506371,1,1,3,3,0,4,0,17,0,2,0,0,7,5,1931,1950,1,1,3,15,2,0.0,3,3,0,3,3,3,6,0.0,6,0.0,6.859614903654202,952.0,1,4,1,1,6.92951677076365,6.6240652277998935,0.0,7.480992162869525,0,0.0,2,0,2,1.0986122886681098,3,8,2,2,3,5,1931.0,3,2,468,2,3,2,4.51085950651685,0.0,5.327876168789581,0.0,0.0,0.0,0,4,1,0.0,4,2008,8,0,129900.0,7.9105906122564775,2,77,58,4.356708826689592,12,5.401550621189688,234.0,1.238325212636847,5.69035945432406,0.0,1,0.6931471805599453,0.6931471805599453,0,11.774527900858468
10,5.247024072160486,3,3.912023005428146,8.911934336161426,1,1,3,3,0,0,0,3,0,0,1,1,5,6,1939,1950,1,1,8,8,2,0.0,3,3,0,3,3,3,2,6.747586526829315,6,0.0,4.948759890378168,991.0,1,5,1,4,6.981934677156389,0.0,0.0,6.981934677156389,1,0.0,1,0,2,1.0986122886681098,3,5,6,2,3,1,1939.0,2,1,205,4,3,2,0.0,1.6094379124341003,0.0,0.0,0.0,0.0,0,4,1,0.0,1,2008,8,4,118000.0,7.63433723562832,2,69,58,4.248495242049359,11,5.372496764722288,205.0,1.9299996590050374,1.6094379124341003,0.0,1,0.6931471805599453,0.6931471805599453,0,11.678448377988165
11,2.995732273553991,3,4.248495242049359,9.323669057283185,1,1,3,3,0,4,0,19,2,2,0,2,5,5,1965,1965,3,1,6,6,2,0.0,3,3,1,3,3,3,5,6.810142450115136,6,0.0,4.90527477843843,1040.0,1,5,1,4,6.946975992135418,0.0,0.0,6.946975992135418,1,0.0,1,0,3,0.6931471805599453,3,5,6,0,0,5,1965.0,3,1,384,3,3,2,0.0,0.0,0.0,0.0,0.0,0.0,0,4,1,0.0,2,2008,8,4,129500.0,7.640123172695364,2,43,43,3.784189633918261,10,5.337538079701318,384.0,2.3766930651477676,0.0,0.0,0,0.6931471805599453,0.6931471805599453,0,11.771443882099637
12,4.0943445622221,3,4.442651256490317,9.386308454797962,1,1,0,3,0,4,0,16,2,2,0,5,9,5,2005,2006,3,1,14,15,3,5.659482215759621,5,3,2,5,3,3,2,6.906754778648554,6,0.0,5.181783550292085,1175.0,1,5,1,4,7.074963197966044,7.04141166379481,0.0,7.751045117971802,1,0.0,3,0,4,0.6931471805599453,5,11,6,2,4,3,2005.0,0,3,736,3,3,2,4.997212273764115,3.091042453358316,0.0,0.0,0.0,0.0,0,4,1,0.0,7,2006,6,5,345000.0,8.160232492367689,4,1,0,0.6931471805599453,14,5.353149845173431,245.33333333333334,1.6352633368261602,5.1298987149230735,0.0,1,0.6931471805599453,0.6931471805599453,1,12.75130259456002
13,2.995732273553991,3,4.2626798770413155,9.470240063415512,1,1,1,3,0,4,0,19,2,2,0,2,5,6,1962,1962,3,1,6,10,2,0.0,3,3,1,3,3,3,0,6.6039438246004725,6,0.0,5.170483995038151,912.0,1,3,1,4,6.815639990074331,0.0,0.0,6.815639990074331,1,0.0,1,0,2,0.6931471805599453,3,4,6,0,0,5,1962.0,3,1,352,3,3,2,4.948759890378168,0.0,0.0,0.0,5.176149732573829,0.0,0,4,1,0.0,9,2008,8,4,144000.0,7.508787170634276,2,46,46,3.8501476017100584,11,5.429345628954441,352.0,2.6546000733411805,5.75890177387728,0.0,0,0.6931471805599453,0.6931471805599453,0,11.87757552297847
14,2.995732273553991,3,4.51085950651685,9.273502946933823,1,1,0,3,0,4,0,5,2,2,0,2,7,5,2006,2007,1,1,12,13,3,5.726847747587197,4,3,2,4,3,0,6,0.0,6,0.0,7.3098814858247865,1494.0,1,5,1,4,7.309212365692763,0.0,0.0,7.309212365692763,0,0.0,2,0,3,0.6931471805599453,4,7,6,1,4,1,2006.0,2,3,840,3,3,2,5.081404364984463,3.5263605246161616,0.0,0.0,0.0,0.0,0,4,1,0.0,8,2007,6,5,279500.0,8.002359546252707,2,1,0,0.6931471805599453,12,5.363302216637449,280.0,1.9642905812410603,5.267858159063328,0.0,1,0.6931471805599453,0.6931471805599453,1,12.540761149388421
15,2.995732273553991,3,4.290459441148391,9.298351249298896,1,1,0,3,0,0,0,12,2,2,0,2,6,5,1960,1960,3,1,8,8,1,5.3612921657094255,3,3,1,3,3,3,1,6.598509028614515,6,0.0,6.255750041753367,1253.0,1,3,1,4,7.133295954896068,0.0,0.0,7.133295954896068,1,0.0,1,1,2,0.6931471805599453,3,5,6,1,2,1,1960.0,2,1,352,3,3,2,0.0,5.365976015021851,5.176149732573829,0.0,0.0,0.0,0,1,1,0.0,5,2008,8,4,157000.0,7.826443135456014,3,48,48,3.8918202981106265,11,5.523858042461968,352.0,2.1650552944028276,5.966146739123692,0.0,1,0.6931471805599453,0.6931471805599453,1,11.964007453736912
16,3.8066624897703196,4,3.9318256327243257,8.719317375506371,1,1,3,3,0,0,0,3,2,2,0,1,7,8,1929,2001,1,1,13,14,2,0.0,3,3,0,3,3,3,6,0.0,6,0.0,6.725033642166843,832.0,1,5,1,0,6.74993119378857,0.0,0.0,6.74993119378857,0,0.0,1,0,2,0.6931471805599453,3,5,6,0,0,5,1991.0,3,2,576,3,3,2,3.8918202981106265,4.727387818712341,0.0,0.0,0.0,0.0,0,0,1,0.0,7,2007,8,4,132000.0,7.430114138561801,1,78,6,2.833213344056216,15,5.14049328135447,288.0,1.969386181717802,5.081404364984463,0.0,0,0.6931471805599453,0.6931471805599453,0,11.790564777297387
17,2.995732273553991,3,4.290459441148391,9.327323087461798,1,1,0,3,0,1,0,12,2,2,0,2,6,7,1970,1970,1,1,13,14,1,5.198497031265826,3,3,1,3,3,3,0,6.361302477572996,6,0.0,6.056784013228625,1004.0,1,5,1,4,6.911747300251674,0.0,0.0,6.911747300251674,1,0.0,1,0,2,0.6931471805599453,3,5,6,1,3,1,1970.0,0,2,480,3,3,2,0.0,0.0,0.0,0.0,0.0,0.0,0,4,3,6.55250788703459,3,2010,8,4,149000.0,7.60489448081162,2,40,40,3.713572066704308,13,5.302309387817574,240.0,2.4155757872101224,0.0,0.0,1,0.6931471805599453,0.6931471805599453,1,11.91170829631447
18,4.499809670330265,3,4.276666119016055,9.286467732363734,1,1,3,3,0,4,0,19,2,2,2,2,4,5,1967,1967,1,1,8,8,2,0.0,3,3,3,0,0,4,4,0.0,4,0.0,0.0,0.0,1,3,1,4,7.16703787691222,0.0,0.0,7.16703787691222,0,0.0,2,0,2,1.0986122886681098,3,6,6,0,0,4,1967.0,3,2,516,3,3,2,0.0,0.0,0.0,0.0,0.0,0.0,0,4,3,6.2166061010848646,10,2006,8,4,90000.0,7.16703787691222,2,39,39,3.6888794541139363,9,5.375278407684165,258.0,2.119429855451514,0.0,0.0,0,0.0,0.6931471805599453,0,11.407576060361786
19,2.995732273553991,3,4.189654742026425,9.524786081697178,1,1,3,3,0,4,0,20,5,2,0,2,5,5,2004,2004,1,1,12,13,2,0.0,3,3,2,3,3,3,2,6.472346294500901,6,0.0,6.150602768446279,1114.0,1,5,1,4,7.01571242048723,0.0,0.0,7.01571242048723,1,0.0,1,1,3,0.6931471805599453,4,6,6,0,0,5,2004.0,3,2,576,3,3,2,0.0,4.634728988229636,0.0,0.0,0.0,0.0,0,4,1,0.0,6,2008,8,4,159000.0,7.708859601047175,3,4,4,1.6094379124341003,10,5.223952951259174,288.0,2.5090736612099493,4.634728988229636,0.0,0,0.6931471805599453,0.6931471805599453,0,11.976665770490767
20,2.995732273553991,3,4.248495242049359,8.930626469173578,1,1,3,3,0,4,0,12,2,2,0,2,5,6,1958,1965,3,1,3,10,2,0.0,3,3,1,3,3,3,3,6.22455842927536,6,0.0,6.26530121273771,1029.0,1,3,1,4,7.199678345691172,0.0,0.0,7.199678345691172,0,0.0,1,0,3,0.6931471805599453,3,6,2,0,0,1,1958.0,3,1,294,3,3,2,0.0,0.0,0.0,0.0,0.0,0.0,0,2,1,0.0,5,2009,0,0,139000.0,7.769800996003896,1,51,44,3.9512437185814275,11,5.407918876463118,294.0,1.730948123482406,0.0,0.0,0,0.6931471805599453,0.6931471805599453,0,11.842236406331555
21,4.0943445622221,3,4.61512051684126,9.5620530240851,1,1,0,3,0,0,0,16,2,2,0,5,8,5,2005,2006,1,1,12,13,1,5.942799375126701,4,3,2,5,3,0,6,0.0,6,0.0,7.055312843339752,1158.0,1,5,1,4,7.05444965813294,7.105786129481271,0.0,7.773173680482536,0,0.0,3,1,4,0.6931471805599453,4,9,6,1,4,3,2005.0,2,3,853,3,3,2,5.484796933490655,5.043425116919247,0.0,0.0,0.0,0.0,0,4,1,0.0,11,2006,6,5,325300.0,8.170185652879642,4,1,0,0.6931471805599453,13,5.575949103146316,284.3333333333333,1.7888793436025647,5.978885764901122,0.0,1,0.6931471805599453,0.6931471805599453,1,12.692506186542177
22,3.8066624897703196,4,4.04305126783455,8.915835074176277,1,0,3,0,0,4,0,9,2,2,0,1,7,7,1930,1950,1,1,13,14,2,0.0,3,3,2,3,3,3,6,0.0,6,0.0,6.45833828334479,637.0,1,5,1,1,7.010311867307229,0.0,0.0,7.010311867307229,0,0.0,1,0,3,0.6931471805599453,4,6,6,1,4,1,1930.0,3,1,280,3,3,0,0.0,0.0,5.327876168789581,0.0,0.0,0.0,0,0,1,0.0,6,2007,8,4,139400.0,7.4645098346365275,1,77,57,4.356708826689592,14,5.218552398079174,280.0,1.905523206869047,5.327876168789581,0.0,1,0.6931471805599453,0.6931471805599453,0,11.845109950883979
23,2.995732273553991,3,4.31748811353631,9.184201714366488,1,1,3,3,0,4,0,5,2,2,0,2,8,5,2002,2002,3,1,12,13,1,5.641907070938114,4,3,2,4,3,3,6,0.0,6,0.0,7.48324441607385,1777.0,1,5,1,4,7.492760300922379,0.0,0.0,7.492760300922379,0,0.0,2,0,3,0.6931471805599453,4,7,6,1,4,1,2002.0,2,2,534,3,3,2,5.147494476813453,5.075173815233827,0.0,0.0,0.0,0.0,0,4,1,0.0,9,2008,8,4,230000.0,8.18088094199639,2,6,6,1.9459101490553132,13,5.546850151867066,267.0,1.6914414134441087,5.802118375377063,0.0,1,0.6931471805599453,0.6931471805599453,1,12.345838935721968
24,4.787491742782046,4,3.784189633918261,8.348537825386098,1,1,3,3,0,4,0,10,2,2,4,2,5,7,1976,1976,1,1,5,5,2,0.0,3,3,2,4,3,3,2,6.734591659972948,6,0.0,5.303304908059076,1040.0,1,3,1,4,6.966024187106113,0.0,0.0,6.966024187106113,1,0.0,1,0,3,0.6931471805599453,3,6,6,1,3,1,1976.0,3,2,572,3,3,2,4.61512051684126,4.709530201312334,0.0,0.0,0.0,0.0,0,4,1,0.0,6,2007,8,4,129900.0,7.649692623711514,2,31,31,3.4657359027997265,12,5.174264717878057,286.0,1.3825136382799845,5.351858133476067,0.0,1,0.6931471805599453,0.6931471805599453,0,11.774527900858468
25,2.995732273553991,3,4.2626798770413155,9.017483513266844,1,1,0,3,0,4,0,19,2,2,0,2,5,8,1968,2001,1,1,9,10,2,0.0,3,4,1,3,3,2,5,5.241747015059643,0,6.505784060128229,5.3230099791384085,1060.0,1,5,1,4,6.966024187106113,0.0,0.0,6.966024187106113,1,0.0,1,0,3,0.6931471805599453,4,6,6,1,3,1,1968.0,3,1,270,3,3,2,6.008813185442595,4.51085950651685,0.0,0.0,0.0,0.0,0,2,1,0.0,5,2010,8,4,154000.0,7.659171367666058,2,42,9,3.7612001156935624,13,5.174264717878057,270.0,2.0514593261607326,6.208590026096629,0.0,1,0.6931471805599453,0.6931471805599453,0,11.944714374881176
26,2.995732273553991,3,4.700480365792417,9.563107691083898,1,1,3,3,0,0,0,16,2,2,0,2,8,5,2007,2007,1,1,12,13,3,6.46302945692067,4,3,2,4,3,3,6,0.0,6,0.0,7.356918242356021,1566.0,1,5,1,4,7.3777589082278725,0.0,0.0,7.3777589082278725,0,0.0,2,0,3,0.6931471805599453,4,7,6,1,4,1,2007.0,2,3,890,3,3,2,0.0,4.04305126783455,0.0,0.0,0.0,0.0,0,4,1,0.0,7,2009,8,4,256300.0,8.060224240440958,2,2,2,1.0986122886681098,13,5.431848759172559,296.6666666666667,2.1853487828560256,4.04305126783455,0.0,1,0.6931471805599453,0.6931471805599453,1,12.454107814022272
27,2.995732273553991,3,4.0943445622221,8.881836305004146,1,1,3,3,0,0,0,12,2,2,0,2,5,7,1951,2000,1,1,13,14,2,0.0,3,3,1,3,3,2,1,5.459585514144159,5,6.18826412308259,5.198497031265826,900.0,1,3,1,4,6.802394763324311,0.0,0.0,6.802394763324311,0,0.6931471805599453,1,0,3,0.6931471805599453,4,5,6,0,0,5,2005.0,3,2,576,3,3,2,5.407171771460119,3.4965075614664802,0.0,0.0,0.0,0.0,0,4,1,0.0,5,2010,8,4,134800.0,7.495541943884256,2,59,10,1.791759469228055,12,5.19295685089021,288.0,2.0794415416798357,5.541263545158426,0.0,0,0.6931471805599453,0.6931471805599453,0,11.811554895830454
28,2.995732273553991,3,4.584967478670572,9.348187438668308,1,1,3,3,0,4,0,16,2,2,0,2,8,5,2007,2008,1,1,12,13,3,5.303304908059076,4,3,2,5,3,3,2,7.105786129481271,6,0.0,6.18826412308259,1704.0,1,5,1,4,7.440733707389261,0.0,0.0,7.440733707389261,1,0.0,2,0,3,0.6931471805599453,4,7,6,1,4,1,2008.0,2,3,772,3,3,2,0.0,3.9318256327243257,0.0,0.0,0.0,0.0,0,4,1,0.0,5,2010,8,4,306000.0,8.133880887949207,3,3,2,1.0986122886681098,13,5.494823558333947,257.3333333333333,1.9074537312790467,3.9318256327243257,0.0,1,0.6931471805599453,0.6931471805599453,1,12.631343648903034
29,2.995732273553991,3,3.8501476017100584,9.700207901150696,1,1,0,3,0,1,0,12,2,2,0,2,5,6,1957,1997,1,1,8,8,2,0.0,3,3,1,3,3,1,1,7.15305163493748,6,0.0,5.337538079701318,1484.0,1,3,1,4,7.3777589082278725,0.0,0.0,7.3777589082278725,1,0.0,1,0,2,0.6931471805599453,3,6,6,2,4,1,1957.0,2,1,319,3,3,2,5.666426688112432,5.556828061699537,0.0,0.0,0.0,0.0,0,4,1,0.0,12,2006,8,4,207500.0,8.03398273468322,2,49,9,3.912023005428146,11,5.585999438999818,319.0,2.322448992922823,6.304448802421981,0.0,1,0.6931471805599453,0.6931471805599453,0,12.242891437918386
30,3.4011973816621555,4,4.0943445622221,8.752107198329362,1,1,0,3,0,4,0,3,1,7,0,2,4,6,1927,1950,1,1,8,8,2,0.0,3,3,0,3,3,3,6,0.0,6,0.0,6.255750041753367,520.0,1,2,0,4,6.253828811575473,0.0,0.0,6.253828811575473,0,0.0,1,0,1,0.6931471805599453,2,4,6,0,0,5,1920.0,3,1,240,2,3,2,3.912023005428146,0.0,4.477336814478207,0.0,0.0,0.0,0,4,1,0.0,5,2008,8,4,68500.0,6.946975992135418,1,81,58,4.48863636973214,10,4.867534450455582,240.0,2.4982783867538894,4.919980925828125,0.0,0,0.6931471805599453,0.6931471805599453,0,11.134603622683905
31,4.248495242049359,0,3.912023005428146,9.047821442478408,1,2,3,3,0,4,0,9,1,2,0,5,4,4,1920,1950,2,1,3,3,2,0.0,3,2,0,3,3,3,6,0.0,6,0.0,6.476972362889683,649.0,1,3,0,4,6.47543271670409,6.505784060128229,0.0,7.183111701743281,0,0.0,1,0,3,0.6931471805599453,3,6,6,0,0,5,1920.0,3,1,250,3,2,0,0.0,4.007333185232471,5.153291594497779,0.0,0.0,0.0,0,2,1,0.0,7,2008,8,4,40000.0,7.583756300707112,1,88,58,4.48863636973214,8,5.391352232515226,250.0,1.8647097407351267,5.424950017481403,0.0,0,0.6931471805599453,0.6931471805599453,0,10.596659732783579
32,2.995732273553991,3,4.2626798770413155,9.052984561199976,1,1,0,3,0,1,0,19,2,2,0,2,5,6,1966,2006,1,1,6,6,2,0.0,3,3,1,3,3,3,6,0.0,6,0.0,7.113956109566034,1228.0,1,4,1,4,7.113142108707088,0.0,0.0,7.113142108707088,0,0.0,1,1,3,0.6931471805599453,4,6,6,0,0,1,1966.0,3,1,271,3,3,2,0.0,4.189654742026425,0.0,0.0,0.0,0.0,0,2,1,0.0,6,2008,8,4,149350.0,7.806289289267033,2,42,2,3.7612001156935624,11,5.321382639479033,271.0,1.9398424524928883,4.189654742026425,0.0,0,0.6931471805599453,0.6931471805599453,0,11.914054519303125
33,2.995732273553991,3,4.442651256490317,9.310095205113175,1,1,3,3,0,0,0,5,2,2,0,2,8,5,2007,2007,1,1,12,13,2,0.0,4,3,2,5,3,0,6,0.0,6,0.0,7.118826249062078,1234.0,1,5,1,4,7.1180162044653335,0.0,0.0,7.1180162044653335,0,0.0,2,0,3,0.6931471805599453,4,7,6,0,0,1,2007.0,2,2,484,3,3,2,0.0,3.4339872044851463,0.0,0.0,0.0,0.0,0,4,1,0.0,1,2008,8,4,179900.0,7.811163385025279,2,1,1,0.6931471805599453,13,5.17210605541002,242.0,2.192079000647842,3.4339872044851463,0.0,0,0.6931471805599453,0.6931471805599453,0,12.100161978566867
34,2.995732273553991,3,4.248495242049359,9.26407069439715,1,1,0,3,0,4,0,12,2,2,0,2,5,5,1959,1959,3,1,3,3,2,0.0,3,3,1,3,3,3,5,6.926577033222725,6,0.0,5.942799375126701,1398.0,1,4,1,4,7.438383530044307,0.0,0.0,7.438383530044307,0,0.6931471805599453,1,1,4,0.6931471805599453,4,6,6,1,4,1,1959.0,2,2,447,3,3,2,0.0,3.6635616461296463,0.0,0.0,0.0,0.0,0,4,1,0.0,4,2010,8,4,165500.0,8.038512020976814,3,51,51,3.9512437185814275,10,5.646624060816253,223.5,1.8256871643528432,3.6635616461296463,0.0,1,0.6931471805599453,0.6931471805599453,0,12.016732516077072
35,4.787491742782046,3,4.0943445622221,8.89740886527095,1,1,3,3,0,4,0,16,2,2,4,2,9,5,2005,2005,3,1,8,8,1,5.5093883366279774,5,3,2,5,3,3,2,7.050989447068045,6,0.0,6.013715156042802,1561.0,1,5,1,4,7.353081920515432,0.0,0.0,7.353081920515432,1,0.0,2,0,2,0.6931471805599453,5,6,6,1,4,1,2005.0,0,2,556,3,3,2,5.318119993844216,3.871201010907891,0.0,0.0,0.0,0.0,0,4,1,0.0,8,2007,8,4,277500.0,8.046229101075378,3,2,2,1.0986122886681098,14,5.561322451287377,278.0,1.5443269447555192,5.5254529391317835,0.0,1,0.6931471805599453,0.6931471805599453,1,12.533579815765737
36,4.0943445622221,3,4.68213122712422,9.504352368122833,1,1,3,3,0,4,0,16,2,2,0,5,8,5,2004,2005,1,1,12,13,3,4.890349128221754,4,3,2,5,3,0,6,0.0,6,0.0,7.0192966537150445,1117.0,1,5,1,4,7.0317412587631285,7.186144304522325,0.0,7.804659297056102,0,0.0,3,1,4,0.6931471805599453,4,9,6,1,4,3,2004.0,0,3,691,3,3,2,4.736198448394496,3.4965075614664802,0.0,0.0,0.0,0.0,0,4,1,0.0,9,2006,8,4,309000.0,8.18004072349016,4,2,1,1.0986122886681098,13,5.607434719719882,230.33333333333334,1.6996930710667313,4.983606621708336,0.0,1,0.6931471805599453,0.6931471805599453,1,12.6410997921206
37,2.995732273553991,3,4.718498871295094,9.2927495082169,1,1,3,3,0,0,0,5,2,2,0,2,5,5,1994,1995,1,1,12,13,2,0.0,3,3,2,4,3,3,6,0.0,6,0.0,7.001245622069476,1097.0,1,5,1,4,7.00033446027523,0.0,0.0,7.00033446027523,0,0.0,1,1,3,0.6931471805599453,3,6,6,0,0,1,1995.0,3,2,672,3,3,2,5.973809611869261,4.174387269895637,0.0,0.0,0.0,0.0,0,4,1,0.0,6,2009,8,4,145000.0,7.693481640835175,2,15,14,2.70805020110221,10,5.2085749910471755,336.0,2.2924150479416703,6.124683390894205,0.0,0,0.6931471805599453,0.6931471805599453,0,11.884495917930655
38,2.995732273553991,3,4.30406509320417,9.05157907959124,1,1,3,3,0,4,0,12,2,2,0,2,5,6,1954,1990,3,1,13,14,1,6.478509642208569,3,3,1,3,3,3,5,7.101675971619444,6,0.0,4.442651256490317,1297.0,1,4,1,4,7.167809184316444,0.0,0.0,7.167809184316444,0,0.6931471805599453,1,0,3,0.6931471805599453,3,5,6,1,3,1,1954.0,0,2,498,3,3,2,0.0,0.0,0.0,0.0,0.0,0.0,0,4,1,0.0,10,2009,8,4,153000.0,7.860956364876389,2,55,19,4.02535169073515,11,5.5583712718823435,249.0,1.8837698952747972,0.0,0.0,1,0.6931471805599453,0.6931471805599453,1,11.938199736300925
39,2.995732273553991,3,4.219507705176107,8.977398978181862,1,1,3,3,0,4,0,12,2,2,0,2,5,7,1953,2007,1,1,12,13,2,0.0,3,4,1,3,3,3,2,6.595780513961311,6,0.0,5.7899601708972535,1057.0,1,3,1,4,6.963189985870238,0.0,0.0,6.963189985870238,1,0.0,1,0,3,0.6931471805599453,4,5,6,0,0,5,1953.0,3,1,246,3,3,2,0.0,3.970291913552122,0.0,0.0,0.0,0.0,0,4,1,0.0,1,2010,8,0,109000.0,7.656337166430183,2,57,3,4.060443010546419,12,5.353752073436137,246.0,2.0142089923116244,3.970291913552122,0.0,0,0.6931471805599453,0.6931471805599453,0,11.599112335481124
40,4.499809670330265,3,4.174387269895637,8.706159290928861,1,1,3,3,0,4,0,7,2,2,2,2,4,5,1955,1955,1,1,0,10,2,0.0,3,3,2,0,0,4,4,0.0,4,0.0,0.0,0.0,1,3,0,2,7.049254841255837,0.0,0.0,7.049254841255837,0,0.0,2,0,2,1.0986122886681098,2,6,6,0,0,6,0.0,1,0,0,0,0,0,0.0,0.0,0.0,0.0,0.0,0.0,0,4,1,0.0,6,2008,8,1,82000.0,7.049254841255837,2,53,53,7.605392364814935,9,5.2574953720277815,0.0,1.656904449673024,0.0,0.0,0,0.0,0.0,0,11.314486721293981
41,2.995732273553991,3,4.430816798843313,9.066239028001926,1,1,3,3,0,4,0,12,2,2,0,2,6,5,1965,1965,1,1,13,14,1,4.624972813284271,3,3,1,3,3,3,5,6.467698726104354,6,0.0,6.100318952020064,1088.0,1,5,1,4,7.188412736496954,0.0,0.0,7.188412736496954,0,0.0,2,0,3,0.6931471805599453,3,6,6,1,3,1,1965.0,2,2,440,3,3,2,0.0,4.9344739331306915,0.0,0.0,0.0,0.0,0,1,1,0.0,12,2006,8,0,160000.0,7.788211557847076,2,41,41,3.7376696182833684,11,5.396653267268898,220.0,1.8778262915049724,4.9344739331306915,0.0,1,0.6931471805599453,0.6931471805599453,1,11.982935344196433
42,2.995732273553991,3,4.74493212836325,9.735364715141987,1,1,3,3,0,4,0,23,2,2,0,2,5,6,1959,1959,1,1,12,13,2,0.0,3,4,1,3,3,1,1,6.875232087276577,6,0.0,5.950642552587727,1350.0,1,4,1,4,7.191429330036379,0.0,0.0,7.191429330036379,0,0.6931471805599453,1,1,2,0.6931471805599453,3,5,6,2,4,1,1959.0,2,1,308,3,3,1,0.0,4.653960350157523,0.0,0.0,0.0,0.0,0,4,1,0.0,7,2007,8,4,170000.0,7.8928255262511176,3,48,48,3.8918202981106265,11,5.5819914176022785,308.0,2.5439353851056072,4.653960350157523,0.0,1,0.6931471805599453,0.6931471805599453,0,12.04355959836804
43,4.442651256490317,3,4.197201947661808,9.124782483614537,1,1,0,3,0,1,0,20,2,2,0,6,5,7,1983,1983,1,1,6,6,2,0.0,3,3,1,4,3,0,0,6.617402977974478,3,4.543294782270004,0.0,840.0,1,4,1,4,6.784457062637643,0.0,0.0,6.784457062637643,1,0.0,1,0,2,0.6931471805599453,4,5,6,0,0,1,1983.0,2,2,504,3,4,2,5.484796933490655,0.0,0.0,0.0,0.0,0.0,0,2,1,0.0,12,2007,8,4,144000.0,7.452402451223638,2,24,24,3.2188758248682006,12,5.175019150203543,252.0,2.340325420976893,5.484796933490655,0.0,0,0.6931471805599453,0.6931471805599453,0,11.87757552297847
44,2.995732273553991,3,4.248495242049359,9.126958763037132,1,1,0,3,0,1,0,5,2,2,0,2,5,6,1975,1980,3,1,12,13,2,0.0,3,3,1,4,3,0,3,5.638354669333745,1,6.198478716492308,5.123963979403259,938.0,1,3,1,4,6.843749949006225,0.0,0.0,6.843749949006225,1,0.0,1,0,3,0.6931471805599453,3,5,6,0,0,5,1977.0,3,1,308,3,3,2,4.983606621708336,0.0,0.0,0.0,0.0,0.0,0,2,1,0.0,7,2008,8,4,130250.0,7.53689712956617,2,33,28,3.4657359027997265,11,5.234312036572124,308.0,2.283208814030907,4.983606621708336,0.0,0,0.6931471805599453,0.6931471805599453,0,11.777218637129327
45,2.995732273553991,3,4.248495242049359,8.980298078970817,1,1,3,3,0,4,0,12,2,2,0,2,5,6,1959,1959,1,1,3,14,2,0.0,3,3,1,3,3,3,0,5.19295685089021,1,6.2285110035911835,6.144185634125646,1150.0,1,5,1,0,7.047517221357296,0.0,0.0,7.047517221357296,1,0.0,1,0,3,0.6931471805599453,3,6,6,0,0,1,1959.0,2,1,300,3,3,2,0.0,0.0,0.0,0.0,0.0,0.0,0,4,1,0.0,5,2006,8,4,141000.0,7.7406644019172415,2,47,47,3.871201010907891,11,5.255757752129241,300.0,1.9327808576135206,0.0,0.0,0,0.6931471805599453,0.6931471805599453,0,11.856522261533737
46,4.787491742782046,3,4.110873864173311,8.943506132037239,1,1,3,3,0,4,0,16,2,2,4,2,9,5,2005,2005,3,1,8,8,1,6.023447592961033,5,3,2,5,3,3,2,6.124683390894205,6,0.0,7.167809184316444,1752.0,1,5,1,4,7.468513271496337,0.0,0.0,7.468513271496337,1,0.0,2,0,2,0.6931471805599453,5,6,6,1,4,1,2005.0,2,2,576,3,3,2,5.2832037287379885,4.418840607796598,0.0,0.0,0.0,0.0,0,4,1,0.0,2,2010,8,4,319900.0,8.161660452056282,3,5,5,1.791759469228055,14,5.676753802268282,288.0,1.474992860540903,5.631211781821365,0.0,1,0.6931471805599453,0.6931471805599453,1,12.675766851909591
47,3.912023005428146,3,3.871201010907891,9.458917724547202,1,1,0,3,0,1,0,11,2,2,0,0,7,5,2003,2003,1,1,12,13,2,0.0,4,3,2,5,3,3,2,7.20934025660291,6,0.0,4.430816798843313,1434.0,1,5,1,4,7.325148957955575,6.448889394146858,0.0,7.67275789664251,1,0.0,1,1,1,0.6931471805599453,4,6,6,1,5,1,2003.0,2,2,670,3,3,2,5.1298987149230735,3.784189633918261,0.0,0.0,5.293304824724492,0.0,0,4,1,0.0,8,2009,8,0,239686.0,8.183955717304954,3,6,6,1.9459101490553132,12,5.880998427414456,335.0,1.7861598279046922,6.016157159698354,0.0,1,0.6931471805599453,0.6931471805599453,0,12.387089184491993
48,2.995732273553991,1,4.430816798843313,9.314339961994667,1,1,3,3,0,4,0,21,2,2,0,2,8,5,2006,2006,1,1,12,13,2,0.0,4,3,2,4,3,0,2,3.2188758248682006,6,0.0,7.398174092970465,1656.0,1,5,1,4,7.412160334945205,0.0,0.0,7.412160334945205,0,0.0,2,0,3,0.6931471805599453,4,7,6,0,0,1,2006.0,2,3,826,3,3,2,0.0,4.990432586778736,0.0,0.0,0.0,0.0,0,4,1,0.0,7,2007,8,4,249700.0,8.10530751550515,2,1,1,0.6931471805599453,13,5.4662501858898915,275.3333333333333,1.9021796270494624,4.990432586778736,0.0,0,0.6931471805599453,0.6931471805599453,0,12.428019481065613
49,5.247024072160486,4,3.4965075614664802,8.40200678160712,1,1,3,3,0,4,0,17,2,2,1,5,4,5,1920,2008,1,1,8,8,2,0.0,3,3,0,3,3,3,6,0.0,6,0.0,6.602587892189336,736.0,1,4,1,4,6.601230118728877,6.57507584059962,0.0,7.280697195384741,0,0.0,2,0,2,1.3862943611198906,3,8,6,0,0,6,0.0,1,0,0,0,0,0,0.0,0.0,4.634728988229636,0.0,0.0,0.0,0,4,1,0.0,6,2009,6,5,113000.0,7.690743163541872,2,89,1,7.605890001053122,9,5.201255653704905,0.0,1.1213095862223785,4.634728988229636,0.0,0,0.6931471805599453,0.0,0,11.635151947212842
50,2.995732273553991,3,4.189654742026425,8.954415331137593,1,1,3,3,0,4,0,19,2,2,0,2,5,7,1966,1966,1,1,6,6,2,0.0,3,3,1,3,3,3,1,6.638567789166521,6,0.0,5.262690188904886,955.0,1,5,1,4,6.86171134048073,0.0,0.0,6.86171134048073,1,0.0,1,0,3,0.6931471805599453,3,6,6,0,0,1,1966.0,3,1,386,3,3,2,0.0,0.0,0.0,0.0,0.0,0.0,0,2,1,0.0,1,2007,8,4,127000.0,7.554858521040676,2,41,41,3.7376696182833684,12,5.069951871252675,386.0,2.092703990656863,0.0,0.0,0,0.6931471805599453,0.6931471805599453,0,11.751950239425476
51,4.0943445622221,3,4.174387269895637,9.537411412656335,1,1,1,3,0,0,0,8,2,2,0,5,6,6,1997,1997,1,1,12,13,2,0.0,3,3,2,4,3,0,2,5.209486152841421,6,0.0,6.418364935936212,794.0,1,4,1,4,6.677083461247136,6.517671272912275,0.0,7.293017679772782,0,0.6931471805599453,2,0,3,0.6931471805599453,3,6,6,0,0,1,1997.0,0,2,388,3,3,2,0.0,4.330733340286331,0.0,0.0,0.0,0.0,0,4,1,0.0,7,2007,8,4,177000.0,7.724888439323074,3,10,10,2.3978952727983707,12,5.501258210544727,194.0,2.244393732883553,4.330733340286331,0.0,0,0.6931471805599453,0.6931471805599453,0,12.083910661257521
52,3.912023005428146,4,3.9512437185814275,8.738735461363474,1,1,3,3,0,4,0,3,2,2,0,0,6,6,1934,1950,1,1,13,14,2,0.0,3,3,2,3,3,3,6,0.0,6,0.0,6.705639094860003,816.0,1,3,1,4,6.704414354964107,0.0,5.8888779583328805,7.069874128458572,0,0.0,1,0,3,0.6931471805599453,3,6,6,1,4,5,1985.0,3,2,528,3,3,2,4.727387818712341,0.0,0.0,0.0,0.0,0.0,0,2,3,5.993961427306569,9,2006,8,4,114500.0,7.397561535524052,1,72,56,3.091042453358316,12,5.278114659230517,264.0,1.6688613329049011,4.727387818712341,0.0,1,0.6931471805599453,0.6931471805599453,0,11.648338835562747
53,4.499809670330265,4,4.700480365792417,9.044521887281242,0,1,1,0,0,0,1,9,8,2,2,2,5,5,1963,1963,1,1,13,14,2,0.0,2,3,1,4,3,1,3,4.653960350157523,2,6.569481420414296,0.0,816.0,1,3,0,4,6.704414354964107,0.0,0.0,6.704414354964107,1,0.0,1,0,2,0.6931471805599453,3,5,6,0,0,4,1963.0,3,2,516,3,3,2,4.672828834461906,0.0,0.0,0.0,0.0,0.0,0,4,1,0.0,5,2010,8,4,110000.0,7.397561535524052,2,47,47,3.871201010907891,10,5.094976442530006,258.0,2.3401075323171354,4.672828834461906,0.0,0,0.6931471805599453,0.6931471805599453,0,11.608244735642321
54,2.995732273553991,3,4.219507705176107,10.825183649068833,1,1,0,2,0,4,0,24,2,2,0,2,9,5,1981,1987,1,7,14,15,2,0.0,4,3,1,5,3,1,2,7.501634457883413,6,0.0,3.4965075614664802,1842.0,1,4,1,4,7.518607216815252,0.0,0.0,7.518607216815252,2,0.0,0,1,0,0.6931471805599453,4,5,6,1,4,1,1981.0,0,3,894,3,3,2,6.754604099487962,4.290459441148391,0.0,0.0,0.0,0.0,0,4,1,0.0,11,2006,8,4,385000.0,8.211754397375197,3,25,19,3.258096538021482,14,5.909169304381152,298.0,3.3065764322535816,6.835184586147301,0.0,1,0.6931471805599453,0.6931471805599453,0,12.861001210669146
55,4.382026634673881,3,4.0943445622221,8.872627365918836,1,1,3,0,0,4,1,12,2,2,0,7,5,5,1955,1955,1,1,8,8,2,0.0,3,3,1,3,3,3,0,5.953243334287785,6,0.0,0.0,384.0,1,3,1,4,7.215239978730097,0.0,0.0,7.215239978730097,0,0.0,1,0,3,0.6931471805599453,3,6,2,1,3,5,1962.0,3,2,572,3,3,2,0.0,3.9318256327243257,0.0,0.0,0.0,0.0,0,2,1,0.0,2,2007,8,4,130000.0,7.463936604468925,1,52,52,3.828641396489095,10,5.423480509502043,286.0,1.657387387188739,3.9318256327243257,0.0,1,0.6931471805599453,0.6931471805599453,0,11.775297421715827
56,2.995732273553991,3,4.605170185988092,9.227689010310796,1,1,0,3,0,4,0,12,2,2,0,2,6,5,1964,1964,1,1,6,10,1,5.60947179518496,3,3,1,3,3,3,1,6.19644412779452,6,0.0,6.841615476477592,1425.0,1,4,1,4,7.261927092702751,0.0,0.0,7.261927092702751,0,0.0,2,0,3,0.6931471805599453,3,7,6,1,4,1,1964.0,2,2,576,3,3,2,0.0,0.0,0.0,6.0112671744041615,0.0,0.0,0,4,1,0.0,7,2008,8,4,180500.0,7.955074273262696,2,44,44,3.8066624897703196,11,5.316016943647438,288.0,1.965761917608045,6.0112671744041615,0.0,1,0.6931471805599453,0.6931471805599453,1,12.103491596905931
57,5.075173815233827,1,3.1780538303479458,7.8804263442924,1,2,3,3,0,4,0,21,2,2,3,5,8,5,1999,2000,1,1,8,8,1,6.124683390894205,4,3,2,4,3,3,2,6.476972362889683,6,0.0,5.7745515455444085,970.0,1,5,1,4,6.890609120147166,6.6293632534374485,0.0,7.461065514354283,1,0.0,2,1,3,0.6931471805599453,4,7,6,0,0,1,1999.0,0,2,480,3,3,2,4.7535901911063645,0.0,0.0,0.0,0.0,0.0,0,4,1,0.0,8,2009,8,0,172500.0,7.904334842085095,4,10,9,2.3978952727983707,13,5.51515536529897,240.0,0.4193608299381168,4.7535901911063645,0.0,0,0.6931471805599453,0.6931471805599453,1,12.058158312538197
58,4.0943445622221,3,4.48863636973214,9.36263218231844,1,1,0,3,0,0,0,5,2,2,0,5,7,5,2004,2004,1,1,12,13,2,0.0,4,3,2,4,3,3,6,0.0,6,0.0,6.7580945044277305,860.0,1,5,1,4,6.756932389247553,6.7580945044277305,0.0,7.450079569807499,0,0.0,2,1,3,0.6931471805599453,4,7,6,0,0,1,2004.0,2,2,565,3,3,2,0.0,4.2626798770413155,0.0,0.0,0.0,0.0,0,4,1,0.0,8,2006,8,4,196500.0,7.855544677915663,3,2,2,1.0986122886681098,12,5.504169420752185,282.5,1.9125526125109427,4.2626798770413155,0.0,0,0.6931471805599453,0.6931471805599453,0,12.188422799337028
59,4.0943445622221,3,4.189654742026425,9.523836379320944,1,1,1,1,0,1,0,22,2,2,0,5,10,5,2006,2006,3,1,12,13,1,6.939253946041508,5,3,2,5,3,1,6,0.0,6,0.0,7.252053951852814,1410.0,1,5,1,4,7.262628600974241,7.326465613840322,0.0,7.987864096085687,0,0.0,3,1,3,0.6931471805599453,4,10,6,1,4,3,2006.0,0,3,641,3,3,2,5.262690188904886,0.0,3.6375861597263857,0.0,0.0,0.0,0,4,1,0.0,10,2006,6,5,438780.0,8.379079889286603,4,0,0,0.0,15,5.685279003091641,213.66666666666666,1.5359722832352563,5.438079308923196,0.0,1,0.6931471805599453,0.6931471805599453,1,12.991755706536901
60,2.995732273553991,3,4.0943445622221,8.881836305004146,1,1,3,0,0,4,0,5,2,2,0,2,5,7,1972,1972,1,1,6,6,2,0.0,3,3,1,3,3,0,0,6.450470422144176,6,0.0,5.003946305945459,780.0,1,5,1,4,6.659293919683638,0.0,0.0,6.659293919683638,0,0.0,1,0,2,0.6931471805599453,3,4,6,0,0,5,1973.0,3,1,352,3,3,2,5.2832037287379885,0.0,0.0,0.0,0.0,0.0,0,2,1,0.0,1,2008,8,4,124900.0,7.352441100243583,1,36,36,3.58351893845611,12,5.272999558563747,352.0,2.222542385320509,5.2832037287379885,0.0,0,0.6931471805599453,0.6931471805599453,0,11.735276702486741
61,2.995732273553991,3,4.143134726391533,9.478227817099784,1,1,3,3,0,4,0,20,5,2,0,2,6,5,2004,2004,1,1,12,13,2,0.0,3,3,2,4,3,3,0,6.848005274576363,6,0.0,5.384495062789089,1158.0,1,5,1,4,7.05444965813294,0.0,0.0,7.05444965813294,1,0.0,1,1,3,0.6931471805599453,4,5,6,0,0,5,2006.0,3,2,576,3,3,2,0.0,3.9318256327243257,0.0,0.0,0.0,0.0,0,4,1,0.0,5,2006,6,5,158000.0,7.7475968386928855,3,2,2,0.0,11,5.4450117456988405,288.0,2.4237781589668437,3.9318256327243257,0.0,0,0.6931471805599453,0.6931471805599453,0,11.970356641102999
62,4.31748811353631,4,4.0943445622221,8.881836305004146,1,1,3,3,0,4,0,9,2,2,0,4,5,7,1920,1996,1,1,8,8,2,0.0,3,3,0,3,2,3,6,0.0,6,0.0,6.274762021241939,530.0,1,3,0,4,6.364750756851911,6.274762021241939,0.0,7.01301578963963,0,0.0,1,0,3,0.6931471805599453,2,6,6,0,0,5,1935.0,3,1,288,3,3,0,0.0,0.0,4.976733742420574,0.0,0.0,0.0,0,4,1,0.0,3,2007,8,4,101000.0,7.403061091090091,1,87,11,4.290459441148391,12,5.221256320411575,288.0,1.8688205153645168,4.976733742420574,0.0,0,0.6931471805599453,0.6931471805599453,0,11.522885696764481
63,4.787491742782046,3,3.784189633918261,8.770594329891145,1,1,0,3,0,4,0,16,2,2,4,2,8,5,2006,2006,1,1,12,13,3,5.187385805840755,4,3,2,4,4,2,2,3.2188758248682006,6,0.0,7.205635176410364,1370.0,1,5,1,4,7.222566018822171,0.0,0.0,7.222566018822171,0,0.0,2,0,2,0.6931471805599453,4,6,6,1,4,1,2006.0,2,2,484,3,3,2,4.795790545596741,3.912023005428146,0.0,0.0,0.0,0.0,0,4,1,0.0,10,2007,8,4,202500.0,7.9157131993821155,2,1,1,0.6931471805599453,13,5.430806549594116,242.0,1.5480283110689734,5.135798437050262,0.0,1,0.6931471805599453,0.6931471805599453,1,12.218500103788143
64,4.248495242049359,4,3.912023005428146,9.239899174217728,1,1,0,0,0,4,0,17,6,1,0,5,7,6,1921,1950,1,1,11,12,2,0.0,3,3,0,3,3,3,6,0.0,6,0.0,6.3578422665081,576.0,1,4,1,4,6.804614520062624,6.695798917058491,0.0,7.444248649496705,0,0.0,2,0,3,0.6931471805599453,3,9,6,0,0,5,1990.0,3,2,480,3,3,2,2.5649493574615367,2.4849066497880004,4.174387269895637,0.0,0.0,0.0,0,0,1,0.0,4,2010,8,4,140000.0,7.734558844354756,2,89,60,3.044522437723423,13,5.247024072160486,240.0,1.7956505247210215,4.477336814478207,0.0,0,0.6931471805599453,0.6931471805599453,0,11.849404844423074
65,4.0943445622221,3,4.248495242049359,9.14580185083861,1,1,3,3,0,4,0,5,2,2,0,5,7,5,1997,1998,1,1,12,13,1,6.352629396319567,3,3,2,4,3,3,2,6.606650186198215,6,0.0,5.765191102784844,1057.0,1,5,1,4,6.963189985870238,6.885509670034818,0.0,7.617759576608505,1,0.0,2,1,3,0.6931471805599453,4,8,6,0,0,1,1998.0,2,2,645,3,3,2,6.3578422665081,3.6109179126442243,0.0,0.0,0.0,0.0,0,0,1,0.0,2,2009,8,4,219500.0,8.036249942132116,4,12,11,2.4849066497880004,12,5.538318034928669,322.5,1.5280422742301063,6.418364935936212,0.0,0,0.6931471805599453,0.6931471805599453,1,12.299112067295642
66,4.0943445622221,3,4.330733340286331,9.16858043772795,1,1,3,3,0,4,0,16,2,2,0,5,8,5,2004,2005,1,1,12,13,1,5.84354441703136,4,3,2,5,3,0,6,0.0,6,0.0,7.042286171939743,1143.0,1,5,1,4,7.04141166379481,7.193685818395112,0.0,7.813187267521416,0,0.0,2,1,4,0.6931471805599453,4,9,6,1,4,3,2004.0,2,3,852,3,3,2,5.262690188904886,5.0238805208462765,0.0,0.0,0.0,0.0,0,4,1,0.0,10,2007,8,4,317000.0,8.193123721512068,3,3,2,1.3862943611198906,13,5.615962690185197,284.0,1.355393170206535,5.840641657373398,0.0,1,0.6931471805599453,0.6931471805599453,1,12.666660207428574
67,2.995732273553991,3,4.290459441148391,9.898475010712584,1,1,3,3,0,4,0,12,3,2,0,2,7,5,1970,1989,1,1,9,10,1,5.662960480135946,3,3,1,4,3,1,2,6.816735880594968,6,0.0,6.943122422819428,1947.0,1,3,1,4,7.699389406256737,0.0,0.0,7.699389406256737,1,0.0,2,0,3,0.6931471805599453,3,7,2,1,4,1,1970.0,2,2,576,3,3,2,5.71042701737487,0.0,0.0,0.0,0.0,0.0,0,4,1,0.0,7,2010,8,4,180000.0,8.331827004436057,3,40,21,3.713572066704308,12,5.753479257201423,288.0,2.1990856044558473,5.71042701737487,0.0,1,0.6931471805599453,0.6931471805599453,1,12.100717685412471
68,2.995732273553991,3,4.276666119016055,9.274722630905451,1,1,0,3,0,4,0,5,2,2,0,2,7,5,2003,2003,1,1,12,13,1,5.123963979403259,4,3,2,4,3,0,2,6.921658184151129,6,0.0,6.089044875446846,1453.0,1,5,1,4,7.2991214627108,0.0,0.0,7.2991214627108,1,0.0,2,0,3,0.6931471805599453,4,7,6,0,0,1,2003.0,2,2,558,3,3,2,4.976733742420574,3.4011973816621555,0.0,0.0,0.0,0.0,0,4,1,0.0,6,2007,8,4,226000.0,7.983440063006542,3,4,4,1.6094379124341003,12,5.353211313655486,279.0,1.9756011681946513,5.159055299214529,0.0,0,0.6931471805599453,0.6931471805599453,1,12.328294703023394
69,3.4011973816621555,4,3.8501476017100584,8.435549202375727,1,1,3,3,0,0,0,17,0,2,0,2,4,6,1945,1950,1,1,8,8,2,0.0,3,4,1,3,3,3,6,0.0,6,0.0,6.617402977974478,747.0,1,3,1,4,6.616065185132817,0.0,0.0,6.616065185132817,0,0.0,1,0,2,0.6931471805599453,3,4,6,0,0,1,1945.0,3,1,220,3,3,2,0.0,0.0,0.0,0.0,0.0,0.0,0,4,1,0.0,6,2010,8,4,80000.0,7.309212365692763,1,65,60,4.189654742026425,10,5.229770824012927,220.0,1.8194840172429099,0.0,0.0,0,0.6931471805599453,0.6931471805599453,0,11.289794413577894
70,3.912023005428146,3,4.394449154672439,9.654577374584886,1,1,3,3,0,0,0,4,2,2,0,0,7,4,1953,1953,1,1,3,0,2,0.0,4,3,1,3,3,3,1,6.403574197934815,6,0.0,6.553933404025811,1304.0,2,3,1,4,7.1731917424865985,6.891625897052253,0.0,7.734996194022781,0,0.0,2,0,3,0.6931471805599453,3,7,6,1,3,1,1953.0,0,2,667,3,3,2,0.0,3.091042453358316,4.74493212836325,0.0,0.0,0.0,0,4,1,0.0,7,2006,8,4,225000.0,8.186185994226083,2,53,53,3.9889840465642745,11,5.789086044967468,333.5,1.9195811805621044,4.912654885736052,0.0,1,0.6931471805599453,0.6931471805599453,0,12.323860125621126
71,2.995732273553991,3,4.553876891600541,9.521568058002977,1,1,0,3,0,4,0,12,2,2,0,2,7,6,1973,1973,1,1,9,10,1,7.017506142941256,3,4,1,4,3,1,0,7.53955882930103,6,0.0,5.840641657373398,2223.0,1,5,1,4,7.706612913964197,0.0,0.0,7.706612913964197,1,0.0,2,0,3,0.6931471805599453,3,8,6,2,4,1,1973.0,0,2,516,3,3,2,5.707110264748875,0.0,0.0,0.0,0.0,0.0,0,4,1,0.0,2,2007,8,4,244000.0,8.399760094524142,3,34,34,3.5553480614894135,13,5.62717137228436,258.0,1.8149551440387812,5.707110264748875,0.0,1,0.6931471805599453,0.6931471805599453,1,12.404927602627597
72,2.995732273553991,3,4.23410650459726,8.935771938669784,1,1,3,3,0,0,0,11,2,2,0,2,4,6,1982,2006,1,1,6,10,2,0.0,3,3,1,3,3,3,0,6.338594078203183,6,0.0,5.638354669333745,845.0,1,3,1,4,6.739336627357174,0.0,0.0,6.739336627357174,1,0.0,1,0,2,0.6931471805599453,3,4,6,0,0,5,1987.0,3,2,360,3,3,2,0.0,0.0,0.0,0.0,0.0,0.0,0,4,1,0.0,6,2007,8,4,129500.0,7.432483807917119,2,25,1,3.044522437723423,10,5.353042266237283,180.0,2.196435311312611,0.0,0.0,0,0.6931471805599453,0.6931471805599453,0,11.771443882099637
73,4.0943445622221,3,4.30406509320417,9.224341891611996,1,1,0,3,0,0,0,8,2,2,0,5,7,5,1998,1998,1,1,12,13,1,3.713572066704308,3,3,2,4,3,3,6,0.0,6,0.0,6.725033642166843,832.0,1,4,1,4,6.785587645007929,6.726233402358747,0.0,7.4489161025442,0,0.0,2,1,3,0.6931471805599453,3,7,6,1,3,1,1998.0,0,2,427,3,3,2,0.0,4.553876891600541,0.0,0.0,5.676753802268282,0.0,0,4,1,0.0,12,2009,8,4,185000.0,7.843848638152472,3,11,11,2.4849066497880004,12,5.503005953488888,213.5,1.7754257890677956,5.955837369464831,0.0,1,0.6931471805599453,0.6931471805599453,1,12.128116509451258
74,2.995732273553991,3,4.442651256490317,9.230142999272362,1,1,3,3,0,4,0,12,2,2,0,2,5,7,1954,2003,1,1,13,14,1,4.653960350157523,3,3,1,3,3,3,0,5.771441123130016,1,5.8944028342648505,6.003887067106539,1086.0,1,4,1,4,6.990256500493881,0.0,0.0,6.990256500493881,1,0.0,1,0,3,0.6931471805599453,3,6,6,0,0,1,1989.0,3,2,490,3,3,2,0.0,0.0,0.0,0.0,0.0,0.0,0,1,1,0.0,5,2010,8,4,144900.0,7.683403681053826,2,56,7,3.091042453358316,12,5.198497031265826,245.0,2.239886498778482,0.0,0.0,0,0.6931471805599453,0.6931471805599453,1,11.88380602959621
75,3.912023005428146,4,4.0943445622221,8.663887570567042,1,1,3,3,0,0,0,17,2,2,0,5,3,6,1915,1950,2,1,12,13,2,0.0,4,4,1,2,3,3,6,0.0,6,0.0,6.734591659972948,840.0,1,4,0,4,6.733401891837359,6.641182169740591,0.0,7.380879035564116,0,0.0,2,0,3,1.0986122886681098,3,8,6,0,0,5,1915.0,3,1,379,3,3,2,0.0,0.0,5.313205979041787,0.0,0.0,0.0,0,4,1,0.0,5,2010,8,4,107400.0,7.801800401908973,2,95,60,4.564348191467836,9,5.30143749388428,379.0,1.2830085350029248,5.313205979041787,0.0,0,0.6931471805599453,0.6931471805599453,0,11.58432477200052
76,5.19295685089021,4,3.044522437723423,7.3752557780097545,1,1,3,3,0,4,0,10,2,2,3,7,4,5,1973,1973,1,1,5,5,2,0.0,3,3,1,4,3,1,2,6.137727054086234,6,0.0,0.0,462.0,1,3,1,4,6.26530121273771,6.137727054086234,0.0,6.895682697747868,1,0.0,1,0,2,0.6931471805599453,3,5,6,0,0,3,1973.0,3,1,297,3,3,2,4.795790545596741,4.624972813284271,0.0,0.0,0.0,0.0,0,1,1,0.0,11,2009,8,4,91000.0,7.27931883541462,2,36,36,3.6109179126442243,9,5.286244785313768,297.0,0.4795730802618863,5.402677381872279,0.0,0,0.6931471805599453,0.6931471805599453,0,11.418625774449598
77,2.995732273553991,3,4.290459441148391,9.044875932248651,1,1,0,3,0,4,0,12,2,2,0,2,4,7,1956,1956,1,1,12,13,2,0.0,3,3,1,3,3,3,0,5.43372200355424,6,0.0,6.586171654854675,952.0,1,5,1,0,6.858565034791365,0.0,0.0,6.858565034791365,0,0.0,1,0,2,0.6931471805599453,3,4,6,0,0,5,1956.0,3,1,283,3,3,2,0.0,0.0,0.0,0.0,0.0,0.0,0,4,1,0.0,4,2008,8,4,135750.0,7.55171221535131,1,52,52,3.970291913552122,11,5.472270673671475,283.0,2.1863108974572856,0.0,0.0,0,0.6931471805599453,0.6931471805599453,0,11.818577604251555
78,3.912023005428146,4,3.912023005428146,9.06357899058078,1,1,3,3,0,4,0,3,2,2,0,0,5,5,1948,2001,1,1,13,14,2,0.0,3,3,1,3,3,3,1,5.820082930352362,2,3.7376696182833684,5.69035945432406,672.0,1,3,1,4,6.977281341630747,5.365976015021851,0.0,7.158513997329321,1,0.0,1,0,2,0.6931471805599453,3,6,2,0,0,5,1948.0,3,1,240,3,3,2,0.0,0.0,0.0,0.0,0.0,0.0,0,2,1,0.0,1,2008,8,4,127000.0,7.579167967396076,2,60,7,4.110873864173311,10,5.366754528101265,240.0,1.9050649932514587,0.0,0.0,0,0.6931471805599453,0.6931471805599453,0,11.751950239425476
79,4.499809670330265,3,4.276666119016055,9.285262298493443,1,1,3,3,0,4,0,19,2,2,2,2,4,5,1968,1968,3,1,6,6,2,0.0,3,3,1,3,3,3,6,0.0,6,0.0,7.478169694159785,1768.0,1,3,0,4,7.477604243197589,0.0,0.0,7.477604243197589,0,0.0,2,0,4,1.0986122886681098,3,8,6,0,0,6,0.0,1,0,0,0,0,2,0.0,0.0,0.0,0.0,0.0,0.0,0,4,1,0.0,4,2010,8,4,136500.0,8.170751423757535,2,42,42,7.606387389772652,9,5.3981627015177525,0.0,1.8076580552958532,0.0,0.0,0,0.6931471805599453,0.0,0,11.824087219587643
80,3.912023005428146,4,4.0943445622221,9.25339986143663,1,0,3,3,0,0,0,17,2,2,0,5,5,6,1910,1981,1,1,13,14,2,0.0,3,3,2,3,3,3,6,0.0,6,0.0,6.089044875446846,440.0,1,4,1,4,6.525029657843462,6.3080984415095305,0.0,7.114769448366463,0,0.0,1,1,2,0.6931471805599453,3,5,6,0,0,5,1966.0,3,2,440,3,3,2,4.31748811353631,0.0,4.859812404361672,0.0,0.0,0.0,0,2,1,0.0,5,2009,8,4,110000.0,7.4205789054108005,2,99,28,3.784189633918261,11,5.5053315359323625,220.0,2.1386304130701665,5.313205979041787,0.0,0,0.6931471805599453,0.6931471805599453,0,11.608244735642321
81,4.0943445622221,3,4.605170185988092,9.472704636443673,1,1,3,3,0,0,0,12,2,2,0,5,6,6,1968,1968,1,1,12,13,1,6.3578422665081,3,4,1,4,3,3,5,6.1070228877422545,6,0.0,6.1070228877422545,896.0,1,3,1,4,7.074963197966044,6.8679744089702925,0.0,7.669495251007694,0,0.0,2,1,4,0.6931471805599453,4,8,6,1,4,1,1968.0,0,1,509,3,3,2,0.0,4.290459441148391,0.0,0.0,5.53338948872752,0.0,0,4,1,0.0,6,2009,8,4,193500.0,8.018954683155718,3,41,41,3.7376696182833684,12,5.590053709327858,509.0,1.8032093854359796,5.783825182329737,0.0,1,0.6931471805599453,0.6931471805599453,1,12.173037959397275
82,4.787491742782046,4,3.4657359027997265,8.411832675758411,1,1,3,3,0,2,0,11,2,2,4,2,6,5,1998,1998,3,1,12,13,1,6.095824562432225,3,4,2,5,4,3,2,7.091742115095153,6,0.0,3.6109179126442243,1237.0,1,5,1,4,7.198183577101943,0.0,0.0,7.198183577101943,1,0.0,2,0,2,0.6931471805599453,3,5,6,0,0,1,1998.0,0,2,405,3,3,2,0.0,5.298317366548036,0.0,0.0,0.0,0.0,0,4,1,0.0,3,2006,8,4,153500.0,7.853216388156072,3,8,8,2.1972245773362196,11,5.588745664667843,202.5,1.2136490986564679,5.298317366548036,0.0,0,0.6931471805599453,0.6931471805599453,1,11.941462360646149
83,2.995732273553991,3,4.356708826689592,9.230731061623917,1,1,3,3,0,4,0,21,2,2,0,2,8,5,2007,2007,1,1,12,13,3,6.150602768446279,3,3,2,4,3,3,2,3.5263605246161616,6,0.0,7.333676395657684,1563.0,1,5,1,4,7.354362330421477,0.0,0.0,7.354362330421477,0,0.0,2,0,3,0.6931471805599453,4,6,6,1,4,1,2007.0,2,3,758,3,3,2,4.976733742420574,4.605170185988092,0.0,0.0,0.0,0.0,0,4,1,0.0,10,2008,8,4,245000.0,8.047509510981422,2,1,1,0.6931471805599453,13,5.5626028611934215,252.66666666666666,1.8763687312024402,5.497168225293202,0.0,1,0.6931471805599453,0.6931471805599453,1,12.409017571151187
84,2.995732273553991,3,4.382026634673881,9.092907275084087,1,1,0,3,0,4,0,12,2,2,0,2,5,5,1960,1960,1,1,8,8,0,4.204692619390966,3,3,1,3,3,3,6,0.0,6,0.0,6.97166860472579,1065.0,1,4,1,4,6.970730078143525,0.0,0.0,6.970730078143525,0,0.0,1,1,3,0.6931471805599453,3,6,6,0,0,5,1974.0,3,2,461,3,3,2,4.31748811353631,0.0,0.0,0.0,0.0,0.0,0,4,1,0.0,7,2007,0,4,126500.0,7.6638772587034705,2,47,47,3.5263605246161616,10,5.178970608915471,230.5,2.122177196940562,4.31748811353631,0.0,0,0.6931471805599453,0.6931471805599453,1,11.748005492256807
85,4.382026634673881,3,4.174387269895637,9.051344640485725,1,1,0,3,0,4,0,8,2,2,0,7,7,5,1995,1996,1,1,6,6,1,3.1354942159291497,3,3,2,4,3,3,6,0.0,6,0.0,5.953243334287785,384.0,1,4,1,4,6.6895992691789665,6.508769136971682,0.0,7.295735072749282,0,0.0,2,1,3,0.6931471805599453,3,7,6,1,3,3,1995.0,0,2,400,3,3,2,4.795790545596741,4.290459441148391,0.0,0.0,0.0,0.0,0,4,3,6.55250788703459,5,2009,8,4,168500.0,7.527255919373784,3,14,13,2.70805020110221,12,5.349824923693968,200.0,1.755609567736443,5.262690188904886,0.0,1,0.6931471805599453,0.6931471805599453,1,12.034696963475044
86,4.0943445622221,3,4.795790545596741,9.68402471906149,1,1,3,3,0,0,0,15,2,2,0,5,8,5,1991,1992,3,1,6,6,1,5.652489180268651,4,3,1,4,3,3,6,0.0,6,0.0,7.161622002939187,1288.0,1,5,1,4,7.170888478512505,7.018401799069201,0.0,7.790282380703483,0,0.0,2,1,4,0.6931471805599453,4,9,6,1,3,1,1991.0,3,2,462,3,3,2,4.852030263919617,4.418840607796598,0.0,0.0,0.0,0.0,0,4,1,0.0,4,2006,8,4,260000.0,8.217438537730187,3,15,14,2.772588722239781,13,5.593057803367263,231.0,1.8937423383580079,5.3471075307174685,0.0,1,0.6931471805599453,0.6931471805599453,1,12.468440756144114
87,4.0943445622221,3,4.804021044733257,9.385217621880901,1,1,1,3,0,4,0,8,2,2,0,5,6,5,2005,2005,1,1,12,13,2,0.0,4,3,2,4,3,0,6,0.0,6,0.0,6.529418838262226,684.0,1,5,1,4,6.52795791762255,6.776506992372183,0.0,7.352441100243583,0,0.0,2,1,3,0.6931471805599453,4,6,6,1,4,3,2005.0,0,2,400,3,3,2,4.61512051684126,3.6635616461296463,0.0,0.0,0.0,0.0,0,4,1,0.0,3,2009,8,4,174000.0,7.716015266642587,3,4,4,1.6094379124341003,11,5.560681631015528,200.0,2.0327765216373184,4.9344739331306915,0.0,1,0.6931471805599453,0.6931471805599453,0,12.066816325306588
88,5.075173815233827,1,3.6888794541139363,8.281723990411392,1,2,3,3,0,0,0,21,2,2,4,5,6,5,2009,2009,1,1,12,13,3,4.343805421853684,4,3,2,4,3,0,6,0.0,6,0.0,6.418364935936212,612.0,1,5,1,4,6.416732282512326,6.418364935936212,0.0,7.1098794630722715,0,0.0,2,1,2,0.6931471805599453,4,4,6,0,0,5,2009.0,2,2,528,3,3,2,0.0,5.459585514144159,0.0,0.0,0.0,0.0,0,4,1,0.0,6,2009,6,5,164500.0,7.515344571180436,3,0,0,0.0,11,5.723585101952381,264.0,1.1718445273391194,5.459585514144159,0.0,0,0.6931471805599453,0.6931471805599453,1,12.010671928196443
89,3.912023005428146,0,4.653960350157523,9.0442857876461,1,1,0,3,0,0,0,9,1,1,0,0,3,2,1915,1982,3,1,9,10,2,0.0,2,2,1,3,2,3,6,0.0,6,0.0,6.921658184151129,1013.0,1,3,0,4,6.920671504248683,0.0,6.2422232654551655,7.330405211844402,0,0.0,1,0,2,0.6931471805599453,2,6,6,0,0,6,0.0,1,0,0,0,0,0,0.0,0.0,5.056245805348308,0.0,0.0,0.0,0,2,1,0.0,10,2009,3,0,85000.0,7.613818684808629,1,94,27,7.605890001053122,5,5.538645742616348,0.0,1.7138805758016977,5.056245805348308,0.0,0,0.6931471805599453,0.0,0,11.350418300109132
90,2.995732273553991,3,4.0943445622221,8.995908761263994,1,1,3,3,0,4,0,5,2,2,0,2,4,5,1994,1995,1,1,12,13,2,0.0,3,3,2,4,3,3,2,6.3784261836515865,6,0.0,5.998936561946683,990.0,1,5,1,4,6.897704943128636,0.0,0.0,6.897704943128636,1,0.0,1,0,3,0.6931471805599453,3,5,6,0,0,6,0.0,1,0,0,0,0,2,0.0,0.0,0.0,0.0,0.0,0.0,0,4,1,0.0,8,2007,8,4,123600.0,7.590852123688581,2,13,12,7.60489448081162,9,5.288267030694535,0.0,2.098203818135359,0.0,0.0,0,0.6931471805599453,0.0,0,11.724813914587886
91,2.995732273553991,3,4.0943445622221,8.881836305004146,1,1,3,3,0,4,0,12,2,2,0,2,4,5,1950,1950,1,1,3,14,2,0.0,3,3,3,0,0,4,4,0.0,4,0.0,0.0,0.0,1,3,1,0,6.946975992135418,0.0,0.0,6.946975992135418,0,0.0,1,0,2,0.6931471805599453,3,4,6,0,0,5,1950.0,3,2,420,3,3,2,0.0,3.4011973816621555,0.0,0.0,0.0,0.0,0,4,1,0.0,7,2006,8,4,109900.0,6.946975992135418,1,56,56,4.04305126783455,9,5.560681631015528,210.0,1.9348603128687283,3.4011973816621555,0.0,0,0.0,0.6931471805599453,0,11.60733523953139
92,2.995732273553991,3,4.442651256490317,9.047821442478408,1,1,3,3,0,4,0,12,2,2,0,2,5,3,1961,1961,3,1,6,6,0,5.318119993844216,3,3,1,3,3,3,5,6.398594934535208,6,0.0,6.455198563340122,1235.0,1,3,1,4,7.118826249062078,0.0,0.0,7.118826249062078,0,0.0,1,0,2,0.6931471805599453,3,6,6,0,0,1,1961.0,3,2,480,3,3,2,0.0,0.0,0.0,0.0,0.0,0.0,0,1,1,0.0,12,2006,8,0,98600.0,7.8119734296220225,1,45,45,3.828641396489095,8,5.3270667798340225,240.0,1.9289951934163303,0.0,0.0,0,0.6931471805599453,0.6931471805599453,1,11.498836682527127
93,3.4011973816621555,3,4.382026634673881,9.500020447090638,1,0,0,1,0,4,0,6,2,2,0,2,5,7,1921,2006,1,1,13,14,2,0.0,3,4,0,4,3,3,0,6.570882962339584,6,0.0,5.099866427824199,876.0,1,5,1,4,6.871091294610546,0.0,0.0,6.871091294610546,1,0.0,1,0,2,0.6931471805599453,3,5,6,0,0,5,1921.0,3,2,432,3,3,2,0.0,0.0,3.8066624897703196,0.0,0.0,0.0,0,4,1,0.0,8,2009,8,4,163500.0,7.517520850603031,2,88,3,4.48863636973214,12,5.261653382176445,216.0,2.628929152480091,3.8066624897703196,0.0,0,0.6931471805599453,0.6931471805599453,0,12.004574385508691
94,5.247024072160486,0,4.0943445622221,8.881836305004146,1,1,3,3,0,0,0,17,2,2,1,4,6,6,1910,1998,3,1,8,8,2,0.0,3,3,0,3,2,2,5,6.953684210870537,6,0.0,5.1298987149230735,1214.0,2,5,0,4,7.138866999945524,6.939253946041508,0.0,7.736743682453495,0,0.6931471805599453,2,0,4,1.0986122886681098,3,9,6,1,4,5,1900.0,3,2,506,3,3,2,0.0,0.0,0.0,0.0,4.605170185988092,0.0,0,4,1,0.0,11,2007,8,4,133900.0,8.16194579946869,3,97,9,4.68213122712422,12,5.539519105117276,253.0,1.1450926225506513,4.605170185988092,0.0,1,0.6931471805599453,0.6931471805599453,0,11.804855999911272
95,4.0943445622221,3,4.23410650459726,9.141740280483926,1,1,0,3,0,4,0,5,2,2,0,5,6,5,1997,1997,1,1,12,13,2,0.0,3,4,2,4,3,3,2,6.47543271670409,6,0.0,5.176149732573829,824.0,1,5,1,4,6.807934943699926,6.782192056006791,0.0,7.487733761436444,1,0.0,2,1,3,0.6931471805599453,4,7,6,0,0,1,1997.0,2,2,684,3,3,2,0.0,5.093750200806762,0.0,0.0,0.0,0.0,0,4,1,0.0,5,2007,8,4,204750.0,7.867105500316739,4,10,10,2.3978952727983707,11,5.541823612381131,342.0,1.6540065190474815,5.093750200806762,0.0,0,0.6931471805599453,0.6931471805599453,0,12.229549885708273
96,4.0943445622221,3,4.174387269895637,9.186559843310778,1,1,1,3,0,0,0,8,2,2,0,5,6,8,1993,1993,1,1,12,13,1,4.23410650459726,5,4,2,4,4,3,0,5.739792912179234,6,0.0,5.916202062607435,680.0,1,4,1,4,6.522092798170152,6.673297967767654,0.0,7.293017679772782,0,0.0,2,1,3,0.6931471805599453,3,6,6,1,3,3,1993.0,0,2,420,3,3,2,5.4510384535657,4.1588830833596715,0.0,0.0,0.0,0.0,0,4,3,6.175867270105761,4,2009,8,4,185000.0,7.673223121121708,3,16,16,2.833213344056216,14,5.501258210544727,210.0,1.8935421635379974,5.69035945432406,0.0,1,0.6931471805599453,0.6931471805599453,1,12.128116509451258
97,2.995732273553991,3,4.356708826689592,9.236397906295473,1,1,0,3,0,4,0,5,2,2,0,2,7,5,1999,1999,1,1,12,13,1,5.214935757608986,4,3,2,4,3,0,0,7.0587581525186645,6,0.0,6.056784013228625,1588.0,1,5,1,4,7.370230641807081,0.0,0.0,7.370230641807081,0,0.0,2,0,3,0.6931471805599453,4,6,6,0,0,1,1999.0,2,2,472,3,3,2,5.0689042022202315,3.4011973816621555,0.0,0.0,0.0,0.0,0,4,1,0.0,8,2006,8,4,214000.0,8.063377822367027,2,7,7,2.0794415416798357,12,5.578471172579026,236.0,1.8661672644883913,5.236441962829949,0.0,0,0.6931471805599453,0.6931471805599453,1,12.273735966890268
98,2.995732273553991,3,4.290459441148391,9.298442820197728,1,1,3,1,0,4,0,7,2,2,0,2,4,5,1965,1965,3,1,6,6,1,3.8918202981106265,3,3,1,3,3,3,5,6.255750041753367,6,0.0,6.089044875446846,960.0,1,3,1,1,6.866933284461882,0.0,0.0,6.866933284461882,1,0.0,1,0,3,0.6931471805599453,3,6,6,0,0,1,1965.0,0,1,432,3,3,1,4.795790545596741,0.0,0.0,0.0,0.0,0.0,0,4,1,0.0,5,2007,8,4,94750.0,7.560080465021827,2,42,42,3.7612001156935624,9,5.075173815233827,432.0,2.4315095357358465,4.795790545596741,0.0,0,0.6931471805599453,0.6931471805599453,1,11.459007676978688
99,3.4011973816621555,3,4.442651256490317,9.270964993792617,1,1,3,3,0,0,0,7,2,2,0,2,5,5,1920,1950,1,1,13,14,2,0.0,3,3,0,3,3,3,0,4.6913478822291435,6,0.0,5.860786223465865,458.0,1,2,0,4,6.727431724850855,0.0,0.0,6.727431724850855,0,0.0,1,0,2,0.6931471805599453,3,5,6,0,0,2,1920.0,3,1,366,2,3,2,0.0,0.0,4.356708826689592,0.0,0.0,0.0,0,4,3,5.993961427306569,5,2010,0,0,83000.0,7.164720378771857,1,90,60,4.51085950651685,10,5.117993812416755,366.0,2.5435332689417622,4.356708826689592,0.0,0,0.6931471805599453,0.6931471805599453,0,11.326607934898927
100,2.995732273553991,3,4.343805421853684,9.139917907679637,1,1,0,3,0,4,0,12,2,2,0,2,4,5,1959,1959,1,1,9,10,2,0.0,3,3,1,3,3,3,0,6.345636360828596,6,0.0,5.945420608606575,950.0,1,2,1,4,7.110696122978827,0.0,0.0,7.110696122978827,1,0.0,1,1,3,0.6931471805599453,3,6,6,0,0,6,0.0,1,0,0,0,0,2,5.8664680569332965,0.0,0.0,0.0,0.0,0.0,0,4,3,5.993961427306569,1,2010,8,4,128950.0,7.684783943522785,3,51,51,7.606387389772652,9,5.3189366537507725,0.0,2.0292217847008094,5.8664680569332965,0.0,0,0.6931471805599453,0.0,0,11.767187766223199
101,2.995732273553991,3,4.382026634673881,9.268892258925797,1,1,0,3,0,4,0,14,2,2,0,2,6,7,1977,2001,1,1,9,10,1,3.367295829986474,3,3,2,3,3,2,0,7.0909098220799835,6,0.0,6.018593214496234,1610.0,1,4,1,4,7.383989457978509,0.0,0.0,7.383989457978509,1,0.0,2,0,3,0.6931471805599453,4,6,6,2,3,1,1977.0,2,2,480,3,3,2,5.1298987149230735,4.23410650459726,0.0,0.0,0.0,0.0,0,4,1,0.0,2,2010,8,4,205000.0,8.077136638538454,3,33,9,3.5263605246161616,13,5.592229988750454,240.0,1.8849028009472895,5.4680601411351315,0.0,1,0.6931471805599453,0.6931471805599453,1,12.230770136157428
102,4.0943445622221,3,4.343805421853684,9.127610724377186,1,1,3,3,0,4,0,20,2,2,0,5,6,5,1985,1985,1,1,6,6,1,5.820082930352362,4,3,1,4,3,3,6,0.0,6,0.0,6.60934924316738,741.0,1,3,1,4,6.884486652042782,6.628041376179533,0.0,7.4570320891223805,0,0.0,2,1,3,0.6931471805599453,4,7,6,1,3,1,1985.0,0,2,476,3,3,2,5.262690188904886,3.8501476017100584,0.0,0.0,0.0,0.0,0,4,1,0.0,6,2010,8,4,178000.0,7.813187267521416,3,25,25,3.258096538021482,11,5.511121940067067,238.0,1.6705786352548062,5.476463551931511,0.0,1,0.6931471805599453,0.6931471805599453,1,12.08954444723597
103,4.499809670330265,3,4.1588830833596715,8.85623355614316,1,1,3,0,0,4,0,20,2,2,2,2,5,5,1979,1979,1,1,6,6,2,0.0,3,2,3,0,0,4,4,0.0,4,0.0,0.0,0.0,1,3,1,4,7.336285660021297,0.0,0.0,7.336285660021297,0,0.0,2,0,4,1.0986122886681098,3,8,6,0,0,1,1979.0,3,2,410,3,3,2,0.0,0.0,0.0,0.0,0.0,0.0,0,4,1,0.0,6,2009,8,2,118964.0,7.336285660021297,2,30,30,3.4339872044851463,10,5.256844118341462,205.0,1.5199478961218629,0.0,0.0,0,0.0,0.6931471805599453,0,11.68658461118553
104,2.995732273553991,3,4.543294782270004,9.249753374333018,1,1,0,3,0,0,0,5,2,2,0,2,7,5,2009,2009,1,1,12,13,2,0.0,3,3,2,4,3,3,6,0.0,6,0.0,7.112327444710911,1226.0,1,5,1,4,7.111512116496157,0.0,0.0,7.111512116496157,0,0.0,2,0,3,0.6931471805599453,4,6,6,0,0,1,2009.0,2,3,740,3,3,2,0.0,3.6109179126442243,0.0,0.0,0.0,0.0,0,4,1,0.0,5,2010,8,4,198900.0,7.804659297056102,2,1,1,0.6931471805599453,12,5.319752647268102,246.66666666666666,2.138241257836861,3.6109179126442243,0.0,0,0.6931471805599453,0.6931471805599453,0,12.200562492481511
105,3.912023005428146,4,4.0943445622221,8.956479847999912,1,1,3,3,0,0,0,9,2,2,0,0,7,4,1931,1950,1,1,11,12,1,6.398594934535208,3,2,2,3,3,3,3,5.41610040220442,6,0.0,6.705639094860003,1040.0,1,5,1,1,7.111512116496157,6.385194398997726,0.0,7.505492274737424,0,0.0,1,1,4,0.6931471805599453,3,7,6,2,3,5,1951.0,3,1,240,3,3,2,0.0,0.0,0.0,0.0,5.220355825078324,0.0,0,4,1,0.0,6,2007,8,4,169500.0,7.957877358489813,2,76,57,4.04305126783455,11,5.559582125682111,240.0,1.4509875732624884,5.220355825078324,0.0,1,0.6931471805599453,0.6931471805599453,1,12.040614105490253
106,4.0943445622221,1,4.31748811353631,9.14580185083861,1,1,3,3,0,4,0,21,2,2,0,5,8,5,2003,2004,3,1,12,13,1,6.645090969505644,4,3,2,5,3,3,6,0.0,6,0.0,6.960347729101308,1053.0,1,5,1,4,6.959398512133975,6.84587987526405,0.0,7.596894438144544,0,0.0,2,1,3,0.6931471805599453,4,9,6,1,4,1,2003.0,2,2,648,3,3,2,4.948759890378168,3.828641396489095,0.0,0.0,0.0,0.0,0,4,1,0.0,8,2008,8,4,250000.0,8.021256180143997,3,5,4,1.791759469228055,13,5.3996698608083245,324.0,1.5489074126940678,5.225746673713202,0.0,1,0.6931471805599453,0.6931471805599453,1,12.429220196836383
107,3.4011973816621555,4,4.0943445622221,9.287301413112312,1,0,3,3,0,4,0,17,2,2,0,2,4,7,1885,1995,4,1,12,13,2,0.0,3,3,0,2,3,3,6,0.0,6,0.0,6.464588303689961,641.0,1,4,1,4,6.953684210870537,0.0,0.0,6.953684210870537,0,0.0,1,0,2,0.6931471805599453,3,6,6,0,0,5,1954.0,3,1,273,2,2,0,0.0,0.0,0.0,0.0,0.0,0.0,0,4,3,6.111467339502679,8,2007,8,4,100000.0,7.431299675155903,1,122,12,3.9889840465642745,11,5.161924741642482,273.0,2.3336172022417743,0.0,0.0,0,0.6931471805599453,0.6931471805599453,0,11.51293546492023
108,2.995732273553991,4,3.912023005428146,8.699514748210191,1,1,3,3,0,4,0,17,2,2,0,2,5,5,1948,1950,1,1,12,13,2,0.0,3,3,1,3,3,3,0,4.653960350157523,1,5.135798437050262,6.248042874508429,789.0,1,5,1,4,6.670766320845874,0.0,0.0,6.670766320845874,0,0.0,1,0,2,0.6931471805599453,3,5,6,0,0,5,1948.0,3,1,250,3,3,2,0.0,0.0,0.0,0.0,0.0,0.0,0,4,1,0.0,4,2008,8,5,115000.0,7.363913501405819,1,60,58,4.110873864173311,10,5.061328408411774,250.0,2.028748427364318,0.0,0.0,0,0.6931471805599453,0.6931471805599453,0,11.652696102959753
109,3.912023005428146,4,4.442651256490317,9.047821442478408,1,1,3,3,0,0,0,9,0,2,0,0,5,7,1919,2005,1,1,5,5,2,0.0,3,3,1,3,3,3,6,0.0,6,0.0,6.677083461247136,793.0,2,3,0,1,6.904750769961838,6.255750041753367,0.0,7.324489979348532,0,0.0,2,0,3,0.6931471805599453,2,7,6,0,0,6,0.0,1,0,0,0,0,0,0.0,0.0,4.976733742420574,0.0,0.0,0.0,0,4,1,0.0,8,2007,8,4,115000.0,7.745002803515839,2,88,2,7.60489448081162,12,5.378579830293219,0.0,1.7233314631298755,4.976733742420574,0.0,0,0.6931471805599453,0.0,0,11.652696102959753
110,2.995732273553991,3,4.653960350157523,9.371693622333941,1,1,0,3,0,4,0,14,2,2,0,2,6,6,1977,1977,3,1,9,10,1,6.175867270105761,3,3,1,4,3,3,1,6.559615237493242,6,0.0,7.038783541388542,1844.0,1,5,1,4,7.519692404116539,0.0,0.0,7.519692404116539,0,0.0,2,0,3,0.6931471805599453,3,7,6,1,3,1,1977.0,2,2,546,3,3,2,0.0,4.812184355372417,0.0,0.0,0.0,0.0,0,2,1,0.0,1,2010,0,4,190000.0,8.212839584676484,2,33,33,3.5263605246161616,12,5.573782255061226,273.0,1.8520012182174017,4.812184355372417,0.0,1,0.6931471805599453,0.6931471805599453,1,12.154784614286667
111,3.912023005428146,3,4.31748811353631,9.161675199994901,1,1,3,3,0,4,0,7,2,2,0,0,6,4,1954,1972,1,1,13,14,2,0.0,3,3,1,3,2,3,5,6.09807428216624,6,0.0,6.311734809152915,994.0,1,4,1,4,7.103322062526113,6.461468176353717,0.0,7.5256399750415355,0,0.0,2,0,4,0.6931471805599453,3,7,6,0,0,1,1954.0,3,1,325,3,3,2,5.209486152841421,0.0,0.0,0.0,0.0,0.0,0,4,1,0.0,10,2006,8,4,136900.0,7.954723334497908,2,52,34,3.970291913552122,10,5.579729825986222,325.0,1.6360352249533663,5.209486152841421,0.0,0,0.6931471805599453,0.6931471805599453,0,11.827013315851762
112,4.382026634673881,3,4.174387269895637,8.955448122347393,1,1,0,3,0,4,0,8,2,2,0,7,7,5,2000,2000,1,1,12,13,2,0.0,3,3,2,4,3,3,2,5.5254529391317835,6,0.0,4.90527477843843,384.0,1,5,1,4,6.651571873589727,6.48768401848461,0.0,7.265429723253953,0,0.0,2,1,3,0.6931471805599453,3,7,6,1,3,3,2000.0,0,2,400,3,3,2,5.198497031265826,0.0,0.0,0.0,0.0,0.0,0,4,1,0.0,4,2010,8,4,180000.0,7.503289630675082,3,10,10,2.3978952727983707,12,5.319519574198639,200.0,1.6900183990934396,5.198497031265826,0.0,1,0.6931471805599453,0.6931471805599453,0,12.100717685412471
113,4.0943445622221,3,4.343805421853684,9.206834232646894,1,1,3,3,0,4,0,5,2,2,0,5,7,5,2007,2007,1,1,12,13,3,5.3981627015177525,4,3,2,5,3,0,2,6.892641641172089,6,0.0,5.638354669333745,1264.0,1,5,1,4,7.156176637480615,7.254884810077338,0.0,7.899524472032198,1,0.0,2,1,4,0.6931471805599453,5,10,6,1,4,3,2007.0,0,3,792,3,3,2,4.795790545596741,5.220355825078324,0.0,0.0,5.1298987149230735,0.0,0,4,1,0.0,10,2007,6,5,383970.0,8.283999304248526,4,0,0,0.0,12,5.596939379038152,264.0,1.3073097606146973,6.159095388491933,0.0,1,0.6931471805599453,0.6931471805599453,1,12.85832230788469
114,2.995732273553991,3,4.30406509320417,9.95227771670556,1,1,3,0,0,0,0,6,2,2,0,2,6,5,1953,1953,3,1,13,14,1,5.220355825078324,3,4,1,4,3,2,0,3.58351893845611,5,6.76849321164863,6.80903930604298,1809.0,1,3,1,4,7.7226775164680035,0.0,0.0,7.7226775164680035,1,0.0,2,0,3,0.6931471805599453,4,7,6,2,4,2,1953.0,3,2,450,3,3,2,5.117993812416755,4.795790545596741,5.262690188904886,0.0,0.0,0.0,0,2,1,0.0,10,2007,0,0,217000.0,8.31090675716845,3,54,54,4.007333185232471,11,5.77676736741269,225.0,2.229600200237557,6.171700597410915,0.0,1,0.6931471805599453,0.6931471805599453,1,12.28765724080691
115,4.248495242049359,3,4.110873864173311,8.889997357284841,1,1,0,3,0,4,1,6,2,2,0,5,6,8,1945,2002,2,1,13,14,2,0.0,3,3,1,3,3,3,0,6.652863029353347,3,5.017279836814924,4.653960350157523,1028.0,1,5,1,4,7.269616749608169,6.785587645007929,0.0,7.749322464660356,1,0.0,2,1,3,0.6931471805599453,4,9,6,1,3,5,1945.0,3,1,180,3,3,2,5.41610040220442,0.0,0.0,0.0,0.0,0.0,0,2,1,0.0,7,2007,8,4,259500.0,8.116118431609365,4,62,5,4.143134726391533,14,5.552097887324137,180.0,1.140674892624485,5.41610040220442,0.0,1,0.6931471805599453,0.6931471805599453,0,12.466515835145202
116,5.075173815233827,1,3.5263605246161616,8.080237416216702,1,2,3,3,0,0,0,21,2,2,4,5,6,5,1999,1999,1,1,8,8,1,7.029972911706386,3,3,2,4,3,3,2,6.040254711277414,6,0.0,5.739792912179234,729.0,1,4,1,4,6.591673732008658,6.593044534142437,0.0,7.284820912568604,0,0.0,2,1,2,0.6931471805599453,3,5,6,1,2,5,1999.0,3,2,440,3,3,2,0.0,3.4965075614664802,0.0,0.0,0.0,0.0,0,4,1,0.0,6,2007,8,4,176000.0,7.690286020676768,3,8,8,2.1972245773362196,11,5.675383000134503,220.0,0.7954165036480987,3.4965075614664802,0.0,1,0.6931471805599453,0.6931471805599453,1,12.07824495582233
117,2.995732273553991,3,4.2626798770413155,9.360138737064577,1,1,3,3,0,4,0,19,2,2,0,2,5,5,1962,1962,1,1,13,14,1,4.762173934797756,3,3,1,3,3,3,3,5.14166355650266,1,6.508769136971682,5.53338948872752,1092.0,1,3,1,4,6.9957661563048505,0.0,0.0,6.9957661563048505,0,0.6931471805599453,1,0,3,0.6931471805599453,3,6,6,1,1,1,1962.0,3,1,288,3,3,2,0.0,3.044522437723423,4.976733742420574,0.0,0.0,0.0,0,4,1,0.0,9,2009,8,4,139000.0,7.688913336864796,2,47,47,3.871201010907891,10,5.204006687076795,288.0,2.364372580759727,5.10594547390058,0.0,1,0.6931471805599453,0.6931471805599453,1,11.842236406331555
118,2.995732273553991,3,4.30406509320417,9.05204779298159,1,1,3,3,0,0,0,7,2,2,0,2,5,5,2006,2007,1,1,12,13,2,0.0,3,3,2,4,3,3,6,0.0,6,0.0,7.026426808699636,1125.0,1,4,1,4,7.025538314638521,0.0,0.0,7.025538314638521,0,0.0,1,1,2,0.6931471805599453,3,5,6,0,0,1,2007.0,3,2,430,3,3,2,4.394449154672439,4.174387269895637,0.0,0.0,0.0,0.0,0,4,1,0.0,4,2007,6,5,155000.0,7.718685495198466,2,1,0,0.0,10,5.41610040220442,215.0,2.0265094783430686,4.976733742420574,0.0,0,0.6931471805599453,0.6931471805599453,0,11.951186847493476
119,4.0943445622221,3,4.499809670330265,9.423514392252901,1,1,3,3,0,0,0,20,2,2,0,5,7,5,1990,1990,3,1,9,10,2,0.0,3,3,2,4,3,2,2,7.293697720601438,6,0.0,5.318119993844216,1673.0,1,4,1,4,7.4377951216719325,7.329093736246592,0.0,8.07775756373692,1,0.0,3,0,5,0.6931471805599453,4,11,6,2,3,1,1990.0,3,3,594,3,3,2,5.908082938168931,0.0,0.0,0.0,0.0,0.0,0,4,1,0.0,5,2010,8,4,320000.0,8.49596955496461,4,20,20,3.044522437723423,12,5.67986229093855,198.0,1.3457568285159824,5.908082938168931,0.0,1,0.6931471805599453,0.6931471805599453,0,12.676079399771027
120,4.0943445622221,3,4.174387269895637,9.0432226489245,1,1,3,3,0,4,0,5,2,2,0,5,6,5,2005,2006,1,1,12,13,2,0.0,4,3,2,4,3,3,6,0.0,6,0.0,6.591673732008658,728.0,1,5,1,4,6.590301048196686,6.591673732008658,0.0,7.283448228756631,0,0.0,2,1,3,0.6931471805599453,4,8,6,1,4,1,2005.0,0,2,390,3,3,2,0.0,3.2188758248682006,0.0,0.0,0.0,0.0,0,4,1,0.0,7,2006,6,5,163990.0,7.688913336864796,3,1,0,0.6931471805599453,11,5.204006687076795,195.0,1.7597744201678696,3.2188758248682006,0.0,1,0.6931471805599453,0.6931471805599453,0,12.0075668272517
121,4.382026634673881,3,4.382026634673881,9.973619774716505,1,1,0,2,0,1,2,4,2,2,0,7,6,5,1969,1969,0,3,9,10,2,0.0,3,3,1,3,3,1,0,6.844815479208263,6,0.0,0.0,938.0,1,5,1,4,6.895682697747868,0.0,0.0,6.895682697747868,1,0.0,1,0,1,0.6931471805599453,3,4,6,2,3,1,1969.0,3,2,540,3,3,2,0.0,4.875197323201151,0.0,4.875197323201151,0.0,0.0,0,4,1,0.0,10,2006,8,4,180000.0,7.563200592358071,2,37,37,3.6375861597263857,11,5.5093883366279774,270.0,3.077937076968638,5.564520407322694,0.0,1,0.6931471805599453,0.6931471805599453,0,12.100717685412471
122,3.912023005428146,4,3.912023005428146,8.70946507906336,1,1,3,3,0,4,0,9,2,2,0,0,4,5,1939,1950,1,1,0,0,2,0.0,3,3,2,3,3,3,6,0.0,6,0.0,6.597145701886651,732.0,1,4,1,4,6.648984550024776,5.863631175598097,0.0,7.023758954738443,0,0.0,1,0,3,0.6931471805599453,3,4,6,0,0,5,1979.0,3,1,264,3,3,1,0.0,0.0,4.948759890378168,0.0,0.0,0.0,0,2,1,0.0,6,2007,8,4,100000.0,7.5256399750415355,1,68,57,3.367295829986474,9,5.637464593618552,264.0,1.685706124324917,4.948759890378168,0.0,0,0.6931471805599453,0.6931471805599453,0,11.51293546492023
123,2.995732273553991,3,4.31748811353631,9.155250405658222,1,1,3,3,0,0,0,12,2,2,0,2,6,7,1958,1958,3,1,8,8,1,4.912654885736052,3,4,1,3,3,3,1,6.3473892096560105,6,0.0,6.236369590203704,1080.0,1,4,1,4,6.984716320118266,0.0,0.0,6.984716320118266,0,0.0,1,0,3,0.6931471805599453,3,5,6,0,0,1,1958.0,3,1,288,3,3,2,0.0,0.0,0.0,0.0,4.875197323201151,0.0,0,4,1,0.0,6,2008,8,4,136000.0,7.67786350067821,1,50,50,3.9318256327243257,13,5.375278407684165,288.0,2.1705340855399573,4.875197323201151,0.0,0,0.6931471805599453,0.6931471805599453,1,11.820417517632333
124,4.787491742782046,3,4.007333185232471,8.973604867142505,1,1,3,3,0,4,0,20,2,2,4,2,6,5,1993,1993,1,1,9,10,2,0.0,4,3,2,4,3,3,2,5.707110264748875,6,0.0,6.802394763324311,1199.0,1,5,1,4,7.089243155027514,0.0,0.0,7.089243155027514,0,0.0,2,0,2,0.6931471805599453,4,5,6,0,0,1,1993.0,2,2,530,3,3,2,0.0,4.1588830833596715,0.0,0.0,0.0,0.0,0,4,1,0.0,3,2008,8,4,153900.0,7.7823903355874595,2,15,15,2.772588722239781,11,5.479805242593414,265.0,1.8843617121149918,4.1588830833596715,0.0,0,0.6931471805599453,0.6931471805599453,0,11.944064817531656
125,2.995732273553991,3,3.871201010907891,9.743494841225237,1,1,0,3,0,1,0,14,2,2,0,2,6,5,1979,1998,1,1,6,6,2,0.0,3,4,1,4,2,3,6,0.0,6,0.0,7.217443431696533,1362.0,1,3,1,4,7.368970402194793,0.0,0.0,7.368970402194793,0,0.0,2,0,3,0.6931471805599453,3,7,6,1,3,1,1979.0,3,2,435,3,3,2,5.262690188904886,0.0,0.0,0.0,0.0,0.0,0,4,1,0.0,1,2009,8,4,181000.0,7.988882253309227,2,30,11,3.4339872044851463,11,5.4230602531394805,217.5,2.374524439030443,5.262690188904886,0.0,1,0.6931471805599453,0.6931471805599453,0,12.10625783509458
126,5.247024072160486,4,4.0943445622221,8.821732380934442,1,1,3,3,0,4,0,9,2,2,1,0,6,8,1935,1982,1,1,13,14,2,0.0,3,2,1,3,3,0,2,6.19644412779452,6,0.0,3.4339872044851463,520.0,1,4,0,4,6.253828811575473,0.0,5.459585514144159,6.625392368007956,1,0.0,1,0,2,0.6931471805599453,3,5,6,0,0,6,0.0,1,0,0,0,0,0,3.9889840465642745,0.0,0.0,0.0,0.0,0.0,0,4,1,0.0,6,2006,8,4,84500.0,6.946975992135418,2,71,24,7.604396348796338,14,5.015954455573856,0.0,2.1963400129264854,3.9889840465642745,0.0,0,0.6931471805599453,0.0,0,11.344518647594766
127,4.787491742782046,3,3.1780538303479458,8.502688505213357,1,1,0,3,0,4,0,13,2,2,4,2,6,5,1976,1976,1,1,9,10,2,0.0,3,3,1,4,3,3,0,4.795790545596741,6,0.0,6.8658910748834385,1078.0,1,3,1,4,6.86484777797086,0.0,0.0,6.86484777797086,0,0.0,2,0,2,0.6931471805599453,3,5,6,1,3,1,1977.0,2,2,440,3,3,2,0.0,5.327876168789581,0.0,0.0,0.0,0.0,0,4,1,0.0,2,2007,8,4,128000.0,7.618742377670413,2,31,31,3.4339872044851463,11,5.25540986553676,220.0,1.637840727242495,5.327876168789581,0.0,1,0.6931471805599453,0.6931471805599453,0,11.759793355371237
128,3.8066624897703196,4,4.007333185232471,8.38662882139512,1,1,0,0,0,4,0,17,1,2,0,1,5,7,1930,1950,1,1,14,14,2,0.0,3,4,0,3,3,3,3,4.762173934797756,6,0.0,6.322565239927284,672.0,1,5,1,4,6.733401891837359,0.0,0.0,6.733401891837359,0,0.0,1,0,3,0.6931471805599453,3,5,6,1,3,6,0.0,1,0,0,0,0,0,0.0,0.0,0.0,0.0,0.0,0.0,0,4,1,0.0,6,2007,8,4,87000.0,7.321188556739478,1,77,57,7.60489448081162,12,5.123963979403259,0.0,1.6532269295577615,0.0,0.0,1,0.6931471805599453,0.0,0,11.373674891823535
129,4.0943445622221,3,4.23410650459726,8.934586870389676,1,1,3,3,0,4,0,12,4,2,0,5,6,5,1966,1966,1,1,12,13,1,5.58724865840025,3,3,1,3,3,3,1,6.240275845170769,6,0.0,5.003946305945459,660.0,1,3,1,4,6.492239835020471,6.535241271013659,0.0,7.206377291472252,0,0.0,1,1,3,0.6931471805599453,3,6,6,1,2,1,1966.0,2,2,453,3,3,2,5.241747015059643,4.6913478822291435,0.0,0.0,0.0,0.0,0,4,1,0.0,7,2006,8,4,155000.0,7.60489448081162,2,40,40,3.713572066704308,11,5.414617822244197,226.5,1.7282095789174232,5.6937321388027,0.0,1,0.6931471805599453,0.6931471805599453,1,11.951186847493476
130,2.995732273553991,3,4.23410650459726,9.101975347298058,1,1,3,3,0,4,0,12,2,2,0,2,5,7,1958,1991,1,1,9,10,1,4.454347296253507,3,3,1,3,3,3,5,6.342121418721152,1,3.367295829986474,6.025865973825314,1008.0,1,3,1,0,6.959398512133975,0.0,0.0,6.959398512133975,0,0.6931471805599453,1,1,3,0.6931471805599453,5,6,6,0,0,0,1998.0,2,2,750,3,3,2,0.0,4.394449154672439,0.0,5.198497031265826,0.0,0.0,0,3,1,0.0,7,2006,8,0,150000.0,7.630946580890459,3,48,15,2.1972245773362196,12,5.167639042905921,375.0,2.1425768351640824,5.564520407322694,0.0,0,0.6931471805599453,0.6931471805599453,1,11.918397239722838
131,4.0943445622221,3,4.477336814478207,9.560997243589352,1,1,3,3,0,0,0,12,2,2,0,5,7,6,1966,1966,1,1,8,8,1,5.736572297479192,3,3,1,3,3,3,5,6.100318952020064,6,0.0,6.173786103901937,924.0,1,5,1,4,7.103322062526113,6.848005274576363,0.0,7.676473646389156,0,0.0,2,1,4,0.6931471805599453,4,8,6,2,4,1,1966.0,0,2,487,3,3,2,4.663439094112067,4.204692619390966,0.0,0.0,0.0,0.0,0,0,1,0.0,5,2006,8,4,226000.0,8.033009498596668,3,40,40,3.713572066704308,13,5.597032104709321,243.5,1.8845235972001957,5.147494476813453,0.0,1,0.6931471805599453,0.6931471805599453,1,12.328294703023394
132,4.0943445622221,3,4.174387269895637,9.411156511406302,1,1,0,3,0,0,0,8,2,2,0,5,6,5,2000,2000,1,1,12,13,1,3.713572066704308,4,3,2,4,3,3,2,6.54534966033442,6,0.0,5.697093486505405,992.0,1,5,1,4,6.92951677076365,6.940222469119639,0.0,7.627544390488503,1,0.0,2,1,3,0.6931471805599453,4,7,6,1,3,3,2000.0,2,2,390,3,3,2,3.2188758248682006,3.8918202981106265,0.0,0.0,0.0,0.0,0,4,1,0.0,7,2009,8,4,244000.0,8.021584533455107,4,9,9,2.302585092994046,11,5.681634241433191,195.0,1.7836121209177982,4.290459441148391,0.0,1,0.6931471805599453,0.6931471805599453,1,12.404927602627597
133,2.995732273553991,3,4.31748811353631,8.90761234131913,1,1,3,3,0,0,0,12,2,2,0,2,5,6,1959,2002,1,1,8,8,2,0.0,3,3,1,3,3,3,5,6.0063531596017325,6,0.0,6.490723534502507,1063.0,1,4,1,4,7.190676034332207,0.0,0.0,7.190676034332207,1,0.0,1,0,3,0.6931471805599453,4,7,6,0,0,5,1974.0,3,2,624,3,3,2,0.0,0.0,0.0,0.0,0.0,0.0,0,4,1,0.0,7,2007,8,4,150750.0,7.779048644925556,2,48,5,3.5263605246161616,11,5.244765885276895,312.0,1.716936306986923,0.0,0.0,0,0.6931471805599453,0.6931471805599453,0,11.923384748066601
134,2.995732273553991,3,4.442651256490317,8.832441791585824,1,1,0,3,0,4,0,23,2,2,0,2,8,5,2001,2002,1,1,12,13,1,4.919980925828125,4,3,2,5,3,3,2,6.913737350659685,6,0.0,5.572154032177765,1267.0,1,5,1,4,7.16703787691222,0.0,0.0,7.16703787691222,1,0.0,2,0,2,0.6931471805599453,4,6,6,0,0,1,2001.0,0,2,471,3,3,2,5.262690188904886,3.258096538021482,0.0,0.0,0.0,0.0,0,4,1,0.0,6,2009,8,4,220000.0,7.848933726364071,3,8,7,2.1972245773362196,13,5.375278407684165,235.5,1.6654039146736037,5.384495062789089,0.0,0,0.6931471805599453,0.6931471805599453,1,12.301387370778713
135,2.995732273553991,3,4.356708826689592,9.24329147211587,1,1,0,3,0,4,0,19,2,2,0,2,5,6,1968,1993,1,1,9,10,2,0.0,3,3,1,3,3,3,5,6.3473892096560105,6,0.0,6.79346613258001,1461.0,1,4,1,4,7.450660796211539,0.0,0.0,7.450660796211539,0,0.0,2,1,3,0.6931471805599453,3,7,2,1,3,1,1968.0,2,2,440,3,3,2,0.0,4.574710978503383,5.198497031265826,0.0,0.0,0.0,0,2,1,0.0,7,2006,8,4,180000.0,8.065265208897733,3,38,13,3.6635616461296463,11,5.504750647156226,220.0,1.7926306759043291,5.6240175061873385,0.0,1,0.6931471805599453,0.6931471805599453,0,12.100717685412471
136,2.995732273553991,3,4.382026634673881,9.249561085129464,1,1,3,3,0,4,0,14,2,2,0,2,7,6,1970,1970,3,1,9,10,1,5.666426688112432,3,3,2,3,3,3,6,0.0,6,0.0,7.173958319756794,1304.0,1,4,1,4,7.427738840532894,0.0,0.0,7.427738840532894,0,0.0,2,0,3,0.6931471805599453,3,7,6,1,4,1,1970.0,3,2,530,3,3,2,4.59511985013459,0.0,0.0,0.0,0.0,0.0,0,2,1,0.0,5,2008,8,4,174000.0,8.001689978099135,2,38,38,3.6635616461296463,13,5.48182869147758,265.0,1.8218222445965706,4.59511985013459,0.0,1,0.6931471805599453,0.6931471805599453,1,12.066816325306588
137,2.995732273553991,3,4.290459441148391,9.245224773829685,1,1,0,3,0,0,0,12,2,2,0,2,5,5,1967,1967,1,1,8,8,1,5.2832037287379885,3,3,1,3,3,3,1,6.54534966033442,6,0.0,6.253828811575473,1214.0,1,3,1,4,7.101675971619444,0.0,0.0,7.101675971619444,0,0.0,2,0,3,0.6931471805599453,3,5,6,1,2,1,1967.0,2,1,318,3,3,2,0.0,4.718498871295094,0.0,0.0,0.0,0.0,0,4,1,0.0,7,2007,8,4,143000.0,7.794823152179389,2,40,40,3.713572066704308,10,5.492238059185343,318.0,2.143548802210241,4.718498871295094,0.0,1,0.6931471805599453,0.6931471805599453,1,11.870606902224587
138,4.499809670330265,3,4.406719247264253,9.311994025702683,1,1,3,3,0,4,0,11,2,2,2,2,7,5,1988,1989,1,1,12,13,1,4.2626798770413155,3,3,1,3,3,3,6,0.0,6,0.0,7.553810852008231,1907.0,1,4,1,4,7.580189417944541,0.0,0.0,7.580189417944541,0,0.0,3,0,5,1.0986122886681098,3,9,6,0,0,0,1989.0,3,3,766,3,3,2,0.0,0.0,0.0,0.0,0.0,0.0,0,4,1,0.0,7,2006,8,3,171000.0,8.259975659768276,3,18,17,2.8903717578961645,12,5.382964840608321,255.33333333333334,1.7318046077581417,0.0,0.0,0,0.6931471805599453,0.6931471805599453,1,12.049424683420915
139,4.0943445622221,3,4.290459441148391,9.112286431500795,1,1,0,3,0,4,0,5,2,2,0,5,8,5,1999,2000,1,1,12,13,1,5.771441123130016,4,3,2,4,3,2,2,6.505784060128229,6,0.0,5.820082930352362,1004.0,1,5,1,4,6.911747300251674,6.744059186311348,0.0,7.524021415206125,0,0.0,2,1,3,0.6931471805599453,4,7,6,2,3,1,1999.0,0,3,660,3,3,2,5.41610040220442,4.672828834461906,0.0,0.0,0.0,0.0,0,0,1,0.0,12,2008,8,4,230000.0,7.957177323459475,3,9,8,2.302585092994046,13,5.578111266150811,220.0,1.5882650162946699,5.802118375377063,0.0,1,0.6931471805599453,0.6931471805599453,1,12.345838935721968
140,4.0943445622221,3,4.174387269895637,9.643809676493944,1,1,0,3,0,4,0,5,2,2,0,5,6,5,1997,1997,1,1,12,13,2,0.0,3,3,2,4,3,3,2,6.71174039505618,6,0.0,4.68213122712422,928.0,1,5,1,4,6.833031732786201,6.729824070489475,0.0,7.475339236566737,1,0.0,2,1,3,0.6931471805599453,4,7,6,0,0,1,1997.0,2,2,470,3,3,2,5.6240175061873385,4.605170185988092,0.0,0.0,0.0,0.0,0,2,1,0.0,8,2009,8,4,231500.0,7.898039690764619,4,12,12,2.5649493574615367,11,5.529429087511423,235.0,2.1684704399272077,5.929589143389895,0.0,0,0.6931471805599453,0.6931471805599453,0,12.352339472153524
141,2.995732273553991,3,4.248495242049359,9.259130536145614,1,1,3,3,0,2,0,12,2,2,0,2,4,5,1971,1971,1,1,6,6,2,0.0,3,3,1,3,3,3,0,6.07073772800249,6,0.0,6.07073772800249,864.0,1,3,1,4,6.761572768804055,0.0,0.0,6.761572768804055,0,0.0,1,0,3,0.6931471805599453,3,5,6,1,1,6,0.0,1,0,0,0,0,2,0.0,0.0,0.0,0.0,0.0,0.0,0,4,1,0.0,4,2010,4,4,115000.0,7.454719949364001,1,39,39,7.606387389772652,9,5.152134856369956,0.0,2.497557767341559,0.0,0.0,1,0.6931471805599453,0.0,0,11.652696102959753
142,2.995732273553991,3,4.356708826689592,9.36263218231844,1,1,3,3,0,4,0,5,2,2,0,2,7,5,2005,2005,1,1,12,13,2,0.0,4,3,2,4,3,0,2,7.170888478512505,6,0.0,6.075346031088684,1734.0,1,5,1,4,7.458186157340487,0.0,0.0,7.458186157340487,1,0.0,2,0,3,0.6931471805599453,4,7,6,0,0,1,2005.0,0,2,660,3,3,2,5.081404364984463,3.2188758248682006,0.0,0.0,0.0,0.0,0,4,1,0.0,1,2006,8,4,260000.0,8.151333337900432,3,1,1,0.6931471805599453,12,5.512276008285174,330.0,1.9044460249779542,5.220355825078324,0.0,0,0.6931471805599453,0.6931471805599453,0,12.468440756144114
143,3.912023005428146,3,4.2626798770413155,9.050171619823361,1,1,3,3,0,0,0,12,0,2,0,0,5,4,1952,1952,1,1,3,14,2,0.0,3,2,1,3,3,3,5,6.230481447578482,6,0.0,6.0014148779611505,910.0,1,2,1,4,6.813444599510896,6.16541785423142,0.0,7.233455418621439,0,0.0,2,0,4,0.6931471805599453,3,6,6,0,0,5,2000.0,3,2,720,3,3,2,0.0,0.0,0.0,0.0,0.0,0.0,0,2,1,0.0,6,2010,8,4,166000.0,7.738488122494646,2,58,58,2.3978952727983707,9,5.441695949393384,360.0,1.8167162012019227,0.0,0.0,0,0.6931471805599453,0.6931471805599453,0,12.019749091416921
144,2.995732273553991,3,4.356708826689592,9.24329147211587,1,1,0,3,0,4,0,5,2,2,0,2,7,5,1999,1999,1,1,12,13,1,5.214935757608986,4,3,2,4,3,1,2,6.522092798170152,6,0.0,6.699500340161678,1490.0,1,5,1,4,7.313886831633462,0.0,0.0,7.313886831633462,1,0.0,2,0,3,0.6931471805599453,4,6,6,0,0,1,1999.0,2,2,577,3,3,2,4.976733742420574,3.4011973816621555,0.0,0.0,0.0,0.0,0,4,1,0.0,6,2009,8,4,204000.0,8.003363058629947,3,10,10,2.3978952727983707,12,5.522127362405407,288.5,1.9294046404824066,5.159055299214529,0.0,0,0.6931471805599453,0.6931471805599453,1,12.225880174775122
145,4.499809670330265,4,4.248495242049359,9.116029692504942,1,1,3,3,0,4,0,19,5,2,2,2,5,5,1963,1963,1,1,6,6,1,5.820082930352362,3,3,1,3,3,3,5,7.195187320178709,6,0.0,5.983936280687191,1728.0,1,3,1,4,7.454719949364001,0.0,0.0,7.454719949364001,1,0.0,2,0,6,1.0986122886681098,3,10,6,0,0,5,1963.0,3,2,504,3,3,2,0.0,0.0,0.0,0.0,0.0,0.0,0,4,1,0.0,11,2006,4,0,125000.0,8.147867129923947,3,43,43,3.784189633918261,10,5.152134856369956,252.0,1.6613097431409405,0.0,0.0,0,0.6931471805599453,0.6931471805599453,1,11.736077016252437
146,5.075173815233827,4,3.1780538303479458,7.8328075165248645,1,1,3,3,0,4,0,7,2,2,3,5,6,5,2004,2006,1,1,12,13,3,3.9318256327243257,4,3,2,4,3,3,6,0.0,6,0.0,6.878326468291325,970.0,1,5,1,4,6.877296071497429,6.606650186198215,0.0,7.443663683115591,0,0.0,2,0,3,0.6931471805599453,4,7,0,0,0,5,2004.0,3,2,380,3,3,2,0.0,3.713572066704308,0.0,0.0,0.0,0.0,0,4,1,0.0,4,2006,8,4,130000.0,7.893198869544609,2,2,0,1.0986122886681098,11,5.497753534060277,190.0,0.38914383340927394,3.713572066704308,0.0,0,0.6931471805599453,0.6931471805599453,1,11.775297421715827
147,3.4011973816621555,4,3.9318256327243257,8.719317375506371,1,1,3,3,0,0,0,3,2,2,0,2,5,7,1931,1993,1,1,13,14,2,0.0,3,3,0,3,3,3,1,5.3471075307174685,6,0.0,6.2285110035911835,715.0,1,3,1,0,6.774223886357614,0.0,0.0,6.774223886357614,1,0.0,1,0,2,0.6931471805599453,3,5,6,0,0,5,1931.0,3,1,180,2,3,2,3.8918202981106265,0.0,0.0,0.0,0.0,0.0,0,4,1,0.0,11,2009,8,4,105000.0,7.371489295214277,2,78,16,4.3694478524670215,12,5.1647859739235145,180.0,1.9450934891487575,3.8918202981106265,0.0,0,0.6931471805599453,0.6931471805599453,0,11.561725152903833
148,4.0943445622221,3,4.174387269895637,9.15957325492253,1,1,0,3,0,1,0,8,2,2,0,5,7,5,2001,2001,1,1,12,13,1,5.198497031265826,4,3,2,4,3,3,6,0.0,6,0.0,6.785587645007929,884.0,1,5,1,4,6.784457062637643,7.049254841255837,0.0,7.618251097876695,0,0.0,2,1,3,0.6931471805599453,4,8,6,1,4,3,2001.0,0,2,434,3,3,2,4.976733742420574,3.8918202981106265,0.0,0.0,0.0,0.0,0,4,1,0.0,5,2010,8,4,222500.0,7.978996370854115,3,9,9,2.302585092994046,12,5.53880955619686,217.0,1.5413221570458342,5.262690188904886,0.0,1,0.6931471805599453,0.6931471805599453,1,12.312686874960354
149,2.995732273553991,3,4.143134726391533,8.922658299524402,1,1,3,3,0,4,0,20,2,2,0,2,7,5,2004,2005,1,1,12,13,1,4.795790545596741,3,3,2,4,3,3,2,6.523562306149512,6,0.0,5.993961427306569,1080.0,1,5,1,4,6.984716320118266,0.0,0.0,6.984716320118266,1,0.0,1,0,3,0.6931471805599453,4,6,6,0,0,6,0.0,1,0,0,0,0,2,0.0,0.0,0.0,0.0,0.0,0.0,0,4,1,0.0,4,2008,8,4,141000.0,7.67786350067821,2,4,3,7.605392364814935,12,5.19295685089021,0.0,1.9379419794061366,0.0,0.0,0,0.6931471805599453,0.0,1,11.856522261533737
150,3.912023005428146,4,3.9512437185814275,8.738735461363474,1,1,3,3,0,4,0,3,2,2,0,0,5,4,1936,1950,1,1,8,8,2,0.0,3,3,0,4,3,3,6,0.0,6,0.0,6.799055862058796,896.0,1,4,1,0,6.79794041297493,6.1070228877422545,0.0,7.203405521083095,0,0.0,1,0,3,0.6931471805599453,3,7,6,0,0,5,1936.0,3,1,240,2,3,2,5.303304908059076,4.74493212836325,0.0,0.0,0.0,0.0,0,4,1,0.0,4,2006,8,4,115000.0,7.7142311448490855,1,70,56,4.2626798770413155,9,5.2574953720277815,240.0,1.5353299402803786,5.752572638825633,0.0,0,0.6931471805599453,0.6931471805599453,0,11.652696102959753
151,2.995732273553991,3,4.787491742782046,9.245321340871428,1,1,3,3,0,0,0,5,2,2,0,2,5,6,1975,1975,1,1,6,6,2,0.0,3,3,1,3,3,0,1,6.57507584059962,6,0.0,5.537334267018537,969.0,1,3,1,4,6.876264611890766,0.0,0.0,6.876264611890766,0,0.0,1,1,3,0.6931471805599453,3,5,6,0,0,1,1975.0,3,2,440,3,3,2,0.0,0.0,0.0,0.0,0.0,0.0,0,2,1,0.0,1,2007,8,4,122000.0,7.569411792450712,2,32,32,3.4965075614664802,11,5.266826699456666,220.0,2.369056728980662,0.0,0.0,0,0.6931471805599453,0.6931471805599453,0,11.711784520403112
152,2.995732273553991,3,4.672828834461906,9.53899642739739,1,1,3,3,0,4,0,16,2,2,0,2,8,5,2007,2008,3,1,12,13,3,6.07993319509559,4,3,2,5,3,1,2,7.244941546337007,6,0.0,5.739792912179234,1710.0,1,5,1,4,7.444248649496705,0.0,0.0,7.444248649496705,1,0.0,2,0,2,0.6931471805599453,4,6,6,1,4,1,2007.0,2,3,866,3,3,2,0.0,4.634728988229636,0.0,0.0,0.0,0.0,0,4,1,0.0,1,2008,6,5,372402.0,8.13739583005665,3,1,0,0.6931471805599453,13,5.652489180268651,288.6666666666667,2.094747777900684,4.634728988229636,0.0,1,0.6931471805599453,0.6931471805599453,1,12.827731880206521
153,4.0943445622221,3,4.382026634673881,9.602585141913492,1,1,0,3,0,1,0,14,2,2,0,5,6,5,1971,1971,1,1,6,6,1,5.53338948872752,3,3,1,3,3,3,5,6.0330862217988015,6,0.0,6.016157159698354,825.0,1,4,1,4,7.00033446027523,6.799055862058796,0.0,7.597396320212795,0,0.0,2,1,4,0.6931471805599453,3,8,6,1,4,1,1971.0,2,2,495,3,3,2,0.0,4.204692619390966,0.0,0.0,0.0,0.0,0,1,1,0.0,6,2006,8,4,190000.0,7.943782692458625,3,35,35,3.58351893845611,11,5.517954778532959,247.5,2.0051888217006972,4.204692619390966,0.0,1,0.6931471805599453,0.6931471805599453,1,12.154784614286667
154,2.995732273553991,3,4.382026634673881,9.51044496442652,1,1,3,3,0,4,0,4,2,2,0,2,6,7,1960,1975,0,1,3,10,2,0.0,3,3,1,4,3,1,1,6.063785208687608,0,6.985641817639208,4.543294782270004,1602.0,1,4,1,4,7.132497551660044,0.0,0.0,7.132497551660044,1,0.0,1,0,1,0.6931471805599453,3,4,6,1,4,1,1960.0,2,2,564,3,3,2,6.016157159698354,0.0,0.0,0.0,0.0,0.0,0,4,1,0.0,3,2008,8,4,235000.0,7.956476798036782,2,48,33,3.8918202981106265,13,5.746203190540153,282.0,2.377947412766477,6.016157159698354,0.0,1,0.6931471805599453,0.6931471805599453,0,12.367345048436391
155,3.4011973816621555,4,4.430816798843313,9.336091577281744,1,1,3,3,0,0,0,17,2,2,0,2,6,5,1923,1950,1,1,13,14,2,0.0,3,3,0,3,3,3,6,0.0,6,0.0,7.0909098220799835,1200.0,1,3,1,0,7.090076835776092,0.0,0.0,7.090076835776092,0,0.0,1,0,4,0.6931471805599453,3,7,6,0,0,5,1923.0,3,1,312,2,2,2,0.0,0.0,5.43372200355424,0.0,0.0,0.0,0,4,1,0.0,3,2006,8,3,125000.0,7.783224016336037,1,83,56,4.430816798843313,11,5.144166686720778,312.0,2.2460147415056513,5.43372200355424,0.0,0,0.6931471805599453,0.6931471805599453,0,11.736077016252437
156,3.912023005428146,3,4.0943445622221,9.169518377455928,1,1,3,3,0,0,0,7,0,2,0,0,6,5,1924,1950,1,1,13,14,2,0.0,3,3,0,3,3,3,6,0.0,6,0.0,6.35088571671474,572.0,3,2,0,1,6.349138991379798,6.263398262591624,0.0,6.999422467507961,0,0.0,1,0,2,0.6931471805599453,3,5,6,0,0,6,0.0,1,0,0,0,0,0,0.0,2.1972245773362196,4.859812404361672,0.0,0.0,0.0,0,4,1,0.0,4,2008,8,4,79000.0,7.419380582918692,1,84,58,7.605392364814935,11,5.389984555073861,0.0,2.1700959099479666,4.919980925828125,0.0,0,0.6931471805599453,0.0,0,11.277215789596893
157,2.995732273553991,3,4.0943445622221,8.881836305004146,1,1,3,3,0,4,0,12,2,2,0,2,5,7,1950,1950,3,1,13,14,2,0.0,3,3,1,0,0,4,4,0.0,4,0.0,0.0,0.0,1,3,1,1,6.946975992135418,0.0,0.0,6.946975992135418,0,0.0,1,0,2,0.6931471805599453,3,5,6,0,0,5,1950.0,3,2,625,3,3,2,0.0,0.0,0.0,0.0,0.0,0.0,0,4,1,0.0,6,2006,8,4,109500.0,6.946975992135418,1,56,56,4.04305126783455,12,5.337538079701318,312.5,1.9348603128687283,0.0,0.0,0,0.0,0.6931471805599453,0,11.603688960617083
158,4.0943445622221,3,4.5217885770490405,9.392911897525345,1,1,3,3,0,0,0,23,2,2,0,5,8,5,2009,2010,1,1,12,13,1,4.442651256490317,4,3,2,5,3,3,6,0.0,6,0.0,6.652863029353347,774.0,1,5,1,4,6.651571873589727,7.085901464365611,0.0,7.584773077612199,0,0.0,2,1,4,0.6931471805599453,5,8,6,1,4,3,2009.0,0,3,680,3,3,2,0.0,4.330733340286331,0.0,0.0,0.0,0.0,0,4,1,0.0,5,2010,6,5,269500.0,7.91644286012226,3,1,0,0.6931471805599453,13,5.5053315359323625,226.66666666666666,1.8081388199131458,4.330733340286331,0.0,1,0.6931471805599453,0.6931471805599453,1,12.504327379899443
159,4.0943445622221,1,4.605170185988092,9.437635294412868,1,1,3,3,0,0,0,21,2,2,0,5,7,5,2004,2005,1,1,12,13,2,0.0,4,3,2,4,3,3,2,5.407171771460119,6,0.0,6.646390514847729,991.0,1,5,1,4,6.898714534329988,6.863803391452954,0.0,7.5740450053721995,0,0.0,2,1,3,0.6931471805599453,4,8,6,1,4,1,2004.0,2,2,678,3,3,2,0.0,4.919980925828125,0.0,0.0,0.0,0.0,0,1,1,0.0,5,2010,8,4,254900.0,7.9854843567338225,3,6,5,1.9459101490553132,12,5.494603463692364,339.0,1.8635902890406688,4.919980925828125,0.0,1,0.6931471805599453,0.6931471805599453,0,12.448630513463613
160,4.0943445622221,3,4.897839799950911,9.87189368094495,1,1,0,1,0,0,0,8,2,2,0,5,7,5,2005,2006,1,1,12,13,1,6.124683390894205,4,3,2,4,3,2,2,4.060443010546419,6,0.0,7.197435354096591,1392.0,1,5,1,4,7.238496840894365,6.976348070447749,0.0,7.808729306744399,1,0.0,2,1,4,0.6931471805599453,4,9,6,1,4,1,2006.0,2,2,576,3,3,2,5.480638923341991,4.890349128221754,0.0,5.1298987149230735,0.0,0.0,0,4,1,0.0,3,2006,6,5,320000.0,8.256866848974312,4,1,0,0.0,12,5.611504729408179,288.0,2.0631643742005505,6.29156913955832,0.0,1,0.6931471805599453,0.6931471805599453,1,12.676079399771027
161,2.995732273553991,3,4.219507705176107,9.316500567804573,1,1,0,3,0,1,0,24,2,2,0,2,6,6,1984,1984,1,1,9,10,2,0.0,3,3,2,4,3,3,1,6.493753839851686,6,0.0,6.35088571671474,1232.0,1,3,1,4,7.116394144093465,0.0,0.0,7.116394144093465,0,0.0,2,0,3,0.6931471805599453,3,6,6,0,0,1,1984.0,3,2,516,3,3,2,0.0,0.0,0.0,0.0,0.0,0.0,0,4,1,0.0,6,2008,8,4,162500.0,7.80954132465341,2,24,24,3.2188758248682006,12,5.32463467486541,258.0,2.2001064237111083,0.0,0.0,0,0.6931471805599453,0.6931471805599453,0,11.998439434579149
162,4.0943445622221,3,4.700480365792417,9.52427481557203,1,1,0,3,0,4,0,16,2,2,0,5,9,5,2003,2004,1,1,12,13,1,6.499787040655854,4,3,2,5,3,0,2,6.92461239604856,6,0.0,6.322565239927284,1572.0,1,5,1,4,7.360103972989152,7.00033446027523,0.0,7.889084407035514,1,0.0,2,1,3,0.6931471805599453,5,10,6,2,4,3,2003.0,0,3,726,3,3,2,5.993961427306569,0.0,0.0,0.0,0.0,0.0,0,4,1,0.0,3,2008,8,4,412500.0,8.352318548226004,4,5,4,1.791759469228055,14,5.586499314041468,242.0,1.635190408536515,5.993961427306569,0.0,1,0.6931471805599453,0.6931471805599453,1,12.929993908996359
163,2.995732273553991,3,4.553876891600541,9.40771473139643,1,1,3,3,0,0,0,16,2,2,0,2,7,5,2005,2005,1,1,12,13,1,5.424950017481403,4,3,2,4,3,2,1,7.091742115095153,6,0.0,5.831882477283517,1541.0,1,5,1,4,7.340186835320115,0.0,0.0,7.340186835320115,0,0.0,2,0,3,0.6931471805599453,4,7,6,1,4,1,2005.0,2,2,532,3,3,2,0.0,4.2626798770413155,0.0,0.0,0.0,0.0,0,4,1,0.0,5,2010,6,5,220000.0,8.033334015880062,2,5,5,1.791759469228055,12,5.394276686264803,266.0,2.067527896076314,4.2626798770413155,0.0,1,0.6931471805599453,0.6931471805599453,1,12.301387370778713
164,3.8066624897703196,3,4.007333185232471,8.612503371220562,1,1,3,3,0,4,0,17,2,2,0,1,4,6,1956,1956,1,1,8,8,2,0.0,3,3,1,3,3,3,6,0.0,6,0.0,6.78332520060396,882.0,1,5,1,4,6.782192056006791,0.0,0.0,6.782192056006791,0,0.0,1,0,1,0.6931471805599453,3,4,6,0,0,6,0.0,1,0,0,0,0,2,0.0,0.0,0.0,0.0,0.0,0.0,0,2,1,0.0,4,2007,8,4,103200.0,7.475339236566737,1,51,51,7.60489448081162,10,5.395897694886901,0.0,1.8303113152137709,0.0,0.0,0,0.6931471805599453,0.0,0,11.544433821905134
165,3.6888794541139363,4,3.6888794541139363,8.594154232552366,1,2,3,3,0,0,0,17,2,2,0,2,6,7,1926,2004,1,1,8,8,2,0.0,3,4,0,3,3,2,3,5.916202062607435,6,0.0,6.659293919683638,1149.0,1,4,1,0,7.046647277848756,6.148468295917647,0.0,7.38770923908104,0,0.0,2,0,3,0.6931471805599453,4,5,6,0,0,5,1926.0,3,1,216,3,3,2,0.0,0.0,5.214935757608986,0.0,0.0,0.0,0,4,1,0.0,10,2007,8,4,152000.0,7.9247959139564355,2,81,3,4.406719247264253,13,5.77827132664694,216.0,1.206444993471325,5.214935757608986,0.0,0,0.6931471805599453,0.6931471805599453,0,11.931642378754141
166,5.247024072160486,3,4.127134385045092,9.220884585851854,1,1,3,3,0,4,0,7,2,2,1,0,5,7,1940,1999,1,1,13,14,2,0.0,3,4,0,3,3,3,0,5.863631175598097,5,5.204006687076795,4.727387818712341,644.0,1,4,1,4,6.694562058521095,6.306275286948016,0.0,7.2115567333138015,1,0.0,2,0,4,1.0986122886681098,3,6,6,0,0,6,0.0,1,0,0,0,0,2,4.948759890378168,0.0,0.0,0.0,0.0,0.0,0,4,1,0.0,9,2008,8,4,127500.0,7.6004023345004,3,68,9,7.605392364814935,12,5.419797264085746,0.0,2.0093278525380525,4.948759890378168,0.0,0,0.6931471805599453,0.0,0,11.755879486687116
167,2.995732273553991,3,4.382026634673881,9.278746404640243,1,1,0,3,0,4,0,4,2,2,0,2,5,5,1955,1993,3,1,13,14,2,0.0,4,3,1,3,3,3,3,5.940171252720432,1,6.645090969505644,6.154858094016418,1617.0,1,5,1,0,7.532088143541722,0.0,0.0,7.532088143541722,1,0.0,1,0,2,0.6931471805599453,3,7,6,3,4,1,1955.0,0,1,303,3,3,2,6.1675164908883415,0.0,0.0,0.0,4.962844630259907,0.0,0,1,1,0.0,11,2009,0,4,190000.0,8.155936337972394,2,54,16,4.007333185232471,10,5.586177994486409,303.0,1.7466582610985206,6.428105272684596,0.0,1,0.6931471805599453,0.6931471805599453,0,12.154784614286667
168,4.0943445622221,3,4.454347296253507,9.26501793326688,1,1,3,3,0,4,0,16,2,2,0,5,8,5,2007,2007,1,1,12,13,3,5.707110264748875,4,3,2,5,3,3,2,7.161622002939187,6,0.0,5.68697535633982,1582.0,1,5,1,4,7.383989457978509,6.313548046277095,0.0,7.6783263565068856,1,0.0,1,1,3,0.6931471805599453,5,8,6,1,4,1,2007.0,0,3,789,3,3,2,5.187385805840755,4.795790545596741,0.0,0.0,0.0,0.0,0,4,1,0.0,11,2007,6,5,325624.0,8.22764270790443,3,0,0,0.0,13,5.59888481482705,263.0,1.5866915767599925,5.700443573390687,0.0,1,0.6931471805599453,0.6931471805599453,1,12.693501691489768
169,4.0943445622221,3,4.127134385045092,9.01724094201035,1,1,0,3,0,4,0,8,2,2,0,5,7,5,2004,2004,1,1,12,13,2,0.0,4,3,2,4,3,3,6,0.0,6,0.0,6.734591659972948,840.0,1,5,1,4,6.733401891837359,6.78105762593618,0.0,7.450079569807499,0,0.0,2,1,3,0.6931471805599453,4,7,6,1,4,1,2004.0,0,2,440,3,3,2,4.61512051684126,3.8918202981106265,0.0,0.0,0.0,0.0,0,4,1,0.0,5,2007,8,4,183500.0,7.847762537473608,3,3,3,1.3862943611198906,12,5.504169420752185,220.0,1.567161372202851,5.003946305945459,0.0,1,0.6931471805599453,0.6931471805599453,0,12.119975396053194
170,2.995732273553991,3,4.442651256490317,9.721305985943088,1,1,0,3,0,0,0,23,2,2,0,2,8,6,1981,1981,3,6,9,10,1,6.483107351457199,4,3,1,4,3,3,6,0.0,6,0.0,7.430707082545968,1686.0,1,3,1,4,7.442492722794441,0.0,0.0,7.442492722794441,0,0.0,2,1,2,0.6931471805599453,3,6,6,1,3,1,1981.0,2,2,511,3,3,2,6.354370040797351,4.174387269895637,0.0,0.0,0.0,0.0,0,4,1,0.0,1,2006,8,4,228000.0,8.129469764784231,3,25,25,3.258096538021482,14,5.6507332535663855,255.5,2.2788132631486473,6.459904454377535,0.0,1,0.6931471805599453,0.6931471805599453,1,12.337105293891872
171,3.912023005428146,4,4.0943445622221,9.422058905620926,1,1,0,3,0,4,0,17,1,2,0,0,5,6,1941,1950,1,1,8,8,2,0.0,3,3,1,3,3,3,5,5.8888779583328805,6,0.0,5.8888779583328805,720.0,1,3,1,4,6.74993119378857,0.0,6.270988431858299,7.231287004327616,0,0.0,1,1,2,0.6931471805599453,3,7,6,0,0,5,1991.0,3,2,660,3,3,2,5.472270673671475,0.0,0.0,0.0,0.0,0.0,0,4,1,0.0,5,2007,8,4,128500.0,7.3613754289773485,2,66,57,2.833213344056216,11,5.285376855272302,330.0,2.1907719012933096,5.472270673671475,0.0,0,0.6931471805599453,0.6931471805599453,0,11.763691965388299
172,2.995732273553991,3,4.948759890378168,10.366277727263562,1,1,0,3,0,0,0,12,2,2,0,2,6,5,1960,1960,3,1,3,10,3,4.727387818712341,3,3,1,3,4,1,1,6.461468176353717,6,0.0,6.091309882077698,1080.0,1,2,1,4,7.412160334945205,0.0,0.0,7.412160334945205,1,0.0,1,0,3,0.6931471805599453,3,7,6,2,4,1,1960.0,0,2,528,3,3,1,5.351858133476067,4.143134726391533,0.0,0.0,0.0,0.0,0,4,1,0.0,5,2010,8,4,215000.0,7.914252278742441,2,50,50,3.9318256327243257,11,5.4662501858898915,264.0,2.954117392318357,5.60947179518496,0.0,1,0.6931471805599453,0.6931471805599453,1,12.278397958261774
173,5.075173815233827,3,3.784189633918261,8.576593534697684,1,1,0,3,0,4,0,22,2,2,4,5,7,7,1987,1987,1,1,6,6,2,0.0,4,4,2,4,4,3,2,6.206575926724928,5,5.375278407684165,5.872117789475416,1064.0,1,4,1,4,6.96979066990159,6.556778356158042,0.0,7.4770384723196965,1,0.0,2,0,2,0.6931471805599453,4,5,6,1,3,1,1987.0,2,2,504,4,3,2,6.091309882077698,3.58351893845611,0.0,0.0,0.0,0.0,0,4,1,0.0,6,2006,8,4,239000.0,7.9483852851118995,3,19,19,2.995732273553991,14,5.867600559885596,252.0,1.0995550623779886,6.1675164908883415,0.0,1,0.6931471805599453,0.6931471805599453,0,12.384223015005313
174,2.995732273553991,3,4.382026634673881,9.229848838364227,1,1,0,3,0,4,0,12,2,2,0,2,6,5,1961,1961,1,1,14,15,0,6.198478716492308,3,3,1,3,3,3,0,5.666426688112432,5,5.926926025970411,6.55250788703459,1362.0,1,3,1,4,7.216709486709457,0.0,0.0,7.216709486709457,1,0.0,1,1,3,0.6931471805599453,3,6,6,1,3,1,1961.0,3,2,504,3,3,2,0.0,3.044522437723423,0.0,0.0,0.0,0.0,0,4,1,0.0,6,2008,0,4,163000.0,7.909856667269403,3,47,47,3.871201010907891,11,5.424950017481403,252.0,2.0131393516547678,3.044522437723423,0.0,1,0.6931471805599453,0.6931471805599453,1,12.001511614739405
175,2.995732273553991,3,3.8501476017100584,9.426741242423,1,1,0,3,0,4,0,23,2,2,0,2,6,5,1986,1986,1,1,12,10,3,4.890349128221754,3,3,1,4,2,3,0,7.243512974665482,3,5.342334251964811,0.0,1606.0,1,3,1,4,7.409136443920128,0.0,0.0,7.409136443920128,1,0.0,2,0,3,0.6931471805599453,3,7,3,1,3,1,1986.0,0,2,616,3,3,2,5.262690188904886,0.0,0.0,0.0,0.0,0.0,0,4,1,0.0,11,2008,8,4,184000.0,8.088561805276234,3,22,22,3.1354942159291497,11,5.463226294864815,308.0,2.017604798502872,5.262690188904886,0.0,1,0.6931471805599453,0.6931471805599453,1,12.122696471358964
176,2.995732273553991,3,4.430816798843313,9.442641861075158,1,1,3,3,0,0,0,7,2,2,0,2,6,7,1950,2001,1,1,14,15,2,0.0,3,3,1,3,4,0,0,6.169610732491456,6,0.0,6.587550014824796,1202.0,1,3,1,4,7.67693714581808,0.0,0.0,7.67693714581808,1,0.0,2,0,4,0.6931471805599453,4,7,6,1,4,1,1950.0,3,2,576,3,3,2,0.0,3.4011973816621555,3.6888794541139363,0.0,0.0,0.0,0,2,1,0.0,6,2007,8,4,243000.0,8.11969625295725,3,57,6,4.060443010546419,13,5.7310269967627665,288.0,1.7657047152570782,4.23410650459726,0.0,1,0.6931471805599453,0.6931471805599453,0,12.400820837540556
177,4.0943445622221,3,4.574710978503383,9.213236175088209,1,1,0,3,0,0,0,4,2,2,0,5,6,5,1988,1989,1,1,9,10,1,5.594711379601839,4,3,2,4,3,3,2,6.723832440821209,6,0.0,5.771441123130016,1151.0,1,3,1,4,7.059617628291383,6.799055862058796,0.0,7.630461261783627,0,0.6931471805599453,2,1,4,0.6931471805599453,3,8,6,1,3,1,1988.0,3,2,521,3,3,2,0.0,5.43372200355424,0.0,0.0,5.262690188904886,0.0,0,4,1,0.0,9,2007,8,4,211000.0,8.074337694089515,4,19,18,2.995732273553991,11,5.551019720103791,260.5,1.5827749133045816,6.042632833682381,0.0,1,0.6931471805599453,0.6931471805599453,1,12.259618151783465
178,3.912023005428146,3,4.2626798770413155,9.521494800613105,1,1,3,3,0,4,0,19,2,2,0,0,5,5,1958,1958,1,1,8,8,2,0.0,4,4,1,3,3,3,0,4.060443010546419,1,6.091309882077698,6.318968113746434,1052.0,1,5,1,4,7.132497551660044,6.505784060128229,0.0,7.560080465021827,1,0.0,2,0,4,0.6931471805599453,4,8,6,1,4,1,1958.0,3,2,451,3,3,2,0.0,0.0,0.0,0.0,0.0,0.0,0,4,1,0.0,7,2006,8,4,172500.0,7.99699040583765,3,48,48,3.8918202981106265,10,5.480638923341991,225.5,1.9614143355912785,0.0,0.0,1,0.6931471805599453,0.6931471805599453,0,12.058158312538197
179,2.995732273553991,3,4.143134726391533,9.765546451422905,1,1,0,3,0,1,0,22,2,2,0,2,9,5,2008,2009,3,1,12,13,3,6.618738983517219,5,3,2,5,3,3,2,7.552237287560802,6,0.0,5.746203190540153,2216.0,1,5,1,4,7.711548979629146,0.0,0.0,7.711548979629146,1,0.0,2,0,1,0.6931471805599453,5,9,6,1,4,1,2009.0,0,3,1166,3,3,2,0.0,4.110873864173311,0.0,0.0,0.0,0.0,0,4,1,0.0,7,2009,6,5,501837.0,8.400659375160286,3,1,0,0.0,14,5.514324402292926,388.6666666666667,2.0539974717937595,4.110873864173311,0.0,1,0.6931471805599453,0.6931471805599453,1,13.126032637428713
180,3.4011973816621555,4,4.0943445622221,9.050171619823361,1,1,3,3,0,4,0,17,2,2,0,2,5,6,1923,2006,1,1,13,14,2,0.0,4,3,1,3,3,3,6,0.0,6,0.0,6.876264611890766,968.0,1,3,1,4,6.875232087276577,0.0,0.0,6.875232087276577,0,0.0,1,0,2,0.6931471805599453,3,5,6,0,0,5,1935.0,3,2,480,2,3,0,0.0,0.0,5.220355825078324,0.0,0.0,0.0,0,4,1,0.0,7,2007,8,4,100000.0,7.568379267836522,1,84,1,4.290459441148391,11,5.265794174842477,240.0,2.1749395325467846,5.220355825078324,0.0,0,0.6931471805599453,0.6931471805599453,0,11.51293546492023
181,5.075173815233827,1,4.297285406218791,7.6577552711348655,1,1,3,3,0,4,0,21,2,2,3,5,6,5,2000,2000,1,1,8,8,1,6.124683390894205,4,3,2,4,3,3,2,6.07993319509559,6,0.0,5.771441123130016,756.0,1,5,1,4,6.645090969505644,6.6293632534374485,0.0,7.329749689041512,0,0.0,2,1,3,0.6931471805599453,4,5,6,1,3,5,2000.0,3,2,440,3,3,2,0.0,0.0,0.0,0.0,0.0,0.0,0,4,1,0.0,6,2007,8,4,177000.0,7.732369222284388,3,7,7,2.0794415416798357,11,5.720311776607412,220.0,0.3280055820933532,0.0,0.0,1,0.6931471805599453,0.6931471805599453,1,12.083910661257521
182,4.248495242049359,3,3.9889840465642745,8.934323331054905,1,1,3,3,0,4,0,6,2,2,0,5,7,6,1920,1950,1,1,11,12,2,0.0,3,3,0,2,3,3,3,5.8664680569332965,6,0.0,6.091309882077698,793.0,1,4,1,4,6.803505257608338,6.804614520062624,0.0,7.496652438168283,0,0.0,1,1,4,0.6931471805599453,3,9,6,1,4,5,1920.0,3,1,216,2,3,2,0.0,0.0,3.713572066704308,0.0,0.0,0.0,0,4,1,0.0,7,2006,8,4,200100.0,7.861341795599989,2,86,56,4.465908118654584,13,5.299427860832064,216.0,1.4376708928866215,3.713572066704308,0.0,1,0.6931471805599453,0.6931471805599453,0,12.206577518060588
183,2.995732273553991,3,4.0943445622221,9.111624399037025,1,1,3,3,0,4,0,7,0,2,0,2,5,6,1957,2006,3,1,13,14,1,4.59511985013459,3,3,2,0,0,4,4,0.0,4,0.0,0.0,0.0,1,5,1,4,7.200424892944957,0.0,0.0,7.200424892944957,0,0.0,1,0,3,0.6931471805599453,3,7,6,1,4,1,1957.0,2,1,252,3,3,2,4.762173934797756,0.0,0.0,5.198497031265826,0.0,0.0,0,2,1,0.0,6,2007,8,4,120000.0,7.200424892944957,1,50,1,3.9318256327243257,11,5.254514743889644,252.0,1.911199506092068,5.6937321388027,0.0,1,0.0,0.6931471805599453,1,11.695255355062795
184,3.912023005428146,4,4.143134726391533,9.343646739284408,1,1,3,3,0,4,0,17,2,2,0,0,7,5,2003,2003,1,1,12,13,2,0.0,3,3,2,4,3,3,6,0.0,6,0.0,7.217443431696533,1362.0,1,5,1,4,7.216709486709457,6.580639137284949,0.0,7.641084249174914,0,0.0,2,1,3,0.6931471805599453,4,6,4,0,0,5,2003.0,3,2,484,3,3,0,5.638354669333745,5.476463551931511,0.0,0.0,0.0,0.0,0,4,1,0.0,6,2008,8,4,200000.0,8.144388865547622,3,5,5,1.791759469228055,12,5.849324779946859,242.0,1.7025624901094938,6.251903883165888,0.0,0,0.6931471805599453,0.6931471805599453,0,12.206077645517674
185,3.912023005428146,3,4.5217885770490405,8.914357274485015,1,1,0,3,0,4,0,3,6,1,0,0,5,8,1908,1991,1,1,0,10,2,0.0,3,3,2,2,3,3,6,0.0,6,0.0,6.22455842927536,504.0,1,4,1,4,6.841615476477592,5.75890177387728,0.0,7.132497551660044,0,0.0,1,0,3,0.6931471805599453,3,5,6,0,0,1,1986.0,3,2,576,3,3,2,4.653960350157523,0.0,0.0,0.0,0.0,0.0,0,2,1,0.0,6,2006,8,4,127000.0,7.470793774195062,1,98,15,3.044522437723423,13,5.523059639225943,288.0,1.7818597228249715,4.653960350157523,0.0,0,0.6931471805599453,0.6931471805599453,0,11.751950239425476
186,4.31748811353631,4,4.499809670330265,10.04107321548869,1,1,1,3,0,4,0,17,0,2,0,3,10,9,1892,1993,1,7,13,14,2,0.0,4,4,0,3,3,2,6,0.0,6,0.0,7.010311867307229,1107.0,1,5,1,4,7.325148957955575,7.325807502595773,6.35088571671474,8.190908881182514,0,0.0,2,1,4,0.6931471805599453,5,12,6,2,3,5,1993.0,3,3,840,5,3,2,0.0,5.564520407322694,0.0,0.0,6.018593214496234,0.0,0,0,1,0.0,6,2006,8,4,475000.0,8.329175442077402,3,114,13,2.6390573296152584,19,5.706002231394514,280.0,1.850164334306177,6.508769136971682,0.0,1,0.6931471805599453,0.6931471805599453,0,13.07107218827772
187,4.382026634673881,3,4.290459441148391,9.205026277152413,1,1,0,3,0,1,0,11,2,2,0,7,7,5,1990,1991,1,1,6,6,2,0.0,3,3,2,4,3,0,2,6.416732282512326,6,0.0,6.359573868672378,1188.0,1,5,1,4,7.104144092987527,0.0,0.0,7.104144092987527,1,0.0,2,0,3,0.6931471805599453,4,6,6,0,0,1,1990.0,3,2,497,3,3,2,5.1298987149230735,3.332204510175204,0.0,0.0,0.0,0.0,0,0,1,0.0,6,2009,8,4,173000.0,7.785305182539862,3,19,18,2.995732273553991,12,5.312384623759472,248.5,2.100882184164887,5.278114659230517,0.0,0,0.6931471805599453,0.6931471805599453,0,12.06105265381003
188,3.912023005428146,3,4.0943445622221,9.250522161609014,1,1,3,3,0,4,0,17,2,2,0,0,5,7,1916,1987,1,1,6,6,2,0.0,3,3,1,2,3,3,6,0.0,6,0.0,6.493753839851686,660.0,1,5,1,4,6.694562058521095,6.558197802812269,4.976733742420574,7.412160334945205,0,0.0,2,1,3,0.6931471805599453,3,8,3,0,0,5,1916.0,3,1,180,2,2,0,0.0,0.0,0.0,4.948759890378168,0.0,0.0,0,2,1,0.0,8,2009,8,4,135000.0,7.683403681053826,3,93,22,4.543294782270004,12,5.332718793265369,180.0,1.8383618266638095,4.948759890378168,0.0,0,0.6931471805599453,0.6931471805599453,0,11.813037464800539
189,4.499809670330265,3,4.1588830833596715,8.85623355614316,1,1,3,0,0,4,0,20,1,2,2,6,5,5,1979,1979,1,1,9,10,3,5.62040086571715,3,3,1,4,3,0,2,6.99117688712121,6,0.0,0.0,1086.0,1,3,1,4,7.1098794630722715,0.0,0.0,7.1098794630722715,2,0.0,0,2,2,1.0986122886681098,3,6,6,2,3,5,1979.0,3,2,528,3,3,2,4.795790545596741,0.0,0.0,0.0,0.0,0.0,0,4,1,0.0,6,2009,8,2,153337.0,7.745002803515839,4,30,30,3.4339872044851463,10,5.318119993844216,264.0,1.746354093070889,4.795790545596741,0.0,1,0.6931471805599453,0.6931471805599453,1,11.940399914116648
190,4.787491742782046,3,3.713572066704308,8.5016733797582,1,1,3,3,0,4,0,22,2,2,4,2,8,5,2001,2002,1,1,5,5,2,0.0,4,3,2,5,3,0,2,7.050989447068045,6,0.0,6.089044875446846,1593.0,1,5,1,4,7.373374309910049,0.0,0.0,7.373374309910049,1,0.0,1,1,0,0.6931471805599453,5,5,6,1,4,1,2001.0,0,2,682,3,3,2,0.0,4.795790545596741,0.0,0.0,5.41610040220442,0.0,0,4,1,0.0,8,2008,8,4,286000.0,8.066521490469993,3,7,6,2.0794415416798357,13,5.763936397475948,341.0,1.128299069848152,5.84354441703136,0.0,1,0.6931471805599453,0.6931471805599453,0,12.563750586299374
191,4.248495242049359,3,4.248495242049359,9.265775078864284,1,1,3,0,0,4,1,6,2,2,0,5,8,8,1932,1994,3,1,3,3,2,0.0,4,3,1,4,4,3,5,5.697093486505405,6,0.0,6.322565239927284,853.0,1,3,1,4,7.3453648404168685,7.072421900537371,0.0,7.910957382845589,0,0.0,2,1,3,0.6931471805599453,4,10,0,2,3,5,1932.0,3,2,440,3,3,2,0.0,4.31748811353631,0.0,0.0,0.0,0.0,0,4,1,0.0,12,2007,8,4,315000.0,8.183118079394745,3,75,13,4.330733340286331,16,5.608372289851543,220.0,1.3548176960186948,4.31748811353631,0.0,1,0.6931471805599453,0.6931471805599453,0,12.660331092405906
192,4.0943445622221,3,4.290459441148391,8.918917979908679,1,1,0,3,0,1,0,12,2,2,0,5,7,9,1972,2004,1,1,6,6,1,4.9344739331306915,3,3,1,3,3,3,0,6.440946540632921,6,0.0,4.605170185988092,725.0,1,4,1,4,6.586171654854675,6.626717749249025,0.0,7.2991214627108,1,0.0,1,1,4,0.6931471805599453,4,7,6,0,0,1,1972.0,0,2,484,3,3,2,0.0,3.4965075614664802,0.0,0.0,0.0,0.0,0,4,1,0.0,6,2007,8,4,184000.0,7.698029170272805,3,35,3,3.58351893845611,16,5.353211313655486,242.0,1.6197965171978788,3.4965075614664802,0.0,0,0.6931471805599453,0.6931471805599453,1,12.122696471358964
193,2.995732273553991,3,4.219507705176107,9.106866963499908,1,1,0,3,0,4,0,5,2,2,0,2,7,5,1999,1999,1,1,12,13,2,0.0,4,3,2,4,3,0,2,6.329720905522696,6,0.0,6.77078942390898,1431.0,1,5,1,4,7.266128779556451,0.0,0.0,7.266128779556451,1,0.0,2,0,3,0.6931471805599453,4,6,6,0,0,1,1999.0,0,2,666,3,3,2,0.0,3.58351893845611,0.0,0.0,0.0,0.0,0,4,1,0.0,9,2009,8,4,192000.0,7.959275960116396,3,10,10,2.3978952727983707,12,5.474369310328396,333.0,1.8407381839434558,3.58351893845611,0.0,0,0.6931471805599453,0.6931471805599453,0,12.165255859329688
194,5.075173815233827,4,3.1780538303479458,7.8328075165248645,1,1,3,3,0,4,0,7,2,2,3,5,7,5,2004,2004,1,1,12,13,3,3.9318256327243257,4,3,2,4,3,3,6,0.0,6,0.0,6.878326468291325,970.0,1,5,1,4,6.877296071497429,6.606650186198215,0.0,7.443663683115591,0,0.0,2,0,3,0.6931471805599453,4,7,0,0,0,5,2004.0,3,2,380,3,3,2,0.0,3.713572066704308,0.0,0.0,0.0,0.0,0,4,1,0.0,5,2006,8,4,130000.0,7.893198869544609,2,2,2,1.0986122886681098,12,5.497753534060277,190.0,0.38914383340927394,3.713572066704308,0.0,0,0.6931471805599453,0.6931471805599453,1,11.775297421715827
195,2.995732273553991,3,4.0943445622221,8.87905466204227,1,1,0,3,0,4,0,5,2,2,0,2,5,7,1972,1972,3,1,6,6,2,0.0,3,3,1,3,3,0,0,5.968707559985366,6,0.0,6.163314804034641,864.0,1,3,1,4,6.761572768804055,0.0,0.0,6.761572768804055,0,0.0,1,0,3,0.6931471805599453,3,5,6,0,0,5,1989.0,3,1,352,3,3,2,0.0,0.0,0.0,0.0,0.0,0.0,0,4,1,0.0,5,2008,8,4,127000.0,7.454719949364001,1,36,36,2.995732273553991,12,5.152134856369956,352.0,2.1174818932382142,0.0,0.0,0,0.6931471805599453,0.6931471805599453,0,11.751950239425476
196,5.075173815233827,3,3.1780538303479458,7.731930721948486,1,1,3,3,0,2,0,13,2,2,3,5,6,6,1976,1976,1,1,9,2,2,0.0,3,3,1,4,3,3,0,6.340359303727752,6,0.0,5.66988092298052,855.0,1,3,1,4,6.75110146893676,6.400257445308821,0.0,7.283448228756631,0,0.0,2,1,3,0.6931471805599453,3,7,6,1,3,1,1976.0,3,2,440,3,3,2,4.477336814478207,0.0,0.0,0.0,0.0,0.0,0,4,1,0.0,7,2009,8,4,148500.0,7.745435610274381,3,33,33,3.5263605246161616,12,5.337538079701318,220.0,0.4484824931918552,4.477336814478207,0.0,1,0.6931471805599453,0.6931471805599453,0,11.908346971208951
197,2.995732273553991,3,4.3694478524670215,9.150165648940114,1,1,3,3,0,4,0,21,2,2,0,2,7,5,2007,2007,3,1,5,5,3,5.327876168789581,5,3,2,5,3,3,2,7.027314514039777,6,0.0,6.398594934535208,1726.0,1,5,1,4,7.453561871643373,0.0,0.0,7.453561871643373,1,0.0,2,0,3,0.6931471805599453,5,8,6,1,4,1,2007.0,0,3,786,3,3,2,5.147494476813453,4.9344739331306915,0.0,0.0,5.58724865840025,0.0,0,4,1,0.0,9,2007,6,5,311872.0,8.146709052203319,3,0,0,0.0,12,5.374120329963537,262.0,1.6966037772967393,6.3561076606958915,0.0,1,0.6931471805599453,0.6931471805599453,1,12.650351332641707
198,4.31748811353631,3,5.159055299214529,10.143252204866574,1,1,3,3,0,0,0,12,0,2,0,5,8,4,1918,1990,1,1,11,12,2,0.0,4,4,2,3,3,3,2,6.9440872082295275,3,5.220355825078324,4.948759890378168,1360.0,1,4,1,4,7.215239978730097,7.215975002651466,5.973809611869261,8.043020885298283,1,0.6931471805599453,2,0,4,0.6931471805599453,4,8,6,1,5,5,1918.0,3,2,795,3,3,2,0.0,2.833213344056216,6.315358001522335,0.0,0.0,6.240275845170769,5,0,1,0.0,3,2006,8,0,235000.0,8.313852267398207,4,88,16,4.48863636973214,12,5.963579343618446,397.5,2.1002313195682913,6.343880434126331,0.6931471805599453,1,0.6931471805599453,0.6931471805599453,0,12.367345048436391
199,4.31748811353631,4,4.5217885770490405,8.616133139271142,1,1,3,3,0,0,0,17,2,2,0,3,6,6,1912,1950,1,1,13,14,2,0.0,3,3,1,3,3,3,6,0.0,6,0.0,6.628041376179533,755.0,1,5,1,4,6.834108738813838,6.835184586147301,5.918893854273146,7.709308333385869,0,0.0,1,0,5,0.6931471805599453,3,8,6,0,0,6,0.0,1,0,0,0,0,2,0.0,5.293304824724492,3.4339872044851463,0.0,0.0,0.0,0,2,1,0.0,7,2009,8,0,104000.0,7.868254265520613,1,97,59,7.605890001053122,12,5.629866791706033,0.0,0.9068248058852723,5.43372200355424,0.0,0,0.6931471805599453,0.0,0,11.552155793461898
200,2.995732273553991,3,4.330733340286331,9.16858043772795,1,1,3,3,0,4,0,16,2,2,0,2,8,5,2004,2005,3,1,12,13,1,5.572154032177765,4,3,2,5,3,0,2,6.9930151229329605,6,0.0,6.439350371100098,1713.0,1,5,1,4,7.44600149832412,0.0,0.0,7.44600149832412,1,0.0,2,0,3,0.6931471805599453,5,7,6,1,4,1,2004.0,0,3,856,3,3,2,0.0,3.295836866004329,0.0,0.0,5.14166355650266,0.0,0,4,1,0.0,1,2009,8,4,274900.0,8.139148678884066,3,5,4,1.791759469228055,13,5.500091349268807,285.3333333333333,1.722578939403831,5.2832037287379885,0.0,1,0.6931471805599453,0.6931471805599453,1,12.524166311833152
201,2.995732273553991,4,4.382026634673881,9.05321861620397,1,1,3,3,0,0,0,7,2,2,0,2,4,5,2003,2004,1,1,12,13,2,0.0,3,3,2,4,3,3,6,0.0,6,0.0,7.022868086082641,1121.0,1,5,1,4,7.02197642307216,0.0,0.0,7.02197642307216,0,0.0,2,0,2,0.6931471805599453,3,5,6,0,0,1,2003.0,2,2,440,3,3,2,4.890349128221754,4.174387269895637,0.0,0.0,0.0,0.0,0,4,1,0.0,3,2010,8,4,140000.0,7.715123603632105,2,7,6,2.0794415416798357,9,5.4125385106380595,220.0,2.0312421931318103,5.2832037287379885,0.0,0,0.6931471805599453,0.6931471805599453,0,11.849404844423074
202,2.995732273553991,3,4.31748811353631,9.22276289197474,1,1,3,3,0,4,0,11,2,2,0,2,6,6,1977,1977,1,1,9,10,2,0.0,3,3,1,3,3,3,0,6.464588303689961,3,5.634789603169249,5.6240175061873385,1196.0,1,3,1,4,7.153833801578843,0.0,0.0,7.153833801578843,0,0.6931471805599453,2,0,3,0.6931471805599453,3,6,6,2,2,5,1980.0,3,2,473,3,3,2,5.476463551931511,4.430816798843313,0.0,0.0,0.0,0.0,0,2,1,0.0,2,2008,8,4,171500.0,7.813995675002791,3,31,31,3.367295829986474,12,5.362074332350788,236.5,2.0689290903958972,5.7745515455444085,0.0,1,0.6931471805599453,0.6931471805599453,0,12.052344376474922
203,3.912023005428146,3,3.912023005428146,8.85366542803745,1,1,3,3,0,0,0,17,0,2,0,0,6,6,1924,1950,1,1,8,8,2,0.0,3,4,0,2,3,3,3,6.42648845745769,6,0.0,0.0,617.0,1,4,1,4,6.762729506931879,6.100318952020064,0.0,7.177782416195197,0,0.0,2,0,2,0.6931471805599453,3,6,2,0,0,1,1924.0,3,1,398,3,3,2,0.0,0.0,4.844187086458591,0.0,0.0,0.0,0,4,1,0.0,5,2006,0,4,112000.0,7.563719668414366,2,82,56,4.418840607796598,12,5.386022946967143,398.0,1.675883011842253,4.844187086458591,0.0,0,0.6931471805599453,0.6931471805599453,0,11.626263078808801
204,4.787491742782046,4,4.248495242049359,8.39795910349254,1,1,3,3,0,4,0,5,2,2,4,2,6,5,2004,2004,1,1,12,13,1,5.327876168789581,4,3,2,4,3,0,2,6.4967749901858625,6,0.0,5.231108616854587,848.0,1,5,1,4,6.742880635791903,0.0,0.0,6.742880635791903,1,0.0,1,0,1,0.6931471805599453,4,3,6,1,4,1,2004.0,2,2,420,3,3,2,5.0106352940962555,0.0,0.0,0.0,0.0,0.0,0,4,1,0.0,1,2008,8,4,149000.0,7.4360278163518485,2,4,4,1.6094379124341003,11,5.644268347123793,210.0,1.655078467700636,5.0106352940962555,0.0,1,0.6931471805599453,0.6931471805599453,1,11.91170829631447
205,3.912023005428146,4,3.912023005428146,8.160518247477505,1,0,3,3,0,4,0,17,2,2,0,0,5,7,1947,1950,1,1,0,0,2,0.0,3,3,1,3,3,3,3,5.746203190540153,6,0.0,6.013715156042802,720.0,1,3,1,4,6.579251212010101,6.336825731146441,0.0,7.157735484249907,0,0.0,1,1,2,0.6931471805599453,3,5,6,0,0,5,1948.0,3,1,240,3,3,2,0.0,3.58351893845611,0.0,0.0,0.0,0.0,0,3,1,0.0,4,2009,8,4,110000.0,7.602900462204755,2,62,59,4.127134385045092,12,5.548297571815806,240.0,1.0027827632275985,3.58351893845611,0.0,0,0.6931471805599453,0.6931471805599453,0,11.608244735642321
206,2.995732273553991,3,4.59511985013459,9.380167531188448,1,1,3,3,0,0,0,8,2,2,0,2,7,5,1990,1990,1,1,6,6,2,0.0,3,3,2,4,3,3,6,0.0,6,0.0,7.261927092702751,1424.0,1,5,1,4,7.273786317844895,0.0,0.0,7.273786317844895,0,0.0,2,0,3,0.6931471805599453,3,5,6,0,0,1,1990.0,2,2,500,3,3,2,0.0,3.5553480614894135,0.0,6.2324480165505225,0.0,0.0,0,4,1,0.0,5,2009,8,4,180500.0,7.960672608388117,2,19,19,2.995732273553991,12,5.664348405410794,250.0,2.106381213343554,6.297109319933935,0.0,0,0.6931471805599453,0.6931471805599453,0,12.103491596905931
207,2.995732273553991,3,3.6888794541139363,9.523178364309082,1,1,0,3,0,1,0,19,5,2,0,2,5,5,1962,1962,1,1,6,6,2,0.0,3,4,1,3,3,3,6,0.0,6,0.0,7.039660349862076,1140.0,1,3,1,4,7.4360278163518485,0.0,0.0,7.4360278163518485,0,0.0,1,1,3,0.6931471805599453,3,8,3,1,3,1,1962.0,2,1,349,3,3,2,0.0,3.4339872044851463,0.0,0.0,0.0,0.0,0,4,1,0.0,3,2007,8,4,143900.0,7.950149887652018,2,45,45,3.828641396489095,10,5.356586274672012,349.0,2.087150547957233,3.4339872044851463,0.0,1,0.6931471805599453,0.6931471805599453,0,11.87688084212164
208,2.995732273553991,3,4.290459441148391,9.432923766431829,1,1,0,3,0,4,0,12,2,2,0,2,4,5,1960,1960,1,1,13,14,2,0.0,3,3,2,3,3,3,0,6.040254711277414,5,5.726847747587197,5.929589143389895,1100.0,1,3,1,4,7.003065458786462,0.0,0.0,7.003065458786462,1,0.0,1,0,3,0.6931471805599453,3,6,6,1,1,1,1960.0,2,1,312,3,3,2,5.87493073085203,0.0,0.0,0.0,0.0,0.0,0,1,1,0.0,4,2008,8,4,141000.0,7.696212639346407,2,48,48,3.8918202981106265,9,5.211305989558407,312.0,2.4298583076453673,5.87493073085203,0.0,1,0.6931471805599453,0.6931471805599453,0,11.856522261533737
209,4.0943445622221,3,4.197201947661808,9.572480355345974,1,1,0,2,0,4,1,20,2,2,0,5,7,5,1988,1989,1,1,9,10,1,4.859812404361672,4,3,1,4,3,1,2,6.97166860472579,6,0.0,4.532599493153256,1157.0,1,5,1,4,7.07326971745971,6.78332520060396,0.0,7.631431664576906,1,0.0,2,1,3,0.6931471805599453,3,7,6,1,4,1,1988.0,0,2,454,3,3,2,4.110873864173311,4.02535169073515,0.0,0.0,5.043425116919247,0.0,0,4,1,0.0,4,2007,8,4,277000.0,8.076826031298808,4,19,18,2.995732273553991,12,5.685521515521592,227.0,1.9410486907690683,5.598421958998375,0.0,1,0.6931471805599453,0.6931471805599453,1,12.531776395271262
210,2.995732273553991,3,4.31748811353631,9.017968479328726,1,1,3,3,0,4,0,12,2,2,0,2,6,7,1964,1964,3,1,6,6,3,5.564520407322694,3,3,1,4,3,3,5,6.669498089857879,6,0.0,5.723585101952381,1092.0,1,5,1,4,6.9957661563048505,0.0,0.0,6.9957661563048505,1,0.0,1,0,3,0.6931471805599453,3,6,6,0,0,1,1964.0,2,2,504,3,4,2,0.0,0.0,0.0,0.0,0.0,0.0,0,2,1,0.0,7,2008,8,4,145000.0,7.688913336864796,2,44,44,3.8066624897703196,13,5.204006687076795,252.0,2.022202323023876,0.0,0.0,0,0.6931471805599453,0.6931471805599453,1,11.884495917930655
211,3.4011973816621555,3,4.204692619390966,8.631235907456897,1,1,3,3,0,4,0,7,2,2,0,2,5,6,1925,1950,1,1,11,12,2,0.0,3,3,1,3,3,3,5,6.150602768446279,6,0.0,5.983936280687191,864.0,1,3,0,0,6.761572768804055,0.0,0.0,6.761572768804055,1,0.0,1,0,2,0.6931471805599453,3,5,6,0,0,6,0.0,1,0,0,0,0,2,0.0,0.0,4.574710978503383,0.0,0.0,0.0,0,4,1,0.0,4,2008,8,4,98000.0,7.454719949364001,2,83,58,7.605392364814935,11,5.152134856369956,0.0,1.869663138652842,4.574710978503383,0.0,0,0.6931471805599453,0.0,0,11.49273296168228
212,2.995732273553991,3,4.418840607796598,9.251482315307358,1,1,3,3,0,0,0,7,2,2,0,2,6,5,2009,2009,1,1,12,13,2,0.0,3,3,2,4,3,2,2,3.6109179126442243,6,0.0,7.0707241072602764,1212.0,1,5,1,4,7.10002716662926,0.0,0.0,7.10002716662926,0,0.0,2,0,3,0.6931471805599453,4,6,6,0,0,1,2009.0,2,2,460,3,3,2,4.61512051684126,3.1354942159291497,0.0,0.0,0.0,0.0,0,4,1,0.0,3,2010,8,4,186000.0,7.793174347189205,2,1,1,0.6931471805599453,11,5.308267697401205,230.0,2.151455148678098,4.812184355372417,0.0,0,0.6931471805599453,0.6931471805599453,0,12.133507329024972
213,4.0943445622221,1,4.276666119016055,9.064157861798101,1,1,3,3,0,4,0,21,2,2,0,5,7,5,2009,2009,1,1,12,13,2,0.0,3,3,2,4,3,3,2,6.71295620067707,6,0.0,4.3694478524670215,900.0,1,5,1,4,6.837332814685591,6.825460036255307,0.0,7.524021415206125,1,0.0,2,1,3,0.6931471805599453,4,7,6,1,3,1,2009.0,2,2,644,3,3,2,5.1298987149230735,4.6913478822291435,0.0,0.0,0.0,0.0,0,4,1,0.0,7,2009,6,5,252678.0,7.920083199053234,4,0,0,0.0,12,5.578111266150811,322.0,1.5401364465919767,5.6240175061873385,0.0,1,0.6931471805599453,0.6931471805599453,0,12.439875187430008
214,2.995732273553991,3,3.7612001156935624,9.515469358031684,1,1,1,3,0,1,0,5,2,2,0,2,5,5,1995,1995,1,1,12,13,2,0.0,3,3,2,4,3,3,0,6.57507584059962,6,0.0,5.616771097666572,990.0,1,5,1,4,6.897704943128636,0.0,0.0,6.897704943128636,0,0.6931471805599453,1,0,3,0.6931471805599453,3,5,6,0,0,1,1996.0,3,2,576,3,3,2,5.41610040220442,0.0,0.0,0.0,0.0,0.0,0,4,1,0.0,7,2006,8,4,156000.0,7.590852123688581,2,11,11,2.3978952727983707,10,5.288267030694535,288.0,2.6177644149030486,5.41610040220442,0.0,0,0.6931471805599453,0.6931471805599453,0,11.957617696467539
215,4.0943445622221,3,4.248495242049359,9.296518068217235,1,1,0,3,0,2,0,5,2,2,0,5,6,7,1977,1977,1,1,6,6,1,5.0369526024136295,3,3,1,4,3,3,2,5.937536205082426,6,0.0,5.7430031878094825,689.0,1,5,1,4,6.535241271013659,6.556778356158042,0.0,7.238496840894365,0,0.0,1,1,3,0.6931471805599453,3,6,6,0,0,1,1977.0,0,1,299,3,3,2,0.0,3.6109179126442243,0.0,0.0,0.0,0.0,0,2,3,6.111467339502679,3,2010,8,4,161750.0,7.640603826393634,2,33,33,3.5263605246161616,13,5.44673737166631,299.0,2.05802122732287,3.6109179126442243,0.0,0,0.6931471805599453,0.6931471805599453,1,11.993813394724253
216,2.995732273553991,3,4.276666119016055,9.211439767419483,1,1,0,3,0,4,0,12,2,2,0,2,5,6,1957,1996,1,1,6,6,1,4.174387269895637,3,3,1,3,3,3,1,5.8888779583328805,6,0.0,6.566672429803241,1070.0,1,3,1,4,7.119635638017636,0.0,0.0,7.119635638017636,0,0.6931471805599453,1,0,2,0.6931471805599453,4,6,2,1,2,1,1957.0,3,1,447,3,3,2,0.0,0.0,0.0,0.0,0.0,0.0,0,2,1,0.0,5,2006,8,4,134450.0,7.743269700829004,2,49,10,3.912023005428146,11,5.327876168789581,447.0,2.0918041294018477,0.0,0.0,1,0.6931471805599453,0.6931471805599453,1,11.808955099378537
217,2.995732273553991,3,4.174387269895637,9.041921720351219,1,1,3,3,0,4,0,5,2,2,0,2,7,5,2004,2004,1,1,12,13,1,5.58724865840025,4,3,2,4,3,2,2,6.853299093186078,6,0.0,6.19644412779452,1436.0,1,5,1,4,7.269616749608169,0.0,0.0,7.269616749608169,1,0.0,2,0,3,0.6931471805599453,4,8,6,0,0,1,2004.0,3,2,484,3,3,2,4.941642422609304,4.59511985013459,0.0,0.0,0.0,0.0,0,4,1,0.0,4,2008,8,4,210000.0,7.962763930168115,3,4,4,1.6094379124341003,12,5.190175207928333,242.0,1.77230497074305,5.472270673671475,0.0,0,0.6931471805599453,0.6931471805599453,1,12.25486757159303
218,4.248495242049359,4,4.04305126783455,9.200895913148184,1,0,3,3,0,4,0,17,2,2,0,5,4,4,1925,1950,1,1,8,8,2,0.0,3,3,1,3,3,3,6,0.0,6,0.0,6.532334292222349,686.0,1,2,0,4,6.697034247666484,6.251903883165888,0.0,7.191429330036379,0,0.0,1,0,3,0.6931471805599453,3,8,6,0,0,5,1940.0,3,1,210,3,3,2,0.0,5.153291594497779,4.110873864173311,0.0,0.0,0.0,0,4,1,0.0,9,2006,8,3,107000.0,7.607878073278507,1,81,56,4.204692619390966,8,5.111987788356544,210.0,2.009466583111804,5.4510384535657,0.0,0,0.6931471805599453,0.6931471805599453,0,11.580593459194764
219,3.912023005428146,3,4.30406509320417,9.658864969544794,1,1,0,3,0,0,0,6,2,2,0,0,7,9,1939,2006,1,1,12,13,1,5.746203190540153,4,4,1,3,3,3,1,5.834810737062605,6,0.0,6.126869184114185,798.0,1,5,1,4,7.036148493750536,6.706862336602747,0.0,7.577633832602728,0,0.6931471805599453,1,1,3,0.6931471805599453,4,8,6,2,3,1,1939.0,3,2,431,3,3,2,0.0,4.787491742782046,5.017279836814924,0.0,0.0,0.0,0,4,1,0.0,5,2008,8,4,311500.0,7.920083199053234,3,69,2,4.248495242049359,16,5.498192290922892,215.5,2.081231136942066,5.598421958998375,0.0,1,0.6931471805599453,0.6931471805599453,1,12.649157827477366
220,4.787491742782046,3,3.7612001156935624,8.009695357742922,1,1,3,3,0,4,0,0,2,2,4,2,7,5,2005,2006,1,1,12,13,1,2.833213344056216,4,3,2,4,3,0,2,2.833213344056216,6,0.0,7.117205503164344,1248.0,1,5,1,4,7.129297548929373,0.0,0.0,7.129297548929373,0,0.0,2,0,2,0.6931471805599453,4,5,6,0,0,1,2005.0,0,2,438,3,3,2,4.6913478822291435,0.0,0.0,0.0,0.0,0.0,0,4,1,0.0,3,2006,6,5,167240.0,7.822444729489319,2,1,0,0.6931471805599453,12,5.519859636495273,219.0,0.8803978088135485,4.6913478822291435,0.0,0,0.6931471805599453,0.6931471805599453,1,12.027191164883384
221,2.995732273553991,3,4.290459441148391,9.103868127465667,1,1,0,3,0,4,0,5,2,2,0,2,7,5,2006,2006,1,1,12,13,2,0.0,4,3,2,4,3,2,6,0.0,6,0.0,7.312553498102598,1498.0,1,5,1,4,7.311886164077165,0.0,0.0,7.311886164077165,0,0.0,2,0,2,0.6931471805599453,4,5,6,0,0,1,2006.0,2,2,675,3,3,2,5.863631175598097,3.5263605246161616,0.0,0.0,0.0,0.0,0,4,1,0.0,4,2006,6,5,204900.0,8.005033344637111,2,0,0,0.0,12,5.702448251643064,337.5,1.791981963388501,5.953243334287785,0.0,0,0.6931471805599453,0.6931471805599453,0,12.230282214644559
222,4.0943445622221,3,4.174387269895637,8.995660899074103,1,1,0,3,0,4,0,8,2,2,0,5,6,5,2002,2002,1,1,12,13,2,0.0,4,3,2,4,3,3,6,0.0,6,0.0,6.918695219020472,1010.0,1,5,1,4,6.917705609835305,7.1372784372603855,0.0,7.726212650507529,0,0.0,2,1,4,0.6931471805599453,4,8,6,1,3,3,2002.0,2,2,390,3,3,2,4.795790545596741,3.8501476017100584,0.0,0.0,0.0,0.0,0,4,1,0.0,12,2009,4,4,200000.0,8.094683648698815,3,7,7,2.0794415416798357,11,5.646771108827693,195.0,1.2694482485665735,5.117993812416755,0.0,1,0.6931471805599453,0.6931471805599453,0,12.206077645517674
223,4.0943445622221,3,4.442651256490317,9.347926034928745,1,1,3,3,0,4,0,14,6,2,0,5,6,6,1975,1975,1,1,12,13,2,0.0,3,3,1,4,3,3,0,6.311734809152915,6,0.0,5.099866427824199,713.0,1,3,1,4,6.698268054115413,6.60934924316738,0.0,7.347299700743164,1,0.0,2,1,3,0.6931471805599453,3,6,6,1,3,1,1975.0,2,2,434,3,3,2,5.3471075307174685,5.342334251964811,0.0,0.0,0.0,0.0,0,2,1,0.0,2,2006,8,4,179900.0,7.725330037917135,4,31,31,3.4657359027997265,12,5.555540231515109,217.0,2.000626334185582,6.035481432524756,0.0,1,0.6931471805599453,0.6931471805599453,0,12.100161978566867
224,2.995732273553991,3,4.248495242049359,9.259130536145614,1,1,3,3,0,2,0,12,2,2,0,2,4,6,1971,1971,1,1,6,6,2,0.0,3,3,1,3,3,3,0,6.263398262591624,3,5.198497031265826,5.081404364984463,864.0,1,4,1,4,6.761572768804055,0.0,0.0,6.761572768804055,0,0.0,1,0,2,0.6931471805599453,3,4,6,0,0,5,1989.0,3,2,576,3,3,2,5.37989735354046,0.0,0.0,0.0,0.0,0.0,0,4,1,0.0,3,2009,8,0,97000.0,7.454719949364001,1,38,38,3.044522437723423,10,5.375278407684165,288.0,2.497557767341559,5.37989735354046,0.0,0,0.6931471805599453,0.6931471805599453,0,11.48247656671073
225,2.995732273553991,3,4.634728988229636,9.508368736482108,1,1,3,3,0,4,0,16,2,2,0,2,10,5,2003,2003,3,1,12,13,1,6.827629234502852,5,3,2,5,3,1,2,4.04305126783455,6,0.0,7.756623334538858,2392.0,1,5,1,4,7.779885115070522,0.0,0.0,7.779885115070522,0,0.0,2,0,3,0.6931471805599453,5,8,6,1,5,1,2003.0,0,3,968,3,3,2,5.517452896464707,4.663439094112067,0.0,0.0,0.0,0.0,0,4,1,0.0,6,2009,8,4,386250.0,8.473032295630468,2,6,6,1.9459101490553132,15,5.700443573390687,322.6666666666667,1.7284836214115855,5.869296913133774,0.0,1,0.6931471805599453,0.6931471805599453,1,12.864242696187505
226,5.075173815233827,4,3.044522437723423,7.426549072397305,1,1,3,3,0,4,0,2,2,2,3,5,5,5,1971,1971,1,1,6,6,1,4.962844630259907,3,3,1,3,3,3,6,0.0,6,0.0,6.447305862541213,630.0,1,3,1,4,6.4457198193855785,6.511745329644728,0.0,7.171656822768514,0,0.0,2,1,3,0.6931471805599453,3,6,6,0,0,5,1991.0,3,1,280,3,3,2,0.0,0.0,0.0,0.0,0.0,0.0,0,4,1,0.0,5,2009,0,0,112000.0,7.566311014772463,3,38,38,2.9444389791664403,10,5.37989735354046,280.0,0.25489224962879004,0.0,0.0,0,0.6931471805599453,0.6931471805599453,1,11.626263078808801
227,4.0943445622221,3,4.406719247264253,9.205327830152639,1,1,0,3,0,4,0,15,2,2,0,5,7,5,1995,1995,1,1,12,13,1,5.673323267171493,4,3,2,4,3,3,2,6.338594078203183,6,0.0,6.459904454377535,1203.0,1,5,1,4,7.101675971619444,7.175489713624222,0.0,7.832014180505469,0,0.0,2,1,4,0.6931471805599453,4,9,6,1,3,1,1995.0,2,3,721,3,3,2,5.41610040220442,4.74493212836325,0.0,0.0,0.0,0.0,0,4,1,0.0,6,2007,8,0,290000.0,8.222285073872717,3,12,12,2.5649493574615367,12,5.634789603169249,240.33333333333334,1.3733136496471694,5.82600010738045,0.0,1,0.6931471805599453,0.6931471805599453,1,12.577639650232573
228,5.075173815233827,4,3.044522437723423,7.533158807455563,1,1,3,3,0,4,0,2,2,2,3,5,6,6,1970,1970,1,1,6,6,1,4.852030263919617,3,3,1,3,3,3,5,5.7745515455444085,6,0.0,5.093750200806762,483.0,1,3,1,4,6.180016653652572,6.22455842927536,0.0,6.894670039433482,0,0.0,1,1,2,0.6931471805599453,3,5,6,0,0,5,1987.0,3,1,280,3,3,2,0.0,0.0,0.0,0.0,0.0,0.0,0,4,1,0.0,9,2008,8,4,106000.0,7.293017679772782,2,38,38,3.091042453358316,12,5.285232126999381,280.0,0.6384887680220812,0.0,0.0,0,0.6931471805599453,0.6931471805599453,1,11.571203807011969
229,2.995732273553991,3,4.248495242049359,9.050288983827956,1,1,3,3,0,2,0,19,1,2,0,2,5,5,1967,1967,1,1,6,6,2,0.0,3,3,1,3,3,3,0,6.736966958001855,6,0.0,4.2626798770413155,912.0,1,3,1,4,6.815639990074331,0.0,0.0,6.815639990074331,0,0.0,1,0,3,0.6931471805599453,3,5,6,1,2,5,1974.0,3,1,336,3,3,2,0.0,0.0,0.0,0.0,0.0,0.0,0,2,1,0.0,5,2010,8,4,125000.0,7.508787170634276,1,43,43,3.6109179126442243,10,5.206202077640231,336.0,2.2346489937536247,0.0,0.0,1,0.6931471805599453,0.6931471805599453,0,11.736077016252437
230,4.787491742782046,3,3.7612001156935624,8.065265208897733,1,1,3,3,0,4,0,0,2,2,4,2,7,5,2005,2006,1,1,12,13,1,2.833213344056216,4,3,2,4,3,0,2,2.833213344056216,6,0.0,7.213768308118642,1373.0,1,5,1,4,7.349230824613334,0.0,0.0,7.349230824613334,0,0.0,2,0,2,0.6931471805599453,4,7,6,1,3,1,2005.0,0,2,430,3,3,2,4.969813299576001,3.044522437723423,0.0,0.0,0.0,0.0,0,4,1,0.0,5,2009,8,4,192500.0,7.982074875081202,2,4,3,1.6094379124341003,12,5.403320675558021,215.0,0.7160343842843976,5.099866427824199,0.0,1,0.6931471805599453,0.6931471805599453,1,12.167856627501678
231,2.995732273553991,3,4.290459441148391,9.077951183930438,1,1,3,3,0,4,0,12,2,2,0,2,6,6,1959,1959,3,1,8,8,1,5.3981627015177525,3,3,1,3,3,3,6,0.0,6,0.0,7.085901464365611,1194.0,1,3,1,4,7.085064293952548,0.0,0.0,7.085064293952548,1,0.0,1,0,3,0.6931471805599453,3,6,6,0,0,1,1959.0,2,1,312,3,3,2,0.0,0.0,4.795790545596741,0.0,0.0,0.0,0,4,1,0.0,4,2010,8,4,148000.0,7.778211474512493,2,51,51,3.9512437185814275,12,5.293304824724492,312.0,1.9928868899778898,4.795790545596741,0.0,0,0.6931471805599453,0.6931471805599453,1,11.904974309480183
232,4.0943445622221,3,5.159055299214529,9.624963417869113,1,1,0,3,0,4,0,15,2,2,0,5,8,5,1995,1996,1,1,12,13,1,6.2285110035911835,4,3,2,4,3,3,2,6.536691597591305,6,0.0,6.651571873589727,1462.0,1,5,1,4,7.306531398939505,7.173958319756794,0.0,7.935229539816907,1,0.0,2,1,4,0.6931471805599453,5,9,6,1,3,1,1995.0,0,3,810,3,3,2,0.0,4.990432586778736,5.313205979041787,0.0,0.0,0.0,0,4,1,0.0,7,2009,8,4,403000.0,8.35608503102148,4,14,13,2.70805020110221,13,5.738004962480688,270.0,1.6897338780522058,5.855071922202427,0.0,1,0.6931471805599453,0.6931471805599453,1,12.90669432231532
233,5.075173815233827,4,3.044522437723423,7.426549072397305,1,1,3,3,0,4,0,2,2,2,3,5,6,5,1972,1972,1,1,6,6,1,5.697093486505405,3,3,1,3,3,3,6,0.0,6,0.0,6.182084906716632,483.0,1,3,1,4,6.180016653652572,6.22455842927536,0.0,6.894670039433482,0,0.0,1,1,2,0.6931471805599453,3,5,6,1,1,1,1972.0,3,1,288,3,3,2,0.0,0.0,0.0,0.0,0.0,0.0,0,4,1,0.0,6,2006,8,4,94500.0,7.293017679772782,2,34,34,3.5553480614894135,11,5.285232126999381,288.0,0.531879032963823,0.0,0.0,1,0.6931471805599453,0.6931471805599453,1,11.456365695436427
234,2.995732273553991,3,4.31748811353631,9.273315171137572,1,1,3,3,0,0,0,5,2,2,0,2,5,6,1976,1976,1,1,6,6,2,0.0,3,3,1,3,4,0,3,5.209486152841421,0,6.569481420414296,0.0,894.0,1,3,1,4,6.795705775173514,0.0,0.0,6.795705775173514,1,0.0,1,0,3,0.6931471805599453,3,5,6,0,0,1,1976.0,3,1,308,3,3,2,5.902633333401366,0.0,0.0,0.0,0.0,0.0,0,2,1,0.0,2,2010,8,4,128200.0,7.488852955733459,2,34,34,3.5553480614894135,11,5.186267862739414,308.0,2.477609395964057,5.902633333401366,0.0,0,0.6931471805599453,0.6931471805599453,0,11.761354623750297
235,4.0943445622221,3,4.174387269895637,8.968396191198256,1,1,3,3,0,4,0,8,2,2,0,5,6,5,2002,2002,1,1,12,13,2,0.0,4,3,2,4,3,3,2,6.439350371100098,6,0.0,5.4638318050256105,860.0,1,5,1,4,6.756932389247553,7.00397413672268,0.0,7.580699752224563,1,0.0,2,1,4,0.6931471805599453,4,8,6,2,3,3,2002.0,0,2,440,3,3,2,5.666426688112432,3.8918202981106265,0.0,0.0,0.0,0.0,0,4,1,0.0,5,2010,8,4,216500.0,7.944492163932159,4,8,8,2.1972245773362196,11,5.501258210544727,220.0,1.3876964389736925,5.820082930352362,0.0,1,0.6931471805599453,0.6931471805599453,0,12.285350445351659
236,5.075173815233827,4,3.044522437723423,7.426549072397305,1,1,3,3,0,4,0,2,2,2,4,5,6,3,1971,1971,1,1,6,6,1,6.405228458030842,3,3,1,3,3,3,0,5.883322388488279,6,0.0,4.836281906951478,483.0,1,3,1,4,6.180016653652572,6.22455842927536,0.0,6.894670039433482,0,0.0,1,1,2,0.6931471805599453,3,5,6,0,0,5,1971.0,3,1,264,3,3,2,0.0,0.0,0.0,0.0,0.0,0.0,0,4,1,0.0,8,2008,8,4,89500.0,7.293017679772782,2,37,37,3.6375861597263857,9,5.285232126999381,264.0,0.531879032963823,0.0,0.0,0,0.6931471805599453,0.6931471805599453,1,11.402005077384885
237,2.995732273553991,3,4.174387269895637,9.079434102128383,1,1,3,3,0,2,0,5,2,2,0,2,7,5,2004,2004,1,1,12,13,1,4.59511985013459,4,3,2,4,3,0,2,3.2188758248682006,6,0.0,7.237778191923443,1414.0,1,5,1,4,7.254177846456518,0.0,0.0,7.254177846456518,0,0.0,2,0,3,0.6931471805599453,4,6,6,0,0,1,2004.0,2,2,494,3,3,2,4.890349128221754,4.663439094112067,0.0,0.0,0.0,0.0,0,4,1,0.0,5,2010,8,4,185500.0,7.947325027016463,2,6,6,1.9459101490553132,12,5.462418377228463,247.0,1.825256255671866,5.472270673671475,0.0,0,0.6931471805599453,0.6931471805599453,1,12.130815551850676
238,4.0943445622221,3,4.197201947661808,9.154087430425385,1,1,0,3,0,1,0,20,7,2,0,5,7,7,1993,2003,1,1,6,6,2,0.0,4,3,2,4,3,3,1,5.998936561946683,6,0.0,6.38856140554563,996.0,1,5,1,4,6.921658184151129,6.594413459749778,0.0,7.463936604468925,0,0.0,2,1,3,0.6931471805599453,4,7,6,0,0,1,1993.0,2,2,457,3,3,2,5.916202062607435,4.2626798770413155,0.0,5.476463551931511,0.0,0.0,0,4,1,0.0,2,2010,8,4,194500.0,7.9157131993821155,3,17,7,2.8903717578961645,14,5.518026455413612,228.5,1.6901508259564593,6.520621127558696,0.0,0,0.6931471805599453,0.6931471805599453,0,12.178192583415596
239,2.995732273553991,3,4.532599493153256,9.395158808968725,1,1,3,3,0,4,0,16,2,2,0,2,8,5,2007,2007,3,1,12,13,1,5.541263545158426,5,3,2,5,3,3,6,0.0,6,0.0,7.43543801981455,1694.0,1,5,1,4,7.434847875211999,0.0,0.0,7.434847875211999,0,0.0,2,0,3,0.6931471805599453,4,7,6,0,0,1,2007.0,0,3,818,3,3,2,5.1298987149230735,5.43372200355424,0.0,0.0,0.0,0.0,0,4,1,0.0,12,2007,6,5,318000.0,8.127995055771946,2,0,0,0.0,13,5.488937726156687,272.6666666666667,1.9603109337567248,5.983936280687191,0.0,0,0.6931471805599453,0.6931471805599453,1,12.669809806411457
240,3.912023005428146,3,3.9512437185814275,9.075779878580487,1,1,3,3,0,4,0,7,2,2,0,0,6,4,1945,1950,1,1,12,13,2,0.0,3,3,1,3,2,3,3,4.553876891600541,6,0.0,6.464588303689961,735.0,1,3,1,0,6.682108597449809,6.536691597591305,0.0,7.304515946460155,0,0.0,1,1,3,0.6931471805599453,3,7,6,1,4,5,1949.0,3,1,220,3,3,2,0.0,4.948759890378168,0.0,0.0,0.0,0.0,0,2,1,0.0,4,2010,8,4,113000.0,7.706162970199576,2,65,60,4.127134385045092,10,5.3586057974048416,220.0,1.7712639321203327,4.948759890378168,0.0,1,0.6931471805599453,0.6931471805599453,0,11.635151947212842
241,2.995732273553991,1,4.31748811353631,9.104979856318357,1,1,3,3,0,4,0,21,2,2,0,2,8,5,2008,2008,1,1,12,13,3,3.6109179126442243,4,3,2,4,3,0,2,6.983789965258135,6,0.0,6.192362489474872,1566.0,1,5,1,4,7.356279876550748,0.0,0.0,7.356279876550748,1,0.0,2,0,3,0.6931471805599453,4,7,6,0,0,1,2008.0,2,2,750,3,3,2,4.976733742420574,5.1298987149230735,0.0,0.0,0.0,0.0,0,4,1,0.0,4,2010,8,4,262500.0,8.049427057110695,3,2,2,1.0986122886681098,13,5.410369727495435,375.0,1.748699979767608,5.746203190540153,0.0,0,0.6931471805599453,0.6931471805599453,1,12.47801017053037
242,3.4011973816621555,4,3.6888794541139363,8.263590432617319,1,1,3,3,0,4,0,17,2,2,0,2,5,9,1945,1997,1,1,12,13,2,0.0,3,4,1,3,3,3,0,5.799092654460526,6,0.0,5.8805329864007,686.0,1,4,1,4,6.763884908562435,0.0,0.0,6.763884908562435,0,0.0,1,0,2,0.6931471805599453,4,4,6,0,0,6,0.0,1,0,0,0,0,2,4.07753744390572,3.7612001156935624,0.0,0.0,0.0,0.0,0,4,1,0.0,8,2007,8,4,110500.0,7.347299700743164,1,62,10,7.60489448081162,14,5.377590547442544,0.0,1.499705524054884,4.61512051684126,0.0,0,0.6931471805599453,0.0,0,11.612779849672751
243,3.912023005428146,4,4.143134726391533,8.517193191416238,1,1,3,3,0,0,0,17,2,2,0,0,5,4,1900,1950,1,1,13,14,2,0.0,3,3,0,3,3,3,6,0.0,6,0.0,6.293419278846481,540.0,1,4,0,0,6.790097235513905,6.313548046277095,0.0,7.272398392570047,0,0.0,1,0,3,0.6931471805599453,3,6,6,0,0,1,1940.0,3,1,352,2,3,2,0.0,0.0,4.356708826689592,0.0,0.0,0.0,0,4,1,0.0,4,2006,8,4,79000.0,7.590852123688581,1,106,56,4.204692619390966,9,5.480638923341991,352.0,1.2447947988461912,4.356708826689592,0.0,0,0.6931471805599453,0.6931471805599453,0,11.277215789596893
244,5.075173815233827,3,4.31748811353631,9.283776690049365,1,1,3,3,0,0,0,20,2,2,4,5,6,6,1980,1980,1,1,9,10,2,0.0,3,3,1,4,3,3,6,0.0,6,0.0,6.440946540632921,626.0,1,3,1,4,6.439350371100098,6.3835066348840055,0.0,7.104144092987527,0,0.0,1,1,3,0.6931471805599453,3,6,6,1,3,1,1980.0,2,1,288,3,3,2,0.0,3.367295829986474,0.0,0.0,0.0,0.0,0,4,1,0.0,4,2009,8,4,120000.0,7.519149957669823,2,29,29,3.4011973816621555,12,5.312384623759472,288.0,2.179632597061838,3.367295829986474,0.0,1,0.6931471805599453,0.6931471805599453,0,11.695255355062795
245,4.0943445622221,3,4.197201947661808,9.091556835986216,1,1,0,3,0,4,0,20,2,2,0,5,7,5,1994,2002,1,1,12,13,2,0.0,4,3,2,4,3,3,2,6.54534966033442,6,0.0,5.537334267018537,948.0,1,5,1,4,7.108244139731541,6.790097235513905,0.0,7.6544432264701125,1,0.0,2,1,3,0.6931471805599453,4,8,6,2,2,1,1994.0,2,2,463,3,3,2,0.0,4.875197323201151,0.0,0.0,0.0,0.0,0,4,1,0.0,5,2010,8,4,205000.0,8.025516386489008,4,16,8,2.833213344056216,12,5.575001684790276,231.5,1.4371136095161035,4.875197323201151,0.0,1,0.6931471805599453,0.6931471805599453,0,12.230770136157428
246,2.995732273553991,3,4.382026634673881,9.249561085129464,1,1,3,3,0,4,0,14,2,2,0,2,7,5,1988,1988,1,1,13,14,1,4.634728988229636,3,3,1,4,3,0,2,6.835184586147301,6,0.0,6.821107472256465,1845.0,1,4,1,4,7.534762657037537,0.0,0.0,7.534762657037537,0,0.6931471805599453,2,0,3,0.6931471805599453,3,6,6,1,3,1,1988.0,0,2,604,3,3,2,5.288267030694535,3.6888794541139363,0.0,0.0,0.0,0.0,0,4,1,0.0,6,2006,8,4,241500.0,8.220672170297252,3,18,18,2.9444389791664403,12,5.7430031878094825,302.0,1.7147984280919266,5.4680601411351315,0.0,1,0.6931471805599453,0.6931471805599453,1,12.394628892852941
247,5.247024072160486,4,4.23410650459726,9.12063445889169,1,0,3,3,0,4,0,17,2,2,1,5,6,8,1910,1950,1,1,0,0,2,0.0,3,2,4,2,3,3,6,0.0,6,0.0,6.928537818164665,1020.0,1,4,0,2,6.811244378601294,6.928537818164665,0.0,7.564238475170491,0,0.0,2,0,4,1.0986122886681098,2,9,6,0,0,5,1910.0,3,1,440,1,1,2,0.0,4.110873864173311,4.727387818712341,0.0,0.0,0.0,0,4,1,0.0,4,2006,8,4,137000.0,7.988882253309227,2,96,56,4.574710978503383,14,5.367013897834272,440.0,1.5563959837211987,5.153291594497779,0.0,0,0.6931471805599453,0.6931471805599453,0,11.827743504053695
248,2.995732273553991,3,4.31748811353631,9.333442569110167,1,1,3,3,0,4,0,12,2,2,0,2,6,5,1954,1954,3,1,13,3,2,0.0,3,3,1,3,3,3,6,0.0,6,0.0,7.221105098182496,1367.0,1,5,1,4,7.226209010100671,0.0,0.0,7.226209010100671,0,0.0,1,0,2,0.6931471805599453,3,5,6,1,3,1,1954.0,3,2,451,3,3,2,0.0,3.4339872044851463,0.0,0.0,0.0,0.0,0,4,1,0.0,6,2006,8,4,140000.0,7.91644286012226,1,52,52,3.970291913552122,11,5.616771097666572,225.5,2.107233559009494,3.4339872044851463,0.0,1,0.6931471805599453,0.6931471805599453,0,11.849404844423074
249,4.0943445622221,3,4.276666119016055,9.334061298965942,1,1,3,3,0,4,0,5,2,2,0,5,7,5,2003,2003,1,1,12,13,1,4.624972813284271,4,3,2,4,3,3,6,0.0,6,0.0,6.734591659972948,840.0,1,5,1,4,6.733401891837359,6.720220155135295,0.0,7.419380582918692,0,0.0,2,1,3,0.6931471805599453,4,8,6,0,0,1,2003.0,2,2,500,3,3,2,4.976733742420574,4.23410650459726,0.0,0.0,0.0,0.0,0,4,1,0.0,9,2007,8,4,180000.0,7.827240901752812,3,4,4,1.6094379124341003,12,5.339939041238856,250.0,1.9146807160472497,5.3612921657094255,0.0,0,0.6931471805599453,0.6931471805599453,1,12.100717685412471
250,3.912023005428146,3,4.382026634673881,11.976659481202368,1,1,1,2,0,1,2,4,2,2,0,0,6,7,1958,2006,1,1,13,6,0,6.159095388491933,4,3,1,4,3,1,5,6.548219102762372,6,0.0,6.617402977974478,1444.0,1,4,1,4,7.275172319452771,6.55250788703459,0.0,7.670428522190693,0,0.6931471805599453,2,0,4,0.6931471805599453,4,7,6,2,3,1,1958.0,0,2,389,3,3,2,0.0,4.59511985013459,0.0,0.0,0.0,0.0,0,4,3,6.2166061010848646,6,2007,8,4,277000.0,8.185350223178686,3,49,1,3.912023005428146,13,5.724518373135379,194.5,4.306230959011676,4.59511985013459,0.0,1,0.6931471805599453,0.6931471805599453,1,12.531776395271262
251,3.4011973816621555,3,4.007333185232471,8.584851839890053,1,1,0,3,0,4,0,3,2,2,0,2,3,2,1940,1966,1,1,13,10,2,0.0,3,1,1,3,3,3,6,0.0,6,0.0,6.591673732008658,728.0,1,5,1,4,7.174724309836376,0.0,0.0,7.174724309836376,0,0.0,1,0,3,0.6931471805599453,2,6,4,0,0,6,0.0,1,0,0,0,0,2,5.575949103146316,0.0,0.0,0.0,0.0,0.0,0,1,3,6.111467339502679,5,2010,8,4,76500.0,7.617759576608505,1,70,44,7.606387389772652,5,5.382964840608321,0.0,1.4101275300536757,5.575949103146316,0.0,0,0.6931471805599453,0.0,0,11.245059091624615
252,4.787491742782046,4,3.784189633918261,8.465899897028686,1,1,0,1,0,4,1,6,2,2,4,2,8,5,2006,2007,3,1,12,13,3,6.1779441140506,4,3,2,4,3,1,2,7.3613754289773485,6,0.0,0.0,1573.0,1,5,1,4,7.393263094763838,0.0,0.0,7.393263094763838,1,0.6931471805599453,2,0,2,0.6931471805599453,4,5,6,1,4,1,2006.0,0,2,538,3,3,2,4.820281565605037,0.0,0.0,0.0,5.0369526024136295,0.0,0,4,1,0.0,12,2007,8,3,235000.0,8.0702808933939,4,1,0,0.6931471805599453,13,5.783825182329737,269.0,1.072636802264849,5.6240175061873385,0.0,1,0.6931471805599453,0.6931471805599453,1,12.367345048436391
253,4.0943445622221,3,4.174387269895637,9.031931152002144,1,1,0,3,0,4,0,20,2,2,0,5,6,5,2004,2004,1,1,12,13,2,0.0,4,3,2,4,3,3,6,0.0,6,0.0,6.683360945766275,798.0,1,5,1,4,6.682108597449809,6.736966958001855,0.0,7.402451520818244,0,0.0,2,1,3,0.6931471805599453,4,6,6,0,0,1,2004.0,2,2,520,3,3,2,4.9344739331306915,3.828641396489095,0.0,0.0,0.0,0.0,0,4,1,0.0,12,2008,8,4,173000.0,7.798933310041217,3,4,4,1.6094379124341003,11,5.610692051590189,260.0,1.6294796311838997,5.214935757608986,0.0,0,0.6931471805599453,0.6931471805599453,0,12.06105265381003
254,4.382026634673881,3,4.442651256490317,9.143131622282732,1,1,3,3,0,4,0,12,2,2,0,7,6,7,1964,1991,3,1,6,6,1,4.6913478822291435,3,3,1,4,3,1,3,5.602118820879701,0,6.364750756851911,6.115892125483034,1302.0,1,5,1,4,7.171656822768514,0.0,0.0,7.171656822768514,0,0.6931471805599453,2,0,3,0.6931471805599453,4,7,2,0,0,1,1964.0,2,1,309,3,3,2,5.811140992976701,0.0,0.0,0.0,0.0,0.0,0,2,1,0.0,10,2007,1,4,158000.0,7.86480400332846,3,43,16,3.784189633918261,13,5.225746673713202,309.0,1.9714747995142181,5.811140992976701,0.0,0,0.6931471805599453,0.6931471805599453,1,11.970356641102999
255,2.995732273553991,3,4.248495242049359,9.035986984831405,1,1,3,3,0,4,0,12,2,2,0,2,5,6,1957,1957,1,1,8,8,2,0.0,3,4,1,3,3,3,5,6.827629234502852,6,0.0,5.973809611869261,1314.0,1,3,1,4,7.1808311990445555,0.0,0.0,7.1808311990445555,1,0.0,1,0,3,0.6931471805599453,3,5,6,0,0,1,1957.0,2,1,294,3,3,2,5.5254529391317835,0.0,0.0,0.0,0.0,0.0,0,4,1,0.0,6,2010,8,4,145000.0,7.873978379604501,2,53,53,3.9889840465642745,11,5.571393286610456,294.0,1.8551557857868493,5.5254529391317835,0.0,0,0.6931471805599453,0.6931471805599453,0,11.884495917930655
256,4.0943445622221,3,4.189654742026425,9.075436609511382,1,1,0,3,0,4,0,8,2,2,0,5,7,5,1999,1999,1,1,12,13,1,5.713732805509369,4,3,2,4,3,3,6,0.0,6,0.0,6.883462586413092,975.0,1,5,1,4,6.912742820493176,7.160069207596127,0.0,7.736743682453495,0,0.0,2,1,4,0.6931471805599453,4,8,6,1,3,3,1999.0,0,2,429,3,3,2,5.262690188904886,0.0,0.0,0.0,0.0,0.0,0,4,1,0.0,2,2006,8,4,230000.0,8.09132127353041,3,7,7,2.0794415416798357,12,5.65730214077366,214.5,1.3386929270578856,5.262690188904886,0.0,1,0.6931471805599453,0.6931471805599453,1,12.345838935721968
257,4.0943445622221,1,4.1588830833596715,9.081483749851179,1,1,0,3,0,4,0,21,2,2,0,5,6,5,2003,2003,1,1,12,13,2,0.0,4,3,2,4,3,3,5,6.222576268071369,6,0.0,5.8916442118257715,864.0,1,5,1,4,6.761572768804055,6.762729506931879,0.0,7.454719949364001,0,0.0,2,1,3,0.6931471805599453,4,7,6,0,0,1,2003.0,2,2,673,3,3,2,5.37989735354046,4.04305126783455,0.0,0.0,0.0,0.0,0,4,1,0.0,5,2008,8,4,207500.0,7.860185057472165,3,5,5,1.791759469228055,11,5.508809800308688,336.5,1.6267638004871776,5.60947179518496,0.0,0,0.6931471805599453,0.6931471805599453,0,12.242891437918386
258,2.995732273553991,3,4.219507705176107,9.084096645401932,1,1,3,3,0,4,0,5,2,2,0,2,7,5,2006,2006,1,1,12,13,3,5.198497031265826,4,3,2,4,3,3,2,7.19668657083435,6,0.0,5.602118820879701,1604.0,1,5,1,4,7.38025578842646,0.0,0.0,7.38025578842646,1,0.0,2,1,3,0.6931471805599453,4,8,6,1,4,1,2006.0,2,2,660,3,3,2,4.820281565605037,4.709530201312334,0.0,0.0,0.0,0.0,0,4,1,0.0,3,2009,8,0,220000.0,8.073402968986406,4,3,3,1.3862943611198906,12,5.300814246746624,330.0,1.7038408569754726,5.455321115357702,0.0,1,0.6931471805599453,0.6931471805599453,1,12.301387370778713
259,4.0943445622221,3,4.382026634673881,9.428270356237505,1,1,3,3,0,4,0,5,2,2,0,5,7,5,2001,2001,1,1,12,13,1,5.153291594497779,4,3,2,4,3,3,2,5.8916442118257715,6,0.0,6.401917196727186,963.0,1,5,1,4,6.870053411798126,6.721425700790643,0.0,7.491087593534876,0,0.0,2,1,3,0.6931471805599453,4,7,6,1,3,1,2001.0,2,2,564,3,3,2,0.0,4.574710978503383,0.0,5.5053315359323625,0.0,0.0,0,4,1,0.0,5,2008,8,4,231500.0,7.9211727215870145,3,7,7,2.0794415416798357,12,5.545177444479562,282.0,1.9371827627026292,5.834810737062605,0.0,1,0.6931471805599453,0.6931471805599453,1,12.352339472153524
260,2.995732273553991,4,4.248495242049359,9.44951474036292,1,1,3,3,0,4,0,17,2,2,0,2,5,5,1956,1956,1,1,3,3,2,0.0,3,3,2,0,0,4,4,0.0,4,0.0,0.0,0.0,1,4,1,0,6.782192056006791,0.0,0.0,6.782192056006791,0,0.0,1,0,2,0.6931471805599453,3,4,6,0,0,5,1956.0,3,1,308,3,3,2,0.0,3.828641396489095,0.0,0.0,0.0,0.0,0,4,1,0.0,12,2008,8,4,97000.0,6.782192056006791,1,52,52,3.970291913552122,10,5.395897694886901,308.0,2.6673226843561286,3.828641396489095,0.0,0,0.0,0.6931471805599453,0,11.48247656671073
261,4.382026634673881,3,4.787491742782046,9.867653099526912,1,1,3,3,0,0,0,12,0,2,0,7,6,5,1962,1962,1,1,13,14,1,5.991464547107982,3,3,1,3,3,1,5,6.511745329644728,0,6.53813982376767,0.0,1362.0,1,3,1,4,7.231287004327616,0.0,0.0,7.231287004327616,1,0.0,1,0,3,0.6931471805599453,3,6,6,1,3,1,1991.0,3,2,884,3,3,2,0.0,0.0,5.53338948872752,0.0,0.0,0.0,0,1,1,0.0,5,2009,8,4,176000.0,7.917171988845776,2,47,47,2.9444389791664403,11,5.43952753509956,442.0,2.6363660951992967,5.53338948872752,0.0,1,0.6931471805599453,0.6931471805599453,1,12.07824495582233
262,4.0943445622221,3,4.23410650459726,9.168267595554275,1,1,0,3,0,4,0,5,2,2,0,5,8,5,2007,2007,1,1,5,5,3,5.602118820879701,4,3,2,5,3,3,6,0.0,6,0.0,7.301822342137932,1482.0,1,5,1,4,7.301147805856032,6.996681488176539,0.0,7.853216388156072,0,0.0,2,1,3,0.6931471805599453,5,10,6,1,4,3,2007.0,0,3,868,3,3,2,0.0,5.003946305945459,0.0,0.0,0.0,0.0,0,4,1,0.0,11,2007,6,5,276000.0,8.30795254527102,3,0,0,0.0,13,5.5506312951620265,289.3333333333333,1.315051207398203,5.003946305945459,0.0,1,0.6931471805599453,0.6931471805599453,1,12.52815976788113
263,4.382026634673881,3,4.477336814478207,9.044403844431551,1,1,0,3,0,0,0,19,2,2,0,7,6,7,1977,1995,1,1,6,10,1,3.8501476017100584,3,3,1,4,4,0,0,6.2285110035911835,6,0.0,0.0,506.0,1,3,1,4,7.10002716662926,0.0,0.0,7.10002716662926,1,0.0,1,0,3,0.6931471805599453,3,6,6,1,3,1,1978.0,3,2,492,3,3,2,5.680172609017068,2.5649493574615367,0.0,0.0,0.0,0.0,0,1,1,0.0,7,2006,8,4,151000.0,7.4489161025442,2,29,11,3.367295829986474,13,5.308267697401205,246.0,1.9443766778022913,5.720311776607412,0.0,1,0.6931471805599453,0.6931471805599453,1,11.92504173829169
264,3.912023005428146,4,3.912023005428146,8.612503371220562,1,1,3,3,0,0,0,17,2,2,0,0,5,7,1929,2001,1,1,13,14,2,0.0,3,3,0,3,3,3,3,5.459585514144159,0,6.541029999189903,0.0,926.0,1,3,1,4,6.8308742346461795,0.0,5.968707559985366,7.182352111885263,1,0.0,1,0,3,0.6931471805599453,3,6,6,0,0,5,1974.0,3,2,484,3,3,2,0.0,0.0,0.0,0.0,0.0,0.0,0,4,1,0.0,4,2010,8,4,130000.0,7.524021415206125,2,81,9,3.6109179126442243,12,5.390592642657207,242.0,1.4301512593352996,0.0,0.0,0,0.6931471805599453,0.6931471805599453,0,11.775297421715827
265,3.4011973816621555,4,3.4011973816621555,8.562548893137034,1,0,2,0,0,4,0,17,0,2,0,2,5,5,1925,2004,1,1,13,14,2,0.0,3,3,0,2,3,3,6,0.0,6,0.0,6.523562306149512,680.0,1,4,0,2,6.638567789166521,0.0,0.0,6.638567789166521,0,0.0,1,0,2,0.6931471805599453,3,4,6,0,0,5,1965.0,3,2,504,3,3,0,0.0,0.0,0.0,0.0,0.0,0.0,0,4,1,0.0,6,2008,8,4,73000.0,7.275172319452771,1,83,4,3.784189633918261,10,5.25227342804663,252.0,1.9239811039705141,0.0,0.0,0,0.6931471805599453,0.6931471805599453,0,11.19822841866684
266,2.995732273553991,3,4.356708826689592,9.400133943608838,1,1,0,3,0,4,0,14,2,2,0,2,6,6,1981,1981,1,1,8,8,1,5.351858133476067,3,4,1,4,3,3,2,6.3784261836515865,3,5.43372200355424,6.408528791059498,1422.0,1,3,1,4,7.259819610363186,0.0,0.0,7.259819610363186,0,0.0,2,0,3,0.6931471805599453,4,7,6,1,3,1,1981.0,0,2,576,3,3,2,5.6240175061873385,0.0,0.0,0.0,0.0,0.0,0,0,1,0.0,6,2008,8,4,175500.0,7.952966790923131,2,27,27,3.332204510175204,12,5.313909461307873,288.0,2.140314333245652,5.6240175061873385,0.0,1,0.6931471805599453,0.6931471805599453,1,12.075400019877522
267,4.0943445622221,3,4.248495242049359,9.324293862052029,1,1,0,1,0,2,0,8,2,2,0,5,6,5,1997,1997,1,1,12,13,2,0.0,3,3,2,4,3,0,2,6.5722825426940075,6,0.0,4.48863636973214,802.0,1,4,1,4,6.687108607866515,6.565264970035361,0.0,7.32052696227274,1,0.0,2,1,3,0.6931471805599453,3,8,6,1,3,1,1997.0,0,2,413,3,3,2,4.564348191467836,4.330733340286331,0.0,0.0,0.0,0.0,0,4,1,0.0,6,2006,8,4,185000.0,7.746300662231439,4,9,9,2.302585092994046,11,5.241085420592904,206.5,2.0037668997792886,5.14166355650266,0.0,1,0.6931471805599453,0.6931471805599453,0,12.128116509451258
268,4.31748811353631,3,4.0943445622221,9.035986984831405,1,1,3,0,0,4,1,18,2,2,0,3,5,8,1939,1997,1,1,13,14,2,0.0,3,3,2,3,3,3,3,5.937536205082426,6,0.0,5.8377304471659395,720.0,1,5,1,4,6.9584483932976555,6.580639137284949,6.042632833682381,7.692569648067906,0,0.0,2,1,4,0.6931471805599453,4,8,6,1,4,5,1939.0,3,1,240,3,3,2,5.572154032177765,3.2188758248682006,0.0,0.0,0.0,0.0,0,4,1,0.0,7,2008,8,4,179500.0,7.820840879907344,3,69,11,4.248495242049359,13,5.6131281063880705,240.0,1.343417336763499,5.659482215759621,0.0,1,0.6931471805599453,0.6931471805599453,0,12.097936057925594
269,3.4011973816621555,4,4.2626798770413155,8.83927669058535,1,1,3,3,0,4,0,9,2,2,0,2,5,6,1940,1955,1,1,12,13,2,0.0,3,3,1,3,3,3,0,6.0014148779611505,5,4.836281906951478,5.3612921657094255,740.0,1,5,1,4,6.656726524178391,0.0,0.0,6.656726524178391,0,0.0,1,0,2,0.6931471805599453,3,4,6,1,4,5,1966.0,0,1,924,5,5,2,0.0,3.258096538021482,0.0,0.0,0.0,0.0,0,4,1,0.0,2,2008,8,4,120500.0,7.325148957955575,1,68,53,3.7612001156935624,11,5.270432163058501,924.0,2.1825501664069593,3.258096538021482,0.0,1,0.6931471805599453,0.6931471805599453,0,11.699413330633599
270,2.995732273553991,3,4.182050142641207,8.976767625171433,1,1,0,3,0,0,0,7,2,2,0,2,6,7,1976,1976,3,1,6,6,1,5.1647859739235145,3,4,1,3,4,3,1,6.62273632394984,6,0.0,5.973809611869261,1143.0,1,3,1,4,7.014814351275545,0.0,0.0,7.014814351275545,1,0.0,1,1,3,0.6931471805599453,3,6,6,1,2,1,1987.0,2,1,504,3,4,2,5.916202062607435,3.4339872044851463,0.0,0.0,0.0,0.0,0,0,1,0.0,5,2007,8,4,148000.0,7.721348612617949,3,31,31,3.044522437723423,13,5.22305488204749,504.0,1.961953273895889,5.993961427306569,0.0,1,0.6931471805599453,0.6931471805599453,1,11.904974309480183
271,4.0943445622221,1,4.430816798843313,9.280612424961515,1,1,3,3,0,4,0,21,2,2,0,5,8,5,2006,2006,1,1,12,13,2,0.0,4,3,2,4,3,2,6,0.0,6,0.0,6.999422467507961,1095.0,1,4,1,4,6.9985096422506015,6.739336627357174,0.0,7.569927655242652,0,0.0,2,1,3,0.6931471805599453,4,8,6,1,4,1,2006.0,2,3,1053,3,3,2,5.262690188904886,3.9512437185814275,0.0,0.0,0.0,0.0,0,4,1,0.0,8,2006,6,5,266000.0,8.017637159908478,3,0,0,0.0,13,5.490486113562816,351.0,1.7106847697188625,5.497168225293202,0.0,1,0.6931471805599453,0.6931471805599453,0,12.491255347155265
272,2.995732273553991,3,4.290459441148391,10.573980042531268,1,1,0,2,0,1,2,4,2,2,0,2,7,7,1954,2005,0,2,9,10,2,0.0,3,3,1,4,3,1,3,5.424950017481403,2,6.96979066990159,4.574710978503383,1385.0,1,5,1,4,7.217443431696533,0.0,0.0,7.217443431696533,1,0.0,1,0,2,0.6931471805599453,3,5,4,2,3,1,1954.0,3,2,439,3,3,2,4.406719247264253,0.0,0.0,0.0,0.0,0.0,0,4,1,0.0,4,2008,8,4,241500.0,7.91862865334224,2,54,3,4.007333185232471,14,5.6080055192624325,219.5,3.3565366108347345,4.406719247264253,0.0,1,0.6931471805599453,0.6931471805599453,0,12.394628892852941
273,4.0943445622221,3,4.5217885770490405,9.372799299673886,1,1,0,3,0,1,0,15,2,2,0,5,8,7,1999,2007,1,1,12,13,1,5.855071922202427,4,3,2,4,3,3,2,6.263398262591624,6,0.0,6.444131256700441,1152.0,1,5,1,4,7.059617628291383,7.009408932708637,0.0,7.727535110475448,0,0.0,2,1,4,0.6931471805599453,4,9,6,1,4,1,1999.0,0,3,671,3,3,2,4.890349128221754,4.060443010546419,0.0,0.0,0.0,0.0,0,4,1,0.0,4,2010,8,4,290000.0,8.137980454452139,3,11,3,2.4849066497880004,15,5.530310533139229,223.66666666666666,1.6452641891984372,5.247024072160486,0.0,1,0.6931471805599453,0.6931471805599453,1,12.577639650232573
274,2.995732273553991,3,4.382026634673881,9.169518377455928,1,1,3,3,0,4,0,12,1,2,0,2,6,6,1958,1988,3,1,13,14,0,5.214935757608986,3,3,1,3,3,3,5,6.431331081933479,3,6.431331081933479,0.0,1240.0,1,4,1,4,7.397561535524052,0.0,0.0,7.397561535524052,1,0.0,2,0,3,0.6931471805599453,3,6,2,1,4,1,1958.0,2,1,338,3,3,2,5.66988092298052,0.0,0.0,0.0,0.0,0.0,0,2,1,0.0,4,2009,8,4,139000.0,7.962763930168115,3,51,21,3.9512437185814275,12,5.605802066295998,338.0,1.7719568419318754,5.66988092298052,0.0,1,0.6931471805599453,0.6931471805599453,1,11.842236406331555
275,2.995732273553991,3,4.330733340286331,9.025696119812583,1,1,3,3,0,0,0,11,2,2,0,2,5,7,1982,1982,1,1,6,7,2,0.0,3,3,1,3,3,1,0,6.304448802421981,6,0.0,5.602118820879701,816.0,1,3,1,4,6.704414354964107,0.0,0.0,6.704414354964107,0,0.0,1,0,2,0.6931471805599453,3,5,6,0,0,1,1982.0,3,1,264,3,3,2,5.1298987149230735,0.0,0.0,0.0,0.0,0.0,0,4,1,0.0,6,2007,8,4,124500.0,7.397561535524052,1,25,25,3.258096538021482,12,5.094976442530006,264.0,2.3212817648484756,5.1298987149230735,0.0,0,0.6931471805599453,0.6931471805599453,0,11.732069026983156
276,3.912023005428146,3,4.007333185232471,8.890685920281129,1,1,3,3,0,4,0,3,2,2,0,0,7,7,1925,2007,1,1,13,14,2,0.0,4,4,0,3,3,3,6,0.0,6,0.0,6.859614903654202,952.0,2,4,0,4,6.858565034791365,6.391917113392602,0.0,7.344719054149673,0,0.0,2,1,3,0.6931471805599453,5,5,6,0,0,5,1978.0,3,2,672,3,3,2,4.31748811353631,0.0,0.0,0.0,4.976733742420574,0.0,0,4,1,0.0,10,2009,8,4,205000.0,7.824046010856292,3,84,2,3.4657359027997265,14,5.735281141715572,336.0,1.5459668661314567,5.389071729816501,0.0,0,0.6931471805599453,0.6931471805599453,0,12.230770136157428
277,2.995732273553991,3,4.859812404361672,9.126523885883072,1,1,0,3,0,4,0,11,2,2,0,2,7,5,2003,2003,1,1,12,13,2,0.0,4,3,2,5,3,3,6,0.0,6,0.0,7.353081920515432,1560.0,1,5,1,4,7.352441100243583,0.0,0.0,7.352441100243583,0,0.0,2,0,3,0.6931471805599453,4,7,6,0,0,1,2003.0,0,2,573,3,3,2,4.61512051684126,5.017279836814924,0.0,0.0,0.0,0.0,0,4,1,0.0,4,2010,8,4,201000.0,8.045588280803528,2,7,7,2.0794415416798357,12,5.4065309511882695,286.5,1.7740827856394894,5.5254529391317835,0.0,0,0.6931471805599453,0.6931471805599453,0,12.211065162153215
278,2.995732273553991,3,4.941642422609304,9.859431166339208,1,1,3,3,0,0,0,8,2,2,0,2,4,5,1951,1951,1,1,12,13,2,0.0,3,3,1,3,3,3,3,4.795790545596741,6,0.0,6.61338421837956,864.0,1,5,1,4,6.761572768804055,0.0,0.0,6.761572768804055,0,0.0,1,0,2,0.6931471805599453,3,4,6,0,0,5,1951.0,3,2,400,3,3,2,0.0,0.0,0.0,0.0,0.0,0.0,0,4,1,0.0,6,2010,8,4,141000.0,7.454719949364001,1,59,59,4.0943445622221,9,5.375278407684165,200.0,3.0978583975351524,0.0,0.0,0,0.6931471805599453,0.6931471805599453,0,11.856522261533737
279,2.995732273553991,3,4.672828834461906,9.578449693540579,1,1,3,3,0,4,0,16,2,2,0,2,9,5,2006,2007,1,1,5,5,1,5.755742213586912,5,3,2,5,3,1,6,0.0,6,0.0,7.660114319173928,2121.0,1,5,1,4,7.659642954564682,0.0,0.0,7.659642954564682,0,0.0,2,1,3,0.6931471805599453,5,8,6,1,5,1,2007.0,0,3,732,3,3,2,4.8283137373023015,4.59511985013459,0.0,0.0,4.962844630259907,0.0,0,4,1,0.0,5,2007,6,5,415298.0,8.352790135124629,3,1,0,0.0,14,5.580201412884847,244.0,1.9188067389758958,5.8998973535824915,0.0,1,0.6931471805599453,0.6931471805599453,1,12.936754021718041
280,4.0943445622221,3,4.418840607796598,9.210840247017833,1,1,3,3,0,4,0,4,2,2,0,5,7,5,1977,1977,3,1,9,10,1,5.703782474656201,3,3,1,4,3,3,1,5.973809611869261,6,0.0,6.645090969505644,1160.0,1,5,1,4,7.052721049232323,6.7650389767805414,0.0,7.611842399580417,0,0.0,2,1,4,0.6931471805599453,3,8,6,1,3,1,1977.0,0,2,505,3,3,2,5.666426688112432,4.770684624465665,0.0,0.0,0.0,0.0,0,4,1,0.0,3,2008,8,4,192000.0,8.065265208897733,3,31,31,3.4657359027997265,12,5.532400857900581,252.5,1.5989978474374171,6.0063531596017325,0.0,1,0.6931471805599453,0.6931471805599453,1,12.165255859329688
281,4.0943445622221,3,4.406719247264253,9.331406899955626,1,1,3,3,0,4,0,20,2,2,0,5,7,6,1989,1989,1,1,9,10,1,5.831882477283517,4,3,1,4,3,0,2,6.045005314036012,6,0.0,5.958424693029782,807.0,1,4,1,4,7.069023426578259,6.694562058521095,0.0,7.591861714889934,0,0.0,2,1,3,0.6931471805599453,4,7,6,1,3,1,1989.0,0,2,575,3,3,2,0.0,4.442651256490317,0.0,5.2832037287379885,0.0,0.0,0,4,1,0.0,1,2007,8,4,228500.0,7.933438387627489,3,18,18,2.9444389791664403,13,5.64595156583462,287.5,1.739545185065693,5.638354669333745,0.0,1,0.6931471805599453,0.6931471805599453,1,12.339295865674435
282,2.995732273553991,1,4.0943445622221,8.881836305004146,1,2,3,3,0,4,0,21,2,2,0,2,6,5,2006,2006,1,1,12,13,3,4.23410650459726,4,3,2,4,3,3,2,6.80903930604298,6,0.0,5.8805329864007,1262.0,1,4,1,4,7.140453043101158,0.0,0.0,7.140453043101158,0,0.0,2,0,2,0.6931471805599453,4,5,6,0,0,1,2006.0,0,2,572,3,3,2,0.0,4.795790545596741,0.0,0.0,0.0,0.0,0,4,1,0.0,5,2006,6,5,185000.0,7.8336002236611035,2,0,0,0.0,11,5.5310151306670585,286.0,1.7413832619029883,4.795790545596741,0.0,0,0.6931471805599453,0.6931471805599453,1,12.128116509451258
283,4.787491742782046,3,3.5263605246161616,8.529714471969909,1,1,3,3,0,4,0,16,2,2,3,2,7,5,2007,2008,1,1,12,13,3,5.117993812416755,4,3,2,4,3,3,2,6.807934943699926,6,0.0,6.018593214496234,1314.0,1,5,1,4,7.1808311990445555,0.0,0.0,7.1808311990445555,1,0.0,2,0,2,0.6931471805599453,4,6,6,1,4,1,2008.0,2,2,626,3,3,2,5.153291594497779,4.143134726391533,0.0,0.0,0.0,0.0,0,4,1,0.0,4,2009,5,4,207500.0,7.873978379604501,3,2,1,0.6931471805599453,12,5.389071729816501,313.0,1.3488832729253533,5.459585514144159,0.0,1,0.6931471805599453,0.6931471805599453,1,12.242891437918386
284,2.995732273553991,3,4.30406509320417,9.17076759685636,1,1,3,3,0,4,0,21,1,2,0,2,8,5,2008,2009,1,1,12,13,3,4.290459441148391,4,3,2,4,3,3,6,0.0,6,0.0,7.292337176173877,1468.0,1,5,1,4,7.291656209174461,0.0,0.0,7.291656209174461,0,0.0,2,0,3,0.6931471805599453,4,6,6,1,4,1,2008.0,0,3,898,3,3,2,5.351858133476067,5.017279836814924,0.0,0.0,0.0,0.0,0,4,1,0.0,12,2009,6,5,244600.0,7.984803389734406,2,1,0,0.6931471805599453,13,5.499896739946406,299.3333333333333,1.8791113876818986,5.8888779583328805,0.0,1,0.6931471805599453,0.6931471805599453,1,12.407383590534293
285,4.787491742782046,3,3.912023005428146,8.988695696785708,1,1,3,3,0,4,0,20,2,2,4,2,6,5,1992,1992,1,1,9,7,2,0.0,4,3,2,4,3,3,2,6.066108090103747,6,0.0,7.044032897274685,1575.0,1,4,1,4,7.362010551259734,0.0,0.0,7.362010551259734,1,0.0,2,0,2,0.6931471805599453,4,5,6,0,0,1,1992.0,2,2,529,3,3,2,0.0,0.0,3.970291913552122,0.0,0.0,0.0,0,4,1,0.0,7,2007,8,4,179200.0,8.055157731819678,3,15,15,2.772588722239781,11,5.752572638825633,264.5,1.6266851455259754,3.970291913552122,0.0,0,0.6931471805599453,0.6931471805599453,0,12.09626335986454
286,5.075173815233827,1,3.5553480614894135,8.35490952835879,1,2,0,3,0,4,0,21,2,2,4,5,7,5,2006,2007,1,1,8,8,2,0.0,4,3,2,4,3,3,6,0.0,6,0.0,6.439350371100098,625.0,1,5,1,4,6.437751649736401,6.439350371100098,0.0,7.1308988302963465,0,0.0,2,1,2,0.6931471805599453,4,5,6,0,0,5,2006.0,2,2,528,3,3,2,0.0,4.007333185232471,0.0,0.0,0.0,0.0,0,4,1,0.0,6,2007,6,5,164700.0,7.536363938404511,3,1,0,0.6931471805599453,12,5.521460917862246,264.0,1.2240106980624432,4.007333185232471,0.0,0,0.6931471805599453,0.6931471805599453,0,12.011886987792716
287,3.912023005428146,3,4.343805421853684,9.188708071849069,1,1,0,0,0,4,0,12,2,2,0,0,6,7,1962,1981,1,1,13,14,2,0.0,3,3,1,3,3,3,5,6.398594934535208,6,0.0,5.746203190540153,912.0,1,3,1,4,6.98933526597456,6.476972362889683,0.0,7.458186157340487,0,0.0,1,1,3,0.6931471805599453,4,7,6,1,4,1,1962.0,2,2,440,3,3,2,0.0,0.0,0.0,0.0,4.859812404361672,0.0,0,0,1,0.0,6,2006,8,4,159000.0,7.880804344674901,2,44,25,3.8066624897703196,13,5.512276008285174,220.0,1.7305219145085817,4.859812404361672,0.0,1,0.6931471805599453,0.6931471805599453,0,11.976665770490767
288,2.995732273553991,3,4.290459441148391,9.002701007197938,1,1,0,3,0,0,0,12,2,2,0,2,4,4,1971,1971,1,1,6,6,2,0.0,3,3,1,3,3,3,1,6.421622267806518,6,0.0,5.501258210544727,858.0,1,3,1,4,6.754604099487962,0.0,0.0,6.754604099487962,0,0.0,1,0,3,0.6931471805599453,3,5,6,0,0,6,0.0,1,0,0,0,0,2,0.0,0.0,0.0,0.0,0.0,0.0,0,4,1,0.0,6,2006,8,4,88000.0,7.447751280047908,1,35,35,7.604396348796338,8,5.145166187053862,0.0,2.248096907709976,0.0,0.0,0,0.6931471805599453,0.0,0,11.385103457032141
289,2.995732273553991,3,4.2626798770413155,9.19207456316929,1,1,0,3,0,4,0,19,2,2,0,2,5,5,1967,1967,1,1,8,8,1,3.4657359027997265,3,4,1,3,3,3,1,6.111467339502679,6,0.0,6.07073772800249,882.0,1,3,1,4,6.802394763324311,0.0,0.0,6.802394763324311,0,0.0,1,0,3,0.6931471805599453,3,5,6,0,0,5,1970.0,3,1,280,3,3,2,0.0,0.0,0.0,0.0,0.0,0.0,0,2,1,0.0,2,2010,8,4,122000.0,7.485491608030754,1,43,43,3.713572066704308,10,5.19295685089021,280.0,2.3896797998449792,0.0,0.0,0,0.6931471805599453,0.6931471805599453,1,11.711784520403112
290,4.248495242049359,3,4.0943445622221,9.074520648833648,1,1,3,3,0,4,0,3,6,2,0,5,6,7,1915,2003,1,1,13,14,2,0.0,3,3,0,3,3,3,6,0.0,6,0.0,6.54965074223381,698.0,1,5,1,0,6.548219102762372,6.54965074223381,0.0,7.241366283322318,0,0.0,1,0,3,0.6931471805599453,3,7,6,0,0,5,2003.0,3,1,384,3,3,2,0.0,0.0,0.0,0.0,5.560681631015528,0.0,0,4,1,0.0,7,2007,8,4,153575.0,7.646831391430482,1,92,4,1.6094379124341003,13,5.295456134267004,384.0,1.83315436551133,5.560681631015528,0.0,0,0.6931471805599453,0.6931471805599453,0,11.941950837487406
291,4.0943445622221,3,4.787491742782046,9.655731072956666,1,1,3,3,0,4,0,5,2,2,0,5,8,5,2006,2006,1,1,12,13,2,0.0,4,3,2,4,3,0,6,0.0,6,0.0,6.984716320118266,1079.0,1,5,1,4,6.983789965258135,6.734591659972948,0.0,7.5595594960077,0,0.0,2,1,3,0.6931471805599453,4,8,6,1,4,1,2006.0,2,2,685,4,3,2,0.0,3.9512437185814275,0.0,0.0,0.0,0.0,0,4,1,0.0,7,2006,6,5,233230.0,8.005700678662542,3,0,0,0.0,13,5.480117954327864,342.5,2.096171576948967,3.9512437185814275,0.0,1,0.6931471805599453,0.6931471805599453,0,12.359784657728284
292,5.247024072160486,3,4.007333185232471,8.645938147306799,1,0,3,0,0,4,0,18,2,2,1,5,5,6,1912,2000,1,1,12,13,2,0.0,3,2,2,3,2,3,5,5.351858133476067,6,0.0,6.3473892096560105,780.0,1,5,0,4,6.841615476477592,6.660575149839686,0.0,7.447751280047908,1,0.0,2,0,6,0.6931471805599453,2,9,6,0,0,6,0.0,1,0,0,0,0,0,0.0,5.220355825078324,0.0,0.0,0.0,0.0,0,4,1,0.0,3,2008,8,4,135900.0,7.822444729489319,3,96,8,7.605392364814935,11,5.250526702711688,0.0,1.1981868672588922,5.220355825078324,0.0,0,0.6931471805599453,0.0,0,11.819681958463892
293,3.912023005428146,3,4.0943445622221,9.34215779659637,1,1,3,3,0,4,0,7,2,2,0,0,5,4,1949,2008,1,1,13,14,2,0.0,3,3,1,3,3,3,3,5.680172609017068,6,0.0,6.1675164908883415,768.0,1,4,1,4,7.045776576879511,6.343880434126331,0.0,7.447751280047908,0,0.0,1,1,3,0.6931471805599453,3,8,3,1,4,1,1949.0,3,1,281,3,3,2,0.0,0.0,0.0,0.0,5.081404364984463,0.0,0,4,1,0.0,1,2009,8,4,131000.0,7.81762544305337,2,60,1,4.110873864173311,9,5.368309738368072,281.0,1.8944065165484618,5.081404364984463,0.0,1,0.6931471805599453,0.6931471805599453,0,11.782960235741939
294,4.0943445622221,3,4.382026634673881,9.720705889909716,1,1,0,3,0,0,0,14,3,2,0,5,7,7,1977,1994,1,1,9,10,1,3.5553480614894135,3,3,1,3,3,3,0,6.679599185844383,6,0.0,0.0,795.0,1,2,1,4,7.291656209174461,6.679599185844383,0.0,7.724446645633537,1,0.0,2,1,3,0.6931471805599453,4,9,6,1,3,1,1977.0,0,2,539,3,3,2,0.0,5.5254529391317835,0.0,0.0,0.0,0.0,0,4,1,0.0,3,2006,8,4,235000.0,8.025516386489008,4,29,12,3.4011973816621555,14,5.527222068297318,269.5,1.9962592442761795,5.5254529391317835,0.0,1,0.6931471805599453,0.6931471805599453,1,12.367345048436391
295,2.995732273553991,3,4.382026634673881,9.169518377455928,1,1,3,3,0,4,0,12,2,2,0,2,6,5,1953,1953,3,1,6,6,3,5.476463551931511,3,3,1,3,3,3,2,7.1592919047975645,6,0.0,4.882801922586371,1416.0,1,3,1,4,7.404887575616125,0.0,0.0,7.404887575616125,1,0.0,1,0,3,0.6931471805599453,3,7,6,2,4,1,1953.0,0,2,418,3,3,2,4.709530201312334,0.0,0.0,0.0,0.0,0.0,0,4,1,0.0,10,2009,8,4,167000.0,8.026170194946426,2,56,56,4.04305126783455,11,5.4589774265608115,209.0,1.7646308018398025,4.709530201312334,0.0,1,0.6931471805599453,0.6931471805599453,1,12.025755079404917
296,4.382026634673881,3,3.6109179126442243,8.979290649090876,1,1,0,3,0,1,0,11,2,2,0,7,6,6,1984,1984,1,1,6,6,2,0.0,3,3,1,3,3,0,2,6.709304340258298,6,0.0,5.220355825078324,1003.0,1,3,1,4,6.910750787961936,0.0,0.0,6.910750787961936,1,0.0,1,0,3,0.6931471805599453,3,6,6,0,0,5,1984.0,3,2,588,3,3,2,4.795790545596741,0.0,0.0,0.0,0.0,0.0,0,0,1,0.0,3,2006,8,4,142500.0,7.603897968521881,2,22,22,3.1354942159291497,12,5.1189913187338805,294.0,2.06853986112894,4.795790545596741,0.0,0,0.6931471805599453,0.6931471805599453,0,11.86710429621008
297,3.912023005428146,4,4.31748811353631,9.52588077255636,1,1,3,3,0,4,0,9,2,2,0,0,5,5,1950,1950,1,1,13,14,2,0.0,3,3,1,3,3,3,1,6.042632833682381,6,0.0,6.19644412779452,910.0,1,3,1,0,6.813444599510896,6.47543271670409,0.0,7.351158226430694,0,0.0,1,1,4,0.6931471805599453,3,6,6,0,0,1,1950.0,3,1,282,3,3,2,5.66988092298052,0.0,0.0,0.0,0.0,0.0,0,2,1,0.0,6,2007,8,4,152000.0,7.811163385025279,2,57,57,4.060443010546419,10,5.559398757202638,282.0,2.1747225461256665,5.66988092298052,0.0,0,0.6931471805599453,0.6931471805599453,0,11.931642378754141
298,4.0943445622221,1,4.189654742026425,8.90910013492555,1,2,0,3,0,4,0,21,2,2,0,5,7,5,1997,1998,3,1,12,13,1,7.3783837129967145,4,3,2,4,3,3,1,6.476972362889683,6,0.0,5.7899601708972535,975.0,1,5,1,4,6.882437470997847,6.883462586413092,0.0,7.575584651557793,0,0.0,2,1,3,0.6931471805599453,4,7,6,1,3,5,1997.0,2,2,576,3,3,2,0.0,2.3978952727983707,0.0,0.0,5.293304824724492,0.0,0,4,1,0.0,6,2007,8,4,239000.0,7.981049759665957,3,10,9,2.3978952727983707,12,5.629674502502479,288.0,1.3335154833677585,5.342334251964811,0.0,1,0.6931471805599453,0.6931471805599453,1,12.384223015005313
299,4.0943445622221,3,4.499809670330265,9.367344120785848,1,1,3,3,0,4,0,14,2,2,0,5,6,6,1968,1968,4,1,6,1,1,5.902633333401366,4,3,1,3,3,3,0,5.953243334287785,5,5.170483995038151,4.969813299576001,702.0,1,4,1,4,6.947937068614969,6.555356891810665,0.0,7.463363045520021,0,0.6931471805599453,1,2,3,0.6931471805599453,3,7,6,1,4,1,1968.0,3,2,539,3,3,2,5.41610040220442,0.0,0.0,0.0,0.0,0.0,0,4,1,0.0,6,2007,8,4,175000.0,7.801800401908973,4,39,39,3.6888794541139363,12,5.517452896464707,269.5,1.9039810752658266,5.41610040220442,0.0,1,0.6931471805599453,0.6931471805599453,1,12.07254696717504
300,2.995732273553991,3,4.382026634673881,9.546812608597396,1,1,3,3,0,4,0,6,2,2,0,2,6,8,1950,2004,1,1,6,6,2,0.0,3,4,1,3,3,3,6,0.0,6,0.0,6.996681488176539,1092.0,1,5,1,4,7.049254841255837,0.0,0.0,7.049254841255837,0,0.6931471805599453,1,0,3,0.6931471805599453,4,6,6,1,4,1,1950.0,3,1,300,3,3,2,0.0,3.6109179126442243,0.0,0.0,0.0,0.0,0,0,1,0.0,8,2009,8,3,158500.0,7.716015266642587,2,59,5,4.0943445622221,14,5.2574953720277815,300.0,2.497557767341559,3.6109179126442243,0.0,1,0.6931471805599453,0.6931471805599453,0,11.973516181427835
301,5.247024072160486,3,4.499809670330265,9.66459564425378,1,1,3,3,0,0,0,6,2,2,1,2,5,5,1953,1953,3,1,8,8,1,4.04305126783455,3,3,1,3,3,2,1,6.7357800142423265,6,0.0,5.783825182329737,1165.0,1,3,1,4,7.197435354096591,0.0,0.0,7.197435354096591,1,0.0,1,0,2,0.6931471805599453,3,5,6,2,4,1,1953.0,3,1,375,3,3,2,0.0,0.0,0.0,0.0,0.0,0.0,0,4,1,0.0,6,2006,8,4,157000.0,7.824445930877619,2,53,53,3.9889840465642745,10,5.58799744166249,375.0,2.467160290157188,0.0,0.0,1,0.6931471805599453,0.6931471805599453,1,11.964007453736912
302,4.0943445622221,3,4.189654742026425,9.69437017295501,1,1,2,3,0,4,0,5,2,2,0,5,8,5,1998,1999,1,1,12,13,2,0.0,4,3,2,4,3,3,2,5.641907070938114,6,0.0,6.617402977974478,1028.0,1,5,1,4,7.098375638590786,7.1252830915107115,0.0,7.804659297056102,0,0.0,2,1,4,0.6931471805599453,4,9,6,1,3,3,1998.0,0,2,683,3,3,2,5.342334251964811,3.9318256327243257,0.0,0.0,0.0,0.0,0,4,1,0.0,5,2007,8,4,267000.0,8.15478757276852,3,9,8,2.302585092994046,13,5.607434719719882,341.5,1.8897108758989083,5.556828061699537,0.0,1,0.6931471805599453,0.6931471805599453,0,12.495007682693725
303,2.995732273553991,3,4.770684624465665,9.525443040003957,1,1,0,3,0,0,0,5,2,2,0,2,7,5,2001,2002,1,1,12,13,1,5.017279836814924,4,3,2,4,3,3,6,0.0,6,0.0,7.340835554123275,1541.0,1,5,1,4,7.340186835320115,0.0,0.0,7.340186835320115,0,0.0,2,0,3,0.6931471805599453,4,6,6,1,3,1,2001.0,2,3,843,3,3,2,6.150602768446279,4.406719247264253,0.0,0.0,0.0,0.0,0,4,1,0.0,1,2006,8,4,205000.0,8.033334015880062,2,5,4,1.791759469228055,12,5.548427366092061,281.0,2.18525620468384,6.309918278226516,0.0,1,0.6931471805599453,0.6931471805599453,1,12.230770136157428
304,2.995732273553991,3,4.248495242049359,9.190137664658664,1,1,3,3,0,0,0,5,2,2,0,2,5,7,1972,1972,1,1,12,13,2,0.0,3,3,2,3,3,3,0,6.796823718274855,6,0.0,0.0,894.0,1,3,1,4,6.795705775173514,0.0,0.0,6.795705775173514,1,0.0,1,0,3,0.6931471805599453,3,5,6,0,0,1,1975.0,3,2,552,3,3,2,5.54907608489522,0.0,0.0,0.0,0.0,0.0,0,1,1,0.0,7,2006,8,0,149900.0,7.488852955733459,2,34,34,3.4657359027997265,12,5.186267862739414,276.0,2.394431889485149,5.54907608489522,0.0,0,0.6931471805599453,0.6931471805599453,0,11.917730355182513
305,4.31748811353631,4,4.465908118654584,9.8193447844237,1,1,3,3,0,4,0,17,2,2,0,3,7,9,1880,2002,1,1,5,5,2,0.0,3,3,0,3,3,3,6,0.0,6,0.0,7.293697720601438,1470.0,1,5,1,4,7.423568444259167,7.506042178518122,0.0,8.158516244806831,0,0.0,3,0,3,0.6931471805599453,4,10,6,1,5,1,2003.0,3,3,870,3,3,2,5.713732805509369,0.0,0.0,0.0,0.0,0.0,0,4,1,0.0,5,2008,8,4,295000.0,8.50976567558744,3,128,6,1.791759469228055,16,5.855931151812786,290.0,1.660828539616868,5.713732805509369,0.0,1,0.6931471805599453,0.6931471805599453,0,12.59473402514672
306,2.995732273553991,3,4.382026634673881,9.248214024404264,1,1,3,3,0,4,0,5,2,2,0,2,8,5,2004,2005,1,1,5,5,3,5.5093883366279774,4,3,2,4,3,3,2,7.289610521451167,6,0.0,6.285998094508865,2000.0,1,5,1,4,7.600902459542082,0.0,0.0,7.600902459542082,1,0.0,2,0,3,0.6931471805599453,4,8,6,0,0,1,2004.0,0,3,888,3,3,2,5.1298987149230735,0.0,0.0,0.0,0.0,0.0,0,4,1,0.0,7,2007,8,4,305900.0,8.294049640102028,3,3,2,1.3862943611198906,13,5.521460917862246,296.0,1.6473115648621819,5.1298987149230735,0.0,0,0.6931471805599453,0.6931471805599453,1,12.631016799175821
307,4.0943445622221,3,4.7535901911063645,9.508517181520606,1,1,3,3,0,4,0,20,1,2,0,5,7,5,1990,1991,1,1,6,10,1,5.5093883366279774,4,3,1,4,3,3,0,6.55250788703459,6,0.0,0.0,700.0,1,4,1,4,7.022868086082641,7.022868086082641,0.0,7.715569534520208,1,0.0,2,1,4,0.6931471805599453,4,8,6,1,3,1,1990.0,2,3,746,3,3,2,4.852030263919617,3.8066624897703196,5.41610040220442,0.0,0.0,0.0,0,4,1,0.0,6,2007,8,4,225000.0,7.987184748233473,4,17,16,2.8903717578961645,12,5.636127992840373,248.66666666666666,1.7929476470003969,5.981414211254481,0.0,1,0.6931471805599453,0.6931471805599453,1,12.323860125621126
308,3.912023005428146,4,4.0943445622221,8.977146484808472,1,0,0,3,0,4,0,9,0,2,0,0,6,7,1920,1950,1,1,8,8,2,0.0,3,2,1,3,3,3,6,0.0,6,0.0,5.768320995793772,319.0,1,3,1,0,6.942156705699469,5.918893854273146,0.0,7.2485040723706105,0,0.0,1,0,3,0.6931471805599453,2,6,6,0,0,6,0.0,1,0,0,0,0,0,0.0,4.976733742420574,0.0,0.0,0.0,0.0,0,2,1,0.0,3,2008,8,4,89500.0,7.45298232946546,1,88,58,7.605392364814935,13,5.456744603142555,0.0,1.7286424124378612,4.976733742420574,0.0,0,0.6931471805599453,0.0,0,11.402005077384885
309,3.4011973816621555,3,4.182050142641207,9.420763358881013,1,1,0,3,0,4,0,7,2,2,0,2,4,5,1940,1950,1,1,12,13,2,0.0,3,3,1,3,3,3,1,5.572154032177765,6,0.0,6.396929655216146,861.0,1,5,1,4,6.7580945044277305,0.0,0.0,6.7580945044277305,0,0.0,1,0,1,0.6931471805599453,3,4,6,0,0,5,1961.0,3,2,539,3,3,2,5.0689042022202315,0.0,0.0,0.0,0.0,0.0,0,4,1,0.0,3,2009,8,4,82500.0,7.451241684987676,1,69,59,3.8918202981106265,9,5.371800143307841,269.5,2.6626688544532815,5.0689042022202315,0.0,0,0.6931471805599453,0.6931471805599453,0,11.320565693461432
310,2.995732273553991,3,4.499809670330265,9.423675982299306,1,1,0,3,0,4,0,16,2,2,0,2,9,5,2003,2004,1,1,12,13,2,0.0,4,3,2,5,3,1,2,7.150701457592526,6,0.0,6.434546518787453,1896.0,1,5,1,4,7.572502985020384,0.0,0.0,7.572502985020384,1,0.0,2,0,3,0.6931471805599453,5,8,6,3,5,1,2003.0,0,3,708,3,3,2,5.342334251964811,5.170483995038151,0.0,0.0,0.0,0.0,0,4,1,0.0,11,2006,8,4,360000.0,8.253227645581772,3,3,2,1.3862943611198906,14,5.493061443340548,236.0,1.8511729972789224,5.950642552587727,0.0,1,0.6931471805599453,0.6931471805599453,0,12.793862088206213
311,4.0943445622221,3,4.174387269895637,8.947025655972697,1,1,0,3,0,4,0,8,2,2,0,5,6,5,1993,1994,1,1,6,6,1,4.727387818712341,3,3,2,4,3,3,0,6.251903883165888,6,0.0,5.19295685089021,697.0,1,4,1,4,6.546785410760524,6.690842277418564,0.0,7.313886831633462,0,0.0,2,1,3,0.6931471805599453,4,6,6,1,3,1,1993.0,0,2,420,3,3,2,5.25227342804663,4.1588830833596715,0.0,0.0,0.0,0.0,0,4,1,0.0,5,2006,8,4,165600.0,7.6953031349635665,3,13,12,2.6390573296152584,11,5.522127362405407,210.0,1.6331388243392342,5.537334267018537,0.0,1,0.6931471805599453,0.6931471805599453,1,12.017336559562407
312,2.995732273553991,3,3.912023005428146,8.987196820661973,1,1,3,3,0,4,0,12,2,2,0,2,6,6,1948,2002,1,1,12,13,2,0.0,3,4,1,3,3,3,0,6.523562306149512,6,0.0,5.680172609017068,972.0,1,5,1,4,6.879355804460439,0.0,0.0,6.879355804460439,1,0.0,1,0,2,0.6931471805599453,3,5,6,1,4,5,1948.0,3,1,240,3,3,2,0.0,0.0,0.0,0.0,0.0,0.0,0,4,1,0.0,5,2009,8,4,132000.0,7.572502985020384,2,61,7,4.127134385045092,12,5.2699178920263385,240.0,2.107841016201534,0.0,0.0,1,0.6931471805599453,0.6931471805599453,0,11.790564777297387
313,5.247024072160486,4,4.174387269895637,8.961879012677683,1,1,3,3,0,4,0,17,0,2,1,0,5,7,1939,1950,1,1,8,8,2,0.0,3,3,1,4,3,2,5,6.230481447578482,6,0.0,5.659482215759621,793.0,1,3,1,4,6.675823221634848,5.786897381366708,0.0,7.0192966537150445,1,0.0,1,0,3,0.6931471805599453,3,5,6,1,4,5,1939.0,3,2,410,3,3,2,0.0,0.0,0.0,0.0,5.605802066295998,0.0,0,2,1,0.0,5,2006,8,4,119900.0,7.555381944240273,2,67,56,4.219507705176107,12,5.409858741280944,205.0,1.9425823589626385,5.605802066295998,0.0,1,0.6931471805599453,0.6931471805599453,0,11.694421681264394
314,2.995732273553991,3,5.0106352940962555,12.279532193216468,1,1,2,2,0,4,2,23,2,2,0,2,7,5,1965,1965,3,1,3,3,2,0.0,3,3,1,4,3,1,0,7.1204443723924875,5,6.710523109452428,4.394449154672439,2136.0,2,3,1,4,7.618742377670413,0.0,0.0,7.618742377670413,2,0.0,2,0,3,0.6931471805599453,3,8,6,2,4,1,1965.0,2,2,513,3,3,2,0.0,0.0,0.0,0.0,0.0,0.0,0,4,1,0.0,6,2009,8,4,375000.0,8.336150816120663,4,44,44,3.8066624897703196,12,5.539300835990577,256.5,4.660789815546054,0.0,0.0,1,0.6931471805599453,0.6931471805599453,0,12.834683971615659
315,4.248495242049359,4,4.0943445622221,9.169518377455928,1,0,3,3,0,4,0,17,2,2,0,5,7,7,1925,1990,1,1,13,14,2,0.0,3,3,0,3,4,3,3,2.833213344056216,6,0.0,6.569481420414296,728.0,1,5,1,4,6.723832440821209,6.697034247666484,0.0,7.403061091090091,0,0.6931471805599453,1,1,3,0.6931471805599453,5,6,6,1,4,5,1925.0,3,2,546,2,3,2,0.0,0.0,5.459585514144159,0.0,0.0,0.0,0,4,1,0.0,8,2006,8,4,178000.0,7.7702232041587855,3,81,16,4.406719247264253,14,5.611301621862036,273.0,1.7664572863658368,5.459585514144159,0.0,1,0.6931471805599453,0.6931471805599453,0,12.08954444723597
316,4.0943445622221,3,4.2626798770413155,8.961237781491876,1,1,0,3,0,4,0,8,2,2,0,5,7,5,2004,2005,1,1,12,13,2,0.0,4,3,2,4,3,3,2,6.054439346269371,6,0.0,5.676753802268282,716.0,1,5,1,4,6.573680166960646,6.57507584059962,0.0,7.266827347520591,1,0.0,2,1,3,0.6931471805599453,4,6,6,1,4,1,2004.0,0,2,432,3,3,2,4.61512051684126,3.9512437185814275,0.0,0.0,0.0,0.0,0,4,1,0.0,7,2009,8,4,188500.0,7.672292455628756,4,5,4,1.791759469228055,12,5.475067878292536,216.0,1.694410433971286,5.0238805208462765,0.0,1,0.6931471805599453,0.6931471805599453,0,12.146858590895919
317,4.0943445622221,3,4.543294782270004,9.473089177882752,1,1,0,3,0,0,0,14,2,2,0,5,7,7,1980,1980,1,1,5,5,1,5.631211781821365,4,3,1,4,3,3,2,6.541029999189903,6,0.0,5.0369526024136295,845.0,1,3,1,4,7.050122520269059,7.0909098220799835,0.0,7.763446388727362,1,0.0,2,1,4,0.6931471805599453,5,10,6,1,3,1,1983.0,2,2,484,3,3,2,5.666426688112432,5.278114659230517,0.0,0.0,0.0,0.0,0,0,1,0.0,8,2009,8,4,260000.0,8.0702808933939,4,29,29,3.295836866004329,14,5.4608612957333165,242.0,1.7096427891553894,6.182084906716632,0.0,1,0.6931471805599453,0.6931471805599453,1,12.468440756144114
318,4.0943445622221,1,4.31748811353631,9.104979856318357,1,1,3,3,0,4,0,21,2,2,0,5,8,5,2006,2006,1,1,12,13,2,0.0,4,3,2,4,3,0,6,0.0,6,0.0,6.9930151229329605,1088.0,1,5,1,4,6.992096427415888,6.77078942390898,0.0,7.580189417944541,0,0.0,2,1,3,0.6931471805599453,4,8,6,1,4,1,2006.0,2,3,1025,3,3,2,5.342334251964811,3.8501476017100584,0.0,0.0,0.0,0.0,0,4,1,0.0,12,2007,8,4,270000.0,8.021912778985708,3,1,1,0.6931471805599453,13,5.500747876264705,341.6666666666667,1.5247904383738156,5.541263545158426,0.0,1,0.6931471805599453,0.6931471805599453,0,12.506180941677357
319,4.0943445622221,3,4.499809670330265,9.20029003612268,1,1,3,2,0,4,1,15,2,2,0,5,7,5,1993,1993,1,1,6,6,1,5.54907608489522,4,3,2,4,3,1,2,6.895682697747868,6,0.0,5.8888779583328805,1347.0,1,5,1,4,7.22402480828583,7.150701457592526,0.0,7.880804344674901,1,0.0,2,1,4,0.6931471805599453,4,9,6,1,3,1,1993.0,2,3,656,3,3,2,5.831882477283517,4.110873864173311,4.976733742420574,0.0,0.0,0.0,0,4,1,0.0,4,2009,8,4,260000.0,8.292298107063221,4,16,16,2.833213344056216,12,5.683579767338681,218.66666666666666,1.3194856914477804,6.300785794663244,0.0,1,0.6931471805599453,0.6931471805599453,1,12.468440756144114
320,4.382026634673881,3,4.382026634673881,9.55499334068759,1,1,3,3,0,4,0,14,2,2,0,7,7,5,1980,1980,1,1,9,10,1,5.420534999272286,3,3,1,4,3,0,2,6.9440872082295275,6,0.0,5.820082930352362,1372.0,1,3,1,4,7.294377299288821,0.0,0.0,7.294377299288821,1,0.0,2,0,3,0.6931471805599453,3,6,6,2,3,1,1980.0,3,2,588,3,3,2,5.455321115357702,3.8918202981106265,0.0,0.0,0.0,0.0,0,4,1,0.0,6,2009,8,4,187500.0,7.952966790923131,3,29,29,3.4011973816621555,12,5.502617830060767,294.0,2.260616041398768,5.641907070938114,0.0,1,0.6931471805599453,0.6931471805599453,1,12.141539457711714
321,4.0943445622221,3,4.709530201312334,9.696401880595555,1,1,3,3,0,0,0,16,2,2,0,5,9,5,2006,2006,1,1,12,13,3,5.916202062607435,3,3,2,5,4,0,6,0.0,6,0.0,7.1308988302963465,1249.0,1,5,1,4,7.130098510125578,7.206377291472252,0.0,7.86172707782398,0,0.0,3,1,4,0.6931471805599453,4,9,6,0,0,1,2006.0,2,3,840,3,3,2,5.484796933490655,5.043425116919247,0.0,0.0,0.0,0.0,0,4,1,0.0,9,2006,6,5,342643.0,8.254528881939745,4,0,0,0.0,14,5.664502500487761,280.0,1.8346748027715745,5.978885764901122,0.0,0,0.6931471805599453,0.6931471805599453,1,12.74444728628135
322,4.0943445622221,3,4.59511985013459,9.400878083541478,1,1,0,3,0,4,0,16,2,2,0,5,8,5,2004,2004,1,1,12,13,1,5.963579343618446,4,3,2,5,3,0,2,6.878326468291325,6,0.0,5.117993812416755,1136.0,1,5,1,4,7.035268599281097,7.195187320178709,0.0,7.811163385025279,1,0.0,2,1,4,0.6931471805599453,4,10,6,1,4,3,2004.0,0,3,872,3,3,2,5.220355825078324,5.043425116919247,0.0,0.0,0.0,0.0,0,4,1,0.0,6,2007,8,4,354000.0,8.189799618728228,4,3,3,1.3862943611198906,13,5.508578292031233,290.6666666666667,1.5897146985161994,5.82600010738045,0.0,1,0.6931471805599453,0.6931471805599453,1,12.777055016970678
323,4.0943445622221,3,4.454347296253507,9.24763615671988,1,1,0,3,0,4,0,20,2,2,0,5,7,5,1986,1987,1,1,9,10,1,5.153291594497779,4,3,1,3,3,1,3,3.367295829986474,0,7.29641326877392,0.0,1502.0,1,5,1,4,7.347943823148687,7.071573364211532,0.0,7.912056888179006,1,0.0,2,1,4,0.6931471805599453,4,8,6,1,3,1,1987.0,0,2,576,3,3,2,5.308267697401205,4.574710978503383,0.0,0.0,0.0,0.0,0,2,1,0.0,8,2007,8,4,301000.0,8.350429973538136,4,21,20,3.044522437723423,12,5.8326153464991695,288.0,1.3355792685408743,5.697093486505405,0.0,1,0.6931471805599453,0.6931471805599453,1,12.614868865984631
324,2.995732273553991,4,3.8918202981106265,8.669055540725484,1,1,3,3,0,4,0,17,2,2,0,2,3,8,1955,2005,1,1,12,13,2,0.0,3,4,1,3,3,3,0,5.54907608489522,6,0.0,6.810142450115136,1162.0,1,5,1,4,7.0587581525186645,0.0,0.0,7.0587581525186645,1,0.0,1,0,3,0.6931471805599453,3,6,6,0,0,1,1955.0,3,1,220,2,3,2,4.962844630259907,4.59511985013459,0.0,0.0,0.0,0.0,0,4,1,0.0,7,2006,8,4,126175.0,7.751475318021456,2,51,1,3.9512437185814275,11,5.266998683290609,220.0,1.6102973882068192,5.484796933490655,0.0,0,0.6931471805599453,0.6931471805599453,0,11.745433036677353
325,4.382026634673881,3,4.564348191467836,9.330343164370879,1,1,3,3,0,0,0,12,4,2,0,7,7,7,1967,2007,4,6,13,14,1,5.707110264748875,4,4,1,4,3,3,6,0.0,6,0.0,6.566672429803241,710.0,1,5,1,4,7.5485559791698735,6.985641817639208,0.0,7.999007213243955,0,0.0,2,1,5,0.6931471805599453,4,11,6,1,4,3,1961.0,0,2,564,3,3,2,5.484796933490655,0.0,0.0,0.0,0.0,0.0,0,4,1,0.0,6,2010,8,4,242000.0,8.212839584676484,3,43,3,3.912023005428146,14,5.601111940445584,282.0,1.3313359511269247,5.484796933490655,0.0,1,0.6931471805599453,0.6931471805599453,1,12.396697137361691
326,3.8066624897703196,4,3.912023005428146,8.517193191416238,1,1,3,3,0,4,0,9,5,2,0,1,5,6,1941,1950,1,1,8,8,2,0.0,3,3,1,3,3,0,1,4.762173934797756,6,0.0,6.405228458030842,720.0,1,1,0,1,6.688354713946762,0.0,0.0,6.688354713946762,0,0.0,1,0,2,0.6931471805599453,3,5,6,0,0,5,1941.0,3,2,360,3,3,2,0.0,0.0,5.501258210544727,0.0,0.0,0.0,0,4,1,0.0,12,2007,8,4,87000.0,7.328437352895162,1,66,57,4.204692619390966,11,5.078916801512661,180.0,1.8288384774694757,5.501258210544727,0.0,0,0.6931471805599453,0.6931471805599453,0,11.373674891823535
327,4.787491742782046,3,3.4657359027997265,9.291551627401006,1,1,0,3,0,1,0,24,2,2,4,2,8,5,1993,1993,1,1,3,3,2,0.0,4,3,2,4,3,1,2,7.3901814282264295,6,0.0,4.61512051684126,1719.0,1,5,1,4,7.449498005382849,0.0,0.0,7.449498005382849,2,0.0,1,1,1,0.6931471805599453,4,6,6,2,4,1,1993.0,0,2,473,3,3,2,4.812184355372417,3.4339872044851463,0.0,0.0,0.0,0.0,0,4,1,0.0,5,2008,2,4,324000.0,8.142645185942795,4,15,15,2.772588722239781,13,5.6577385361547945,236.5,1.8420536220181567,5.030437921392435,0.0,1,0.6931471805599453,0.6931471805599453,0,12.688501881189456
328,2.995732273553991,3,4.382026634673881,9.358760377094455,1,1,3,3,0,4,0,12,2,2,0,2,6,5,1960,1960,3,1,13,14,1,5.170483995038151,3,3,1,3,3,3,5,6.338594078203183,6,0.0,6.70808408385307,1383.0,1,3,1,4,7.232010331664759,0.0,0.0,7.232010331664759,0,0.0,1,1,3,0.6931471805599453,3,7,6,0,0,1,1960.0,2,1,292,3,3,2,0.0,3.828641396489095,0.0,0.0,0.0,0.0,0,4,1,0.0,4,2006,8,4,145250.0,7.925157512224703,2,46,46,3.8501476017100584,11,5.286100182609445,292.0,2.1267500454296977,3.828641396489095,0.0,0,0.6931471805599453,0.6931471805599453,1,11.886218559372042
329,4.31748811353631,3,3.9512437185814275,9.38328476695754,1,2,0,0,0,4,0,3,4,2,0,4,6,6,1916,1994,1,1,13,15,2,0.0,3,3,0,3,3,3,6,0.0,6,0.0,6.739336627357174,844.0,1,4,0,0,7.275864600546533,6.536691597591305,0.0,7.665753431861699,0,0.0,2,0,5,0.6931471805599453,4,10,6,0,0,5,1930.0,3,2,441,3,3,2,0.0,4.110873864173311,5.594711379601839,0.0,0.0,0.0,0,4,1,0.0,7,2009,8,4,214500.0,7.999007213243955,2,93,15,4.382026634673881,12,5.363168338867653,220.5,1.7175313350958417,5.796057750765372,0.0,0,0.6931471805599453,0.6931471805599453,0,12.276069679344003
330,4.248495242049359,4,4.0943445622221,8.764365720529808,1,1,3,3,0,0,0,9,2,2,0,5,5,5,1920,1950,1,1,13,15,2,0.0,3,3,2,3,3,2,6,0.0,6,0.0,6.391917113392602,596.0,1,3,0,4,6.39024066706535,6.391917113392602,0.0,7.083387847625295,0,0.0,1,0,3,0.6931471805599453,3,6,6,0,0,5,1920.0,3,1,189,2,2,0,0.0,0.0,4.927253685157205,0.0,0.0,0.0,0,1,1,0.0,7,2009,8,4,78000.0,7.488852955733459,1,89,59,4.499809670330265,10,5.29162837839724,189.0,1.6809778729045133,4.927253685157205,0.0,0,0.6931471805599453,0.6931471805599453,0,11.264476926102367
331,4.499809670330265,3,4.290459441148391,9.270870871716214,1,1,0,3,0,4,0,12,2,2,2,2,5,4,1964,1964,1,1,6,6,1,4.442651256490317,3,3,1,3,3,3,2,3.713572066704308,5,5.579729825986222,7.261927092702751,1728.0,1,3,1,4,7.454719949364001,0.0,0.0,7.454719949364001,0,0.6931471805599453,2,0,6,1.0986122886681098,3,10,6,0,0,5,2002.0,3,1,352,3,3,2,5.049856007249537,0.0,0.0,0.0,0.0,0.0,0,4,1,0.0,11,2007,8,4,119000.0,8.147867129923947,3,43,43,1.791759469228055,9,5.152134856369956,352.0,1.816150922352214,5.049856007249537,0.0,0,0.6931471805599453,0.6931471805599453,1,11.686887175419702
332,2.995732273553991,3,4.248495242049359,9.008958312443486,1,1,3,3,0,4,0,12,2,2,0,2,5,6,1958,1992,1,1,13,14,2,0.0,3,3,1,3,3,3,5,6.741700694652055,6,0.0,5.351858133476067,1056.0,1,2,1,4,6.962243464266207,0.0,0.0,6.962243464266207,1,0.0,1,0,3,0.6931471805599453,3,6,6,0,0,1,1958.0,2,1,308,3,3,2,0.0,0.0,0.0,0.0,0.0,0.0,0,4,1,0.0,8,2007,8,4,139000.0,7.655390644826152,2,49,15,3.912023005428146,11,5.170483995038151,308.0,2.046714848177279,0.0,0.0,0,0.6931471805599453,0.6931471805599453,0,11.842236406331555
333,2.995732273553991,3,4.442651256490317,9.273784544532717,1,1,0,3,0,4,0,16,2,2,0,2,8,5,2003,2004,1,1,12,13,1,5.6937321388027,4,3,2,4,3,3,2,7.025538314638521,4,6.173786103901937,7.38025578842646,1954.8,1,5,1,4,7.395721608602045,0.0,0.0,7.395721608602045,1,0.0,2,0,3,0.6931471805599453,4,7,6,1,4,1,2003.0,2,3,880,3,3,2,0.0,0.0,0.0,0.0,0.0,0.0,0,4,1,0.0,10,2009,8,4,284000.0,8.184178968966314,3,6,5,1.9459101490553132,13,5.449811459546732,293.3333333333333,1.8780629359306724,0.0,0.0,1,0.6931471805599453,0.6931471805599453,1,12.556733038263905
334,4.787491742782046,4,4.07753744390572,9.011645501064283,1,1,3,3,0,3,0,16,2,2,4,2,7,5,2004,2004,1,1,12,13,3,4.990432586778736,4,3,2,4,3,0,2,6.580639137284949,6,0.0,6.459904454377535,1358.0,1,5,1,4,7.213768308118642,0.0,0.0,7.213768308118642,1,0.0,2,0,2,0.6931471805599453,4,6,6,1,4,1,2004.0,2,2,484,3,3,2,5.262690188904886,3.4339872044851463,0.0,0.0,0.0,0.0,0,4,1,0.0,7,2008,8,4,207000.0,7.906915488678587,3,4,4,1.6094379124341003,12,5.422008838890586,242.0,1.7978771929456414,5.407171771460119,0.0,1,0.6931471805599453,0.6931471805599453,1,12.240478903153711
335,4.0943445622221,3,4.07753744390572,9.109635667854551,1,1,0,3,0,4,0,8,2,2,0,5,6,5,1998,1998,1,1,12,13,2,0.0,3,3,2,4,3,1,2,6.720220155135295,6,0.0,4.7535901911063645,943.0,1,4,1,4,6.849066282633458,6.54534966033442,0.0,7.401231264413015,1,0.0,2,1,3,0.6931471805599453,3,7,6,2,3,1,1998.0,0,2,472,3,3,2,4.61512051684126,3.6635616461296463,0.0,0.0,0.0,0.0,0,4,1,0.0,7,2008,8,4,192000.0,7.855932199718614,4,10,10,2.3978952727983707,11,5.455321115357702,236.0,1.7084044034415358,4.9344739331306915,0.0,1,0.6931471805599453,0.6931471805599453,0,12.165255859329688
336,5.247024072160486,3,4.442651256490317,12.011638020852416,0,1,0,1,0,0,2,23,2,2,1,0,5,6,1965,1965,1,1,9,10,2,0.0,3,3,1,3,3,1,0,7.1308988302963465,1,4.997212273764115,4.6443908991413725,1499.0,1,5,1,4,7.389563953677635,5.123963979403259,0.0,7.487733761436444,2,0.0,2,0,3,0.6931471805599453,3,7,6,2,4,1,1965.0,0,2,529,3,3,2,6.508769136971682,0.0,0.0,0.0,0.0,0.0,0,4,3,6.55250788703459,8,2008,8,4,228950.0,8.09712193091871,4,43,43,3.784189633918261,11,5.541823612381131,264.5,4.523904259415973,6.508769136971682,0.0,1,0.6931471805599453,0.6931471805599453,0,12.34126328584159
337,2.995732273553991,3,4.454347296253507,9.557964480394498,1,1,0,1,0,0,0,22,2,2,0,2,9,5,2005,2006,3,1,12,13,3,5.303304908059076,4,3,2,5,3,1,2,7.1308988302963465,6,0.0,6.513230110912307,1922.0,1,5,1,4,7.561121589530238,0.0,0.0,7.561121589530238,1,0.0,2,0,3,0.6931471805599453,4,8,6,1,4,1,2005.0,0,3,676,3,3,2,5.187385805840755,3.9512437185814275,0.0,0.0,0.0,0.0,0,4,1,0.0,7,2007,8,4,377426.0,8.254268770090183,3,2,1,1.0986122886681098,14,5.481680047850402,225.33333333333334,1.9968428908642595,5.438079308923196,0.0,1,0.6931471805599453,0.6931471805599453,1,12.841132451487937
338,2.995732273553991,3,4.248495242049359,9.119868468812108,1,1,3,3,0,4,0,5,2,2,0,2,7,5,2002,2003,1,1,12,13,1,4.736198448394496,4,3,2,4,3,0,2,6.698268054115413,6,0.0,6.588926477533519,1536.0,1,5,1,4,7.336936913707618,0.0,0.0,7.336936913707618,1,0.0,2,0,3,0.6931471805599453,4,7,6,0,0,1,2002.0,2,2,532,3,3,2,5.262690188904886,4.31748811353631,0.0,0.0,0.0,0.0,0,4,1,0.0,12,2008,8,4,214000.0,8.030084094267563,3,6,5,1.9459101490553132,12,5.391026764652304,266.0,1.7829315551044895,5.58724865840025,0.0,0,0.6931471805599453,0.6931471805599453,1,12.273735966890268
339,2.995732273553991,3,4.51085950651685,9.557116483735667,1,1,3,3,0,0,0,14,2,2,0,2,7,7,1984,1998,1,1,13,14,2,0.0,4,3,1,4,3,2,0,5.365976015021851,6,0.0,6.903747257584598,1208.0,1,5,1,4,7.390798521735676,0.0,0.0,7.390798521735676,1,0.0,2,0,3,0.6931471805599453,4,8,6,0,0,1,1984.0,2,2,440,3,3,2,4.6913478822291435,3.828641396489095,0.0,0.0,0.0,0.0,0,4,3,5.993961427306569,5,2006,8,4,202500.0,7.947678571301568,3,22,8,3.1354942159291497,14,5.31135698005584,220.0,2.1663179619999915,5.0369526024136295,0.0,0,0.6931471805599453,0.6931471805599453,0,12.218500103788143
340,2.995732273553991,3,4.189654742026425,9.425451751593128,1,1,0,3,0,4,0,12,1,2,0,2,6,7,1958,1998,3,1,13,14,1,5.176149732573829,3,3,1,3,2,3,5,6.373319789577012,6,0.0,6.447305862541213,1215.0,1,3,1,0,7.102499355774649,0.0,0.0,7.102499355774649,0,0.0,1,0,3,0.6931471805599453,3,6,6,0,0,1,1958.0,3,1,297,3,3,2,0.0,0.0,0.0,0.0,5.459585514144159,0.0,0,4,1,0.0,6,2009,8,4,155000.0,7.795646536334594,1,51,11,3.9512437185814275,13,5.310739886546594,297.0,2.3229523958184792,5.459585514144159,0.0,0,0.6931471805599453,0.6931471805599453,1,11.951186847493476
341,4.0943445622221,3,4.442651256490317,9.560363239834537,1,1,3,3,0,4,0,23,2,2,0,5,8,5,2002,2002,1,1,12,13,2,0.0,4,3,2,4,3,3,6,0.0,6,0.0,6.875232087276577,967.0,1,5,1,4,6.900730664045173,6.82001636467413,0.0,7.553810852008231,0,0.0,2,1,4,0.6931471805599453,4,9,6,0,0,1,2002.0,0,2,431,3,3,2,4.912654885736052,0.0,0.0,0.0,0.0,0.0,0,4,1,0.0,4,2010,8,4,202900.0,7.963807953231451,3,8,8,2.1972245773362196,13,5.356586274672012,215.5,2.006552387826306,4.912654885736052,0.0,0,0.6931471805599453,0.6931471805599453,0,12.220473454337986
342,2.995732273553991,2,4.0943445622221,9.035986984831405,1,1,3,3,0,4,0,20,1,2,0,2,4,4,1950,1950,1,1,13,0,2,0.0,2,2,1,3,2,3,6,0.0,6,0.0,6.582025138892826,721.0,1,4,1,4,6.734591659972948,0.0,0.0,6.734591659972948,0,0.0,1,0,2,0.6931471805599453,3,4,6,0,0,4,1950.0,3,1,294,3,3,0,5.5254529391317835,0.0,3.2188758248682006,0.0,0.0,0.0,0,4,1,0.0,9,2009,8,4,82000.0,7.3537223303996315,1,59,59,4.0943445622221,8,5.3482972988530575,294.0,2.301395324858457,5.616771097666572,0.0,0,0.6931471805599453,0.6931471805599453,0,11.314486721293981
343,4.499809670330265,3,4.290459441148391,9.052984561199976,1,1,3,3,0,4,0,12,2,2,2,2,3,4,1949,1950,1,1,11,12,1,5.831882477283517,3,3,3,0,0,4,4,0.0,4,0.0,0.0,0.0,5,2,0,0,6.946975992135418,0.0,0.0,6.946975992135418,0,0.0,2,0,2,1.0986122886681098,3,6,6,0,0,5,1949.0,3,2,400,3,3,2,0.0,0.0,0.0,0.0,0.0,0.0,0,4,1,0.0,5,2006,8,4,87500.0,6.946975992135418,2,57,56,4.060443010546419,7,5.155216522907363,200.0,2.106008569064558,0.0,0.0,0,0.0,0.6931471805599453,1,11.37940550085183
344,4.787491742782046,3,4.143134726391533,9.08805973726735,1,1,0,3,0,4,0,16,2,2,4,2,9,5,2005,2005,3,1,8,8,1,6.424869023905388,5,3,2,5,3,3,2,3.367295829986474,6,0.0,7.4127640174265625,1684.0,1,5,1,4,7.428927194802272,0.0,0.0,7.428927194802272,0,0.0,2,0,2,0.6931471805599453,5,6,6,1,5,1,2005.0,2,2,564,3,3,2,6.206575926724928,4.290459441148391,0.0,0.0,0.0,0.0,0,4,1,0.0,7,2008,8,4,266000.0,8.122074375362217,2,3,3,1.3862943611198906,14,5.637167725574217,282.0,1.659132542465078,6.342121418721152,0.0,1,0.6931471805599453,0.6931471805599453,1,12.491255347155265
345,5.075173815233827,4,3.58351893845611,7.860185057472165,1,1,3,3,0,4,0,10,2,2,4,5,5,3,1976,1976,1,1,5,5,2,0.0,3,3,1,4,3,3,5,4.867534450455582,1,5.4510384535657,5.170483995038151,536.0,1,3,1,4,6.284134161070802,6.3578422665081,0.0,7.013915474810528,0,0.0,1,1,3,0.6931471805599453,3,4,6,0,0,1,1976.0,3,1,336,3,3,2,5.209486152841421,0.0,0.0,0.0,0.0,0.0,0,4,1,0.0,4,2010,8,4,85000.0,7.4073177104694174,2,34,34,3.5553480614894135,8,5.627621113690637,336.0,0.8462695826616377,5.209486152841421,0.0,0,0.6931471805599453,0.6931471805599453,0,11.350418300109132
346,3.912023005428146,3,4.174387269895637,8.769507120030227,1,1,3,3,0,4,0,3,6,2,0,0,6,5,1939,1950,1,1,8,8,2,0.0,3,3,0,3,3,3,6,0.0,6,0.0,6.880384082186005,972.0,1,4,1,4,6.879355804460439,6.406879986069314,0.0,7.3632795869630385,0,0.0,1,0,3,0.6931471805599453,2,6,6,1,4,5,1939.0,3,1,312,3,3,2,0.0,0.0,0.0,0.0,0.0,0.0,0,4,1,0.0,10,2006,8,4,140200.0,7.8434564043761155,1,67,56,4.219507705176107,11,5.571520117734983,312.0,1.4062275330671885,0.0,0.0,1,0.6931471805599453,0.6931471805599453,0,11.850832386224807
347,2.995732273553991,3,4.290459441148391,9.455010553834672,1,1,0,3,0,1,0,12,2,2,0,2,6,8,1960,1998,3,1,8,8,2,0.0,3,4,1,3,3,2,1,6.212606095751519,6,0.0,6.133398042996649,958.0,1,3,1,4,6.86484777797086,0.0,0.0,6.86484777797086,0,0.0,1,0,2,0.6931471805599453,3,5,6,0,0,1,1960.0,2,1,301,3,3,2,0.0,0.0,0.0,0.0,0.0,0.0,0,4,0,9.648659816955295,4,2007,8,4,151500.0,7.557994958530806,1,47,9,3.871201010907891,14,5.25540986553676,301.0,2.590162775863812,0.0,0.0,0,0.6931471805599453,0.6931471805599453,0,11.928347504569842
348,2.995732273553991,3,4.290459441148391,9.775654181026242,1,1,0,3,0,4,0,12,2,2,0,2,6,5,1960,1960,1,1,13,14,1,3.4339872044851463,3,3,1,3,3,3,1,7.147559271189454,6,0.0,5.342334251964811,1478.0,1,5,1,0,7.298445101508147,0.0,0.0,7.298445101508147,1,0.0,2,0,3,0.6931471805599453,3,6,6,2,4,1,1960.0,3,2,498,3,3,2,0.0,3.713572066704308,0.0,0.0,0.0,0.0,0,4,1,0.0,12,2009,8,4,157500.0,7.991592282068092,3,49,49,3.912023005428146,11,5.506685632280092,249.0,2.477209079518096,3.713572066704308,0.0,1,0.6931471805599453,0.6931471805599453,1,11.967187086434018
349,5.075173815233827,3,3.58351893845611,7.803026643632217,1,1,3,3,0,4,0,16,2,2,3,5,7,5,2003,2004,1,1,12,15,3,4.672828834461906,4,3,2,4,3,3,2,6.352629396319567,6,0.0,5.2574953720277815,764.0,1,5,1,4,6.638567789166521,6.760414691083428,0.0,7.3938782901077555,1,0.0,2,1,2,0.6931471805599453,4,6,6,0,0,3,2003.0,2,2,474,3,3,2,0.0,3.332204510175204,0.0,0.0,0.0,0.0,0,4,1,0.0,10,2008,8,4,154000.0,7.779048644925556,4,5,4,1.791759469228055,12,5.602118820879701,237.0,0.40914835352446083,3.332204510175204,0.0,0,0.6931471805599453,0.6931471805599453,1,11.944714374881176
350,4.0943445622221,3,4.02535169073515,9.924808634239811,1,1,1,3,0,4,0,16,2,2,0,5,9,5,2005,2006,3,1,5,5,1,6.769641976852503,5,3,2,5,3,3,2,7.252053951852814,6,0.0,6.0844994130751715,1848.0,1,5,1,4,7.521859252201629,6.78105762593618,0.0,7.911324018963353,1,0.0,2,1,4,0.6931471805599453,5,10,6,2,5,1,2006.0,0,3,706,3,3,2,0.0,0.0,0.0,0.0,0.0,0.0,0,4,1,0.0,4,2006,6,5,437154.0,8.428580533059634,4,1,0,0.0,14,5.608738925969307,235.33333333333334,2.013484615276459,0.0,0.0,1,0.6931471805599453,0.6931471805599453,1,12.988043102265232
351,4.787491742782046,3,4.219507705176107,8.964439833539357,1,1,0,3,0,4,0,16,2,2,4,2,9,5,2007,2007,3,1,8,8,1,5.8944028342648505,5,3,2,5,3,3,6,0.0,6,0.0,7.533693709848633,1869.0,1,5,1,4,7.533158807455563,0.0,0.0,7.533158807455563,0,0.0,2,0,2,0.6931471805599453,5,6,6,1,4,1,2007.0,2,2,617,3,3,2,5.351858133476067,4.007333185232471,0.0,0.0,0.0,0.0,0,4,1,0.0,12,2007,6,5,318061.0,8.226305988015508,2,0,0,0.0,14,5.741399338227508,308.5,1.4312810260837938,5.579729825986222,0.0,1,0.6931471805599453,0.6931471805599453,1,12.670001611311875
352,4.787491742782046,3,4.382026634673881,8.569975376855206,1,1,0,2,0,4,1,4,2,2,0,2,7,5,1986,1986,1,1,13,14,2,0.0,3,3,2,4,3,1,2,6.9874902470009905,6,0.0,5.918893854273146,1453.0,1,4,1,4,7.2813856635702825,0.0,0.0,7.2813856635702825,1,0.0,1,1,2,0.6931471805599453,4,6,6,1,3,1,1986.0,2,2,445,3,3,2,0.0,4.394449154672439,0.0,0.0,5.220355825078324,0.0,0,4,1,0.0,12,2006,8,0,190000.0,7.974532844130228,3,20,20,3.044522437723423,12,5.489626194342228,222.5,1.288589713284924,5.579729825986222,0.0,1,0.6931471805599453,0.6931471805599453,0,12.154784614286667
353,3.912023005428146,3,4.0943445622221,9.114269903225448,1,1,3,3,0,4,0,7,0,2,0,0,5,6,1941,1950,1,1,12,13,2,0.0,3,3,1,3,2,2,3,5.4680601411351315,5,5.942799375126701,0.0,616.0,1,3,0,4,6.423246963533519,6.206575926724928,0.0,7.01301578963963,0,0.6931471805599453,1,0,3,0.6931471805599453,3,5,6,0,0,5,1941.0,3,1,200,3,2,2,3.8918202981106265,0.0,0.0,0.0,0.0,0.0,0,4,1,0.0,3,2008,5,4,95000.0,7.454141078146678,2,67,58,4.219507705176107,11,5.40357787720553,200.0,2.101254113585819,3.8918202981106265,0.0,0,0.6931471805599453,0.6931471805599453,0,11.461642696843066
354,3.4011973816621555,4,4.0943445622221,9.050171619823361,1,1,3,3,0,4,0,17,2,2,0,2,6,8,1928,2003,1,1,12,13,2,0.0,3,4,0,3,3,3,6,0.0,6,0.0,6.437751649736401,624.0,1,4,1,4,6.579251212010101,0.0,0.0,6.579251212010101,0,0.0,1,0,2,0.6931471805599453,3,5,6,0,0,5,2005.0,3,2,484,3,3,2,4.672828834461906,0.0,0.0,0.0,0.0,0.0,0,4,1,0.0,5,2010,8,4,105900.0,7.203405521083095,1,82,7,1.791759469228055,14,4.969813299576001,242.0,2.4709204078132605,4.672828834461906,0.0,0,0.6931471805599453,0.6931471805599453,0,11.570259974415547
355,3.912023005428146,3,4.0943445622221,9.035986984831405,1,1,3,0,0,4,0,18,2,2,0,0,6,5,1940,2000,1,1,13,8,2,0.0,3,3,1,3,3,3,3,5.963579343618446,6,0.0,6.315358001522335,940.0,1,5,1,4,7.083387847625295,6.0014148779611505,0.0,7.374629015218945,0,0.0,1,0,2,0.6931471805599453,3,6,6,2,4,1,1940.0,3,1,240,3,3,2,0.0,0.0,4.6913478822291435,0.0,0.0,0.0,0,4,1,0.0,6,2006,8,4,140000.0,7.837948916025283,1,66,6,4.204692619390966,11,5.5828695459908895,240.0,1.66135796961246,4.6913478822291435,0.0,1,0.6931471805599453,0.6931471805599453,0,11.849404844423074
356,2.995732273553991,3,4.653960350157523,9.328034514792826,1,1,1,3,0,4,0,5,2,2,0,2,6,5,1995,1995,1,1,12,13,2,0.0,4,4,2,4,4,3,0,5.814130531825066,1,6.300785794663244,5.777652323222656,1200.0,1,5,1,4,7.090076835776092,0.0,0.0,7.090076835776092,1,0.0,2,0,3,0.6931471805599453,4,6,6,0,0,1,1995.0,2,2,521,3,3,2,0.0,3.295836866004329,0.0,0.0,0.0,0.0,0,4,1,0.0,8,2007,8,4,177500.0,7.783224016336037,3,12,12,2.5649493574615367,11,5.298317366548036,260.5,2.237957679016734,3.295836866004329,0.0,0,0.6931471805599453,0.6931471805599453,0,12.086731521684555
357,2.995732273553991,3,4.174387269895637,9.13216259091216,1,1,0,3,0,4,0,8,2,2,0,2,6,6,1992,1992,1,1,6,6,1,4.672828834461906,3,3,2,4,3,3,2,6.329720905522696,6,0.0,6.395261598115449,1158.0,1,4,1,4,7.062191632286556,0.0,0.0,7.062191632286556,1,0.0,2,0,3,0.6931471805599453,4,6,6,0,0,1,1992.0,2,2,400,3,3,2,4.795790545596741,3.295836866004329,0.0,0.0,0.0,0.0,0,4,1,0.0,7,2009,8,4,173000.0,7.751475318021456,3,17,17,2.8903717578961645,12,5.270432163058501,200.0,2.069970958625603,4.990432586778736,0.0,0,0.6931471805599453,0.6931471805599453,1,12.06105265381003
358,4.787491742782046,4,3.784189633918261,8.348537825386098,1,1,3,3,0,4,0,10,2,2,4,2,5,5,1976,1976,1,1,5,5,2,0.0,3,3,2,4,3,3,0,6.774223886357614,6,0.0,5.594711379601839,1142.0,1,3,1,4,7.040536390215956,0.0,0.0,7.040536390215956,1,0.0,1,1,3,0.6931471805599453,3,6,6,1,1,1,1976.0,0,2,528,3,3,2,6.285998094508865,4.51085950651685,0.0,0.0,0.0,0.0,0,2,1,0.0,8,2007,8,4,134000.0,7.7336835707759,3,31,31,3.4657359027997265,10,5.2487769209879005,264.0,1.308001435170142,6.440946540632921,0.0,1,0.6931471805599453,0.6931471805599453,0,11.80560254159177
359,4.382026634673881,3,4.5217885770490405,8.84361509218395,1,1,0,3,0,4,0,4,2,2,0,7,5,4,1958,1958,3,1,13,7,1,4.795790545596741,3,3,1,3,3,0,1,5.707110264748875,5,5.68697535633982,6.150602768446279,1062.0,1,5,1,1,7.20934025660291,0.0,0.0,7.20934025660291,0,0.6931471805599453,1,0,3,0.6931471805599453,4,6,3,0,0,3,1958.0,3,1,288,3,3,2,5.1298987149230735,0.0,5.68697535633982,0.0,0.0,0.0,0,4,1,0.0,7,2006,8,0,130000.0,7.789040401657477,2,48,48,3.8918202981106265,9,5.417580787374854,288.0,1.6342748355810395,6.137727054086234,0.0,0,0.6931471805599453,0.6931471805599453,1,11.775297421715827
360,4.0943445622221,3,4.356708826689592,9.39357817555449,1,1,0,3,0,1,0,15,2,2,0,5,8,5,1998,1998,1,1,12,13,1,6.274762021241939,4,3,2,4,3,0,2,6.863803391452954,6,0.0,4.875197323201151,1086.0,1,5,1,4,6.990256500493881,6.732210706467206,0.0,7.562161631225652,1,0.0,2,1,3,0.6931471805599453,4,7,6,1,3,1,1998.0,2,2,592,3,3,2,5.342334251964811,4.330733340286331,0.0,0.0,5.926926025970411,0.0,0,4,1,0.0,6,2006,8,4,280000.0,8.009695357742922,4,8,8,2.1972245773362196,13,5.616251482170338,296.0,1.8314165443288386,6.489204931325317,0.0,1,0.6931471805599453,0.6931471805599453,1,12.54254845357358
361,4.442651256490317,3,4.290459441148391,8.927977461002001,1,1,0,3,0,1,0,11,2,2,0,6,6,6,1978,1978,1,1,12,13,2,0.0,3,3,1,4,3,0,2,6.651571873589727,6,0.0,4.7535901911063645,888.0,1,5,1,4,6.815639990074331,0.0,0.0,6.815639990074331,1,0.0,1,0,2,0.6931471805599453,3,5,6,1,3,1,1978.0,2,2,470,3,3,2,0.0,0.0,0.0,0.0,5.262690188904886,0.0,0,2,1,0.0,6,2007,8,4,156000.0,7.495541943884256,2,29,29,3.4011973816621555,12,5.206202077640231,235.0,2.1123374709276703,5.262690188904886,0.0,1,0.6931471805599453,0.6931471805599453,0,11.957617696467539
362,3.912023005428146,3,3.9512437185814275,9.120853205474647,1,2,3,3,0,4,0,3,2,2,0,0,5,5,1940,1982,1,1,8,8,2,0.0,3,3,1,3,3,3,5,5.991464547107982,6,0.0,6.184148890937483,883.0,1,4,1,4,6.895682697747868,6.249975242259483,0.0,7.316548177182976,1,0.0,1,0,3,0.6931471805599453,3,8,6,0,0,5,1940.0,3,1,240,3,3,0,0.0,0.0,0.0,0.0,0.0,0.0,0,4,1,0.0,7,2008,8,4,145000.0,7.778211474512493,2,68,26,4.23410650459726,10,5.237106635503141,240.0,1.8043050282916706,0.0,0.0,0,0.6931471805599453,0.6931471805599453,0,11.884495917930655
363,4.442651256490317,3,4.1588830833596715,8.895766604056085,1,1,3,3,0,0,0,7,2,2,0,6,7,5,2003,2003,1,1,6,6,1,6.2166061010848646,4,3,3,0,0,4,4,0.0,4,0.0,0.0,0.0,1,5,1,4,6.20455776256869,7.2640301428995295,0.0,7.561121589530238,0,0.0,3,0,4,0.6931471805599453,4,7,6,1,5,3,2003.0,2,2,672,3,3,2,0.0,0.0,5.181783550292085,0.0,0.0,0.0,0,4,1,0.0,7,2009,3,4,198500.0,7.561121589530238,3,6,6,1.9459101490553132,12,5.6152114404749245,336.0,1.334645014525848,5.181783550292085,0.0,1,0.0,0.6931471805599453,1,12.198549416880068
364,5.075173815233827,4,3.044522437723423,7.426549072397305,1,1,3,3,0,4,0,2,2,2,3,5,6,8,1972,2007,1,1,6,6,1,6.236369590203704,3,3,1,3,3,3,0,5.093750200806762,6,0.0,5.7745515455444085,483.0,1,4,1,4,6.180016653652572,6.22455842927536,0.0,6.894670039433482,0,0.0,1,1,2,0.6931471805599453,4,5,6,0,0,5,1972.0,3,1,264,3,3,2,5.5254529391317835,0.0,0.0,0.0,0.0,0.0,0,4,1,0.0,5,2009,8,4,118000.0,7.293017679772782,2,37,2,3.6375861597263857,14,5.285232126999381,264.0,0.531879032963823,5.5254529391317835,0.0,0,0.6931471805599453,0.6931471805599453,1,11.678448377988165
365,4.0943445622221,3,4.382026634673881,9.84161214881804,1,1,0,3,0,2,0,14,2,2,0,5,6,5,1976,1976,1,1,6,6,1,4.795790545596741,3,3,2,4,3,2,2,6.569481420414296,6,0.0,4.442651256490317,796.0,1,3,1,4,6.672032945461067,6.665683717782408,0.0,7.3613754289773485,1,0.0,2,1,3,0.6931471805599453,3,6,6,1,3,1,1976.0,0,2,566,3,3,2,5.726847747587197,4.718498871295094,0.0,0.0,0.0,0.0,0,4,1,0.0,7,2006,8,4,190000.0,7.7706452341291765,4,30,30,3.4339872044851463,11,5.569615959749293,283.0,2.480236719840692,6.035481432524756,0.0,1,0.6931471805599453,0.6931471805599453,1,12.154784614286667
366,4.248495242049359,4,4.07753744390572,9.27706400401909,1,1,3,3,0,4,0,9,2,2,0,5,5,7,1920,1997,3,1,12,13,2,0.0,3,4,1,3,2,3,5,6.124683390894205,6,0.0,5.37989735354046,672.0,1,4,1,0,6.51025834052315,6.511745329644728,0.0,7.203405521083095,0,0.0,1,0,3,0.6931471805599453,3,6,6,0,0,5,1964.0,3,1,468,3,2,2,0.0,4.859812404361672,5.389071729816501,0.0,0.0,0.0,0,4,1,0.0,7,2009,8,4,147000.0,7.60887062919126,1,89,12,3.828641396489095,12,5.4116460518550396,468.0,2.073658482935996,5.849324779946859,0.0,0,0.6931471805599453,0.6931471805599453,0,11.898194668458823
367,2.995732273553991,3,4.290459441148391,9.159047077588632,1,1,0,3,0,4,0,12,2,2,0,2,6,5,1963,1963,1,1,9,10,1,5.5134287461649825,3,3,1,4,3,3,1,6.413458957167357,6,0.0,6.666956792429207,1394.0,1,4,1,4,7.2399325913204695,0.0,0.0,7.2399325913204695,1,0.0,1,1,3,0.6931471805599453,3,6,6,2,4,1,1963.0,2,2,514,3,3,2,0.0,4.343805421853684,0.0,0.0,5.225746673713202,0.0,0,4,1,0.0,7,2009,8,4,159000.0,7.933079771880415,3,46,46,3.8501476017100584,11,5.448173122092414,257.0,1.919114486268163,5.568344503761097,0.0,1,0.6931471805599453,0.6931471805599453,1,11.976665770490767
368,4.382026634673881,3,4.61512051684126,9.121509158269568,1,1,0,3,0,0,0,12,2,2,0,7,6,5,1962,1962,1,5,9,10,1,5.723585101952381,3,3,1,4,3,1,2,5.918893854273146,6,0.0,6.591673732008658,1099.0,1,4,1,4,7.266128779556451,0.0,0.0,7.266128779556451,0,0.6931471805599453,1,0,3,0.6931471805599453,3,6,6,1,4,2,1962.0,2,1,296,3,3,2,4.174387269895637,4.709530201312334,0.0,0.0,0.0,0.0,0,4,1,0.0,12,2008,8,4,165000.0,7.835974581721566,2,46,46,3.8501476017100584,11,5.474369310328396,296.0,1.8553803787131162,5.1647859739235145,0.0,1,0.6931471805599453,0.6931471805599453,1,12.013706813470414
369,2.995732273553991,3,4.356708826689592,8.961879012677683,1,1,3,3,0,4,0,12,2,2,0,2,5,6,1954,1954,1,1,6,6,1,5.303304908059076,3,3,2,3,3,3,3,6.293419278846481,6,0.0,6.591673732008658,1268.0,1,4,1,4,7.145196134997171,0.0,0.0,7.145196134997171,0,0.0,1,0,2,0.6931471805599453,3,7,6,1,4,1,1954.0,0,1,244,3,3,2,0.0,4.59511985013459,0.0,0.0,0.0,0.0,0,4,1,0.0,3,2010,8,4,132000.0,7.8383433155571165,1,56,56,4.04305126783455,11,5.199285985941858,244.0,1.816682877680512,4.59511985013459,0.0,1,0.6931471805599453,0.6931471805599453,1,11.790564777297387
370,2.995732273553991,3,4.290459441148391,9.193194213141211,1,1,0,3,0,0,0,12,2,2,0,2,5,7,1959,2006,1,1,13,14,2,0.0,3,4,1,3,3,3,0,4.290459441148391,5,5.556828061699537,6.598509028614515,1063.0,1,5,1,4,7.160069207596127,0.0,0.0,7.160069207596127,1,0.0,1,0,3,0.6931471805599453,4,7,6,1,4,5,1997.0,0,2,576,3,3,2,5.8998973535824915,2.8903717578961645,0.0,0.0,5.209486152841421,0.0,0,4,1,0.0,3,2010,8,4,162000.0,7.762170607138205,2,51,4,2.6390573296152584,12,5.2141590585408135,288.0,2.0331250055450854,6.335054251498059,0.0,1,0.6931471805599453,0.6931471805599453,0,11.995357787034976
371,4.0943445622221,3,4.174387269895637,9.002208578282412,1,1,0,3,0,4,0,8,2,2,0,5,6,5,2000,2000,1,1,12,13,2,0.0,3,3,2,4,3,3,6,0.0,6,0.0,6.860663671448287,953.0,1,5,1,4,6.859614903654202,6.568077911411976,0.0,7.416979621381154,0,0.0,2,1,3,0.6931471805599453,3,7,6,1,3,1,2000.0,2,2,460,3,3,2,4.61512051684126,3.713572066704308,0.0,0.0,0.0,0.0,0,4,1,0.0,1,2006,8,4,172400.0,7.869783902530146,3,6,6,1.9459101490553132,11,5.471069472325841,230.0,1.585228956901257,4.948759890378168,0.0,1,0.6931471805599453,0.6931471805599453,0,12.057578437658945
372,3.912023005428146,3,4.382026634673881,9.748002649695733,1,1,3,3,0,4,0,4,1,2,0,0,4,4,1959,1959,1,1,14,10,2,0.0,3,3,1,0,0,4,4,0.0,4,0.0,0.0,0.0,1,3,1,4,7.02108396428914,6.150602768446279,0.0,7.370230641807081,0,0.0,2,0,4,0.6931471805599453,3,7,3,1,4,5,1991.0,0,2,680,3,3,0,0.0,4.0943445622221,0.0,0.0,0.0,0.0,0,4,1,0.0,7,2008,8,4,134432.0,7.370230641807081,2,49,49,2.8903717578961645,8,5.424320492751768,340.0,2.377772007888652,4.0943445622221,0.0,1,0.0,0.6931471805599453,0,11.808821212646512
373,4.787491742782046,3,3.912023005428146,8.878358040627822,1,1,3,3,0,4,0,20,2,2,4,2,6,5,1984,1984,1,1,9,10,2,0.0,3,3,1,4,3,3,0,6.436150368369428,3,4.804021044733257,0.0,744.0,1,3,1,4,6.62273632394984,0.0,0.0,6.62273632394984,1,0.0,1,0,2,0.6931471805599453,3,4,6,0,0,1,1984.0,3,1,264,3,3,2,5.869296913133774,0.0,0.0,0.0,4.51085950651685,0.0,0,2,1,0.0,2,2010,8,4,125000.0,7.310550158534422,2,26,26,3.295836866004329,11,5.236441962829949,264.0,2.255621716677982,6.095824562432225,0.0,0,0.6931471805599453,0.6931471805599453,0,11.736077016252437
374,2.995732273553991,3,4.3694478524670215,9.271811694064283,1,1,3,3,0,4,0,12,2,2,0,2,5,6,1953,1953,1,1,8,8,2,0.0,3,3,2,3,3,3,1,6.061456918928017,3,5.198497031265826,0.0,608.0,1,3,1,4,7.1846291527173145,0.0,0.0,7.1846291527173145,1,0.0,1,0,3,0.6931471805599453,3,5,3,0,0,1,1953.0,3,1,270,3,3,2,4.204692619390966,0.0,0.0,0.0,0.0,0.0,0,1,1,0.0,11,2009,8,4,123000.0,7.563719668414366,2,56,56,4.04305126783455,11,5.575191240283214,270.0,2.0871825413469693,4.204692619390966,0.0,0,0.6931471805599453,0.6931471805599453,0,11.719947764402807
375,4.0943445622221,3,4.174387269895637,9.011889433252344,1,1,3,3,0,4,0,5,2,2,0,5,7,5,2003,2004,1,1,12,13,2,0.0,4,3,2,4,3,3,6,0.0,6,0.0,6.742880635791903,847.0,1,5,1,4,6.741700694652055,6.9865664594064265,0.0,7.564238475170491,0,0.0,2,1,4,0.6931471805599453,4,8,6,1,4,3,2003.0,0,2,434,3,3,2,4.61512051684126,3.8918202981106265,0.0,0.0,0.0,0.0,0,4,1,0.0,7,2007,8,4,219500.0,7.928406026180535,3,4,3,1.6094379124341003,12,5.484796933490655,217.0,1.4476509580818535,5.003946305945459,0.0,1,0.6931471805599453,0.6931471805599453,0,12.299112067295642
376,3.4011973816621555,3,4.182050142641207,9.212338374638856,1,1,0,2,0,4,2,7,2,2,0,2,1,1,1922,1950,1,1,13,14,2,0.0,2,2,0,2,1,1,1,5.860786223465865,6,0.0,5.811140992976701,683.0,1,4,0,0,6.806829360392176,0.0,0.0,6.806829360392176,1,0.0,0,1,1,0.6931471805599453,2,4,0,0,0,6,0.0,1,0,0,0,0,2,0.0,0.0,0.0,0.0,0.0,0.0,0,4,1,0.0,3,2009,8,4,61000.0,7.369600720526409,2,87,59,7.605890001053122,2,5.420534999272286,0.0,2.4055090142466793,0.0,0.0,0,0.6931471805599453,0.0,0,11.0186455364637
377,4.442651256490317,3,4.04305126783455,9.087720658428273,1,1,0,3,0,1,0,5,2,2,0,6,5,5,1996,1996,1,1,12,13,2,0.0,4,3,2,4,3,0,2,5.700443573390687,6,0.0,6.35088571671474,870.0,1,5,1,4,6.81783057145415,0.0,0.0,6.81783057145415,0,0.0,1,0,2,0.6931471805599453,3,5,6,0,0,5,1998.0,3,2,576,3,3,2,0.0,0.0,0.0,0.0,0.0,0.0,0,4,1,0.0,7,2006,8,4,148000.0,7.486613313139955,1,10,10,2.1972245773362196,10,5.20839265902005,288.0,2.2698900869741223,0.0,0.0,0,0.6931471805599453,0.6931471805599453,0,11.904974309480183
378,4.0943445622221,1,4.624972813284271,9.318566777047053,1,1,0,3,0,0,0,21,2,2,0,5,8,5,2004,2005,1,1,5,5,2,0.0,4,3,2,4,3,3,6,0.0,6,0.0,7.365812837209472,1580.0,1,5,1,4,7.365180126021013,6.787844982309579,0.0,7.81035268372429,0,0.0,3,0,4,0.6931471805599453,4,8,6,1,4,1,2004.0,2,2,610,3,3,2,5.075173815233827,5.3706380281276624,0.0,0.0,0.0,0.0,0,4,1,0.0,12,2007,8,4,340000.0,8.305484017727691,3,3,2,1.3862943611198906,13,5.730911142044453,305.0,1.5082140933227643,5.924255797414532,0.0,1,0.6931471805599453,0.6931471805599453,0,12.73670383776449
379,2.995732273553991,3,4.477336814478207,9.34084218004034,1,1,3,3,0,0,0,22,2,2,0,2,9,2,2010,2010,3,1,12,13,3,5.860786223465865,4,3,2,5,3,0,2,7.27655640271871,6,0.0,6.021023349349527,1856.0,1,5,1,4,7.526178913346146,0.0,0.0,7.526178913346146,1,0.0,1,1,1,0.6931471805599453,5,8,6,1,5,1,2010.0,0,3,834,3,3,2,4.736198448394496,0.0,0.0,0.0,0.0,0.0,0,4,1,0.0,6,2010,6,5,394432.0,8.21932609390609,3,0,0,0.0,11,5.44673737166631,278.0,1.8146632666941949,4.736198448394496,0.0,1,0.6931471805599453,0.6931471805599453,1,12.885204569609956
380,4.0943445622221,3,4.0943445622221,9.002454823050954,1,1,0,3,0,4,0,8,6,2,0,5,6,5,2000,2000,1,1,12,13,1,2.833213344056216,3,3,2,4,3,3,6,0.0,6,0.0,6.890609120147166,982.0,1,5,1,4,6.914730892718563,6.677083461247136,0.0,7.495541943884256,0,0.0,2,1,3,0.6931471805599453,3,7,6,1,3,1,2000.0,0,2,463,3,3,2,4.61512051684126,4.1588830833596715,0.0,0.0,0.0,0.0,0,4,1,0.0,6,2009,8,4,179000.0,7.930925372483388,3,9,9,2.302585092994046,11,5.549631794828943,231.5,1.506912879166698,5.099866427824199,0.0,1,0.6931471805599453,0.6931471805599453,1,12.095146671399466
381,3.912023005428146,3,3.912023005428146,8.517193191416238,1,2,3,3,0,4,0,18,2,2,0,0,5,6,1924,1950,1,1,3,14,2,0.0,3,3,0,3,3,3,3,5.389071729816501,6,0.0,6.695798917058491,1026.0,1,3,1,4,6.933423025730715,6.501289670540389,0.0,7.43307534889858,0,0.0,2,0,3,0.6931471805599453,4,6,6,1,4,5,1924.0,3,1,308,3,3,2,0.0,0.0,5.493061443340548,0.0,0.0,0.0,0,4,1,0.0,5,2010,8,4,127000.0,7.907283609426348,2,86,60,4.465908118654584,11,5.641315879670525,308.0,1.0841178425176572,5.493061443340548,0.0,1,0.6931471805599453,0.6931471805599453,0,11.751950239425476
382,2.995732273553991,1,4.0943445622221,8.881836305004146,1,2,3,3,0,4,0,21,2,2,0,2,7,5,2006,2006,1,1,12,13,2,0.0,4,3,2,4,4,3,6,0.0,6,0.0,7.165493475060845,1293.0,1,5,1,4,7.170888478512505,0.0,0.0,7.170888478512505,1,0.0,2,0,2,0.6931471805599453,4,5,6,1,4,1,2006.0,2,2,572,3,3,2,5.37989735354046,4.804021044733257,0.0,0.0,0.0,0.0,0,4,1,0.0,8,2006,6,5,187750.0,7.860956364876389,3,0,0,0.0,12,5.561450566078405,286.0,1.7109478264916413,5.823045895483019,0.0,1,0.6931471805599453,0.6931471805599453,0,12.142871895843887
383,4.0943445622221,3,4.3694478524670215,9.131838143821225,1,1,0,3,0,4,0,5,2,2,0,5,7,5,2006,2006,1,1,12,13,2,0.0,4,3,2,4,3,0,6,0.0,6,0.0,6.84587987526405,939.0,1,5,1,4,6.844815479208263,6.755768921984255,0.0,7.493873886783559,0,0.0,2,1,3,0.6931471805599453,4,8,6,0,0,1,2006.0,2,2,639,3,3,2,4.976733742420574,3.9889840465642745,0.0,0.0,0.0,0.0,0,4,1,0.0,4,2007,8,4,213500.0,7.914252278742441,3,1,1,0.6931471805599453,12,5.414432345103723,319.5,1.6379642570376662,5.288267030694535,0.0,0,0.6931471805599453,0.6931471805599453,0,12.271396795480596
384,3.8066624897703196,2,4.0943445622221,9.104979856318357,1,1,3,3,0,0,0,20,2,2,0,1,6,3,1928,1950,1,1,13,14,2,0.0,3,3,0,2,2,3,6,0.0,6,0.0,6.665683717782408,784.0,1,3,0,0,6.664409020350408,0.0,0.0,6.664409020350408,0,0.0,1,0,2,0.6931471805599453,3,5,6,0,0,5,1950.0,3,2,360,2,2,0,0.0,0.0,4.5217885770490405,0.0,0.0,0.0,0,4,1,0.0,10,2009,8,4,76000.0,7.357556200910353,1,81,59,4.0943445622221,9,5.054971107916307,180.0,2.4405708359679483,4.5217885770490405,0.0,0,0.6931471805599453,0.6931471805599453,0,11.23850177707664
385,4.0943445622221,3,4.382026634673881,10.880064025283644,1,1,1,2,0,0,1,4,1,2,0,5,6,5,1992,1992,1,1,6,6,2,0.0,4,3,2,4,3,0,2,6.893656354602635,6,0.0,6.39024066706535,1580.0,1,5,1,4,6.983789965258135,6.774223886357614,0.0,7.577121930876679,1,0.0,2,1,3,0.6931471805599453,4,9,6,2,2,1,1992.0,0,2,501,3,3,2,5.37989735354046,5.44673737166631,0.0,0.0,0.0,0.0,0,4,1,0.0,6,2007,8,4,240000.0,8.169902647359145,4,15,15,2.772588722239781,11,5.37989735354046,250.5,3.302942094406966,6.104793232414985,0.0,1,0.6931471805599453,0.6931471805599453,0,12.388398368982115
386,4.787491742782046,3,3.7612001156935624,8.065265208897733,1,1,3,3,0,4,0,0,2,2,4,2,8,5,2004,2005,1,1,12,13,1,2.833213344056216,4,3,2,4,3,3,2,3.2188758248682006,6,0.0,7.117205503164344,1256.0,1,5,1,4,7.1459844677143876,0.0,0.0,7.1459844677143876,0,0.0,2,0,2,0.6931471805599453,4,6,6,1,3,1,2004.0,0,2,430,3,3,2,4.990432586778736,3.044522437723423,0.0,0.0,4.976733742420574,0.0,0,4,1,0.0,4,2010,8,4,192000.0,7.83399634170946,2,6,5,1.9459101490553132,13,5.354224998486333,215.0,0.9192807411833445,5.739792912179234,0.0,1,0.6931471805599453,0.6931471805599453,1,12.165255859329688
387,3.912023005428146,3,4.060443010546419,9.037176752966994,1,1,3,3,0,2,0,7,1,2,0,0,5,3,1910,1996,2,1,13,13,2,0.0,3,2,2,3,3,3,6,0.0,6,0.0,6.490723534502507,658.0,1,3,1,4,6.489204931325317,6.267200548541362,0.0,7.076653815443951,0,0.0,1,0,5,0.6931471805599453,3,8,6,0,0,6,0.0,1,0,0,0,0,0,0.0,5.0238805208462765,0.0,0.0,0.0,0.0,0,4,1,0.0,5,2006,8,1,81000.0,7.518607216815252,1,96,10,7.604396348796338,8,4.997212273764115,0.0,1.9605229375230426,5.0238805208462765,0.0,0,0.6931471805599453,0.0,0,11.302216779257382
388,4.382026634673881,3,4.276666119016055,8.881836305004146,1,1,3,3,0,4,0,7,2,2,0,7,6,6,1976,1976,3,1,8,8,1,5.545177444479562,3,3,1,3,3,0,0,6.448889394146858,6,0.0,6.018593214496234,1041.0,1,5,1,4,7.025538314638521,0.0,0.0,7.025538314638521,1,0.0,1,0,3,0.6931471805599453,3,6,6,1,2,5,1977.0,3,1,352,3,3,2,5.6937321388027,0.0,0.0,0.0,0.0,0.0,0,1,1,0.0,10,2009,8,0,125000.0,7.680637427560936,2,33,33,3.4965075614664802,12,5.233778845410465,352.0,1.8562979903656263,5.6937321388027,0.0,1,0.6931471805599453,0.6931471805599453,1,11.736077016252437
389,2.995732273553991,3,4.532599493153256,9.146548238888403,1,1,0,3,0,1,0,5,2,2,0,2,7,5,1999,2000,1,1,12,13,1,4.836281906951478,4,3,2,4,3,3,6,0.0,6,0.0,7.292337176173877,1468.0,1,5,1,4,7.2991214627108,0.0,0.0,7.2991214627108,0,0.0,2,0,3,0.6931471805599453,4,6,6,0,0,1,1999.0,2,2,577,3,3,2,4.795790545596741,3.258096538021482,0.0,0.0,0.0,0.0,0,4,1,0.0,7,2008,8,4,191000.0,7.988542982737695,2,9,8,2.302585092994046,12,5.5073619934827445,288.5,1.8474267761776035,4.983606621708336,0.0,0,0.6931471805599453,0.6931471805599453,1,12.160033942617156
390,4.0943445622221,3,4.564348191467836,9.431401757086068,1,1,3,3,0,4,0,16,2,2,0,5,10,5,2007,2008,1,1,12,13,3,5.60947179518496,5,3,2,5,3,0,2,7.155396301896734,6,0.0,5.998936561946683,1682.0,1,5,1,4,7.462789157412448,6.3818160174060985,0.0,7.754481547470383,1,0.0,2,1,3,0.6931471805599453,5,9,6,1,5,3,2008.0,0,3,846,3,3,2,5.2832037287379885,4.90527477843843,0.0,0.0,0.0,0.0,0,4,1,0.0,8,2008,6,5,426000.0,8.297543529356284,4,1,0,0.0,15,5.557256970134164,282.0,1.676920209615685,5.802118375377063,0.0,1,0.6931471805599453,0.6931471805599453,1,12.962196972666593
391,3.912023005428146,3,3.912023005428146,9.036582045842716,1,0,3,3,0,4,0,7,2,2,0,0,5,8,1900,1950,1,1,8,8,2,0.0,3,3,0,3,4,3,5,5.488937726156687,1,5.971261839790462,5.438079308923196,861.0,1,5,1,4,6.8679744089702925,6.008813185442595,0.0,7.220373836723949,1,0.0,1,0,4,0.6931471805599453,3,7,6,0,0,5,1978.0,3,1,384,3,3,2,0.0,4.875197323201151,4.727387818712341,0.0,0.0,0.0,0,2,1,0.0,4,2008,8,4,119000.0,7.708859601047175,2,108,58,3.4339872044851463,13,5.274463687668637,384.0,1.8162082091187663,5.493061443340548,0.0,0,0.6931471805599453,0.6931471805599453,0,11.686887175419702
392,4.0943445622221,3,4.2626798770413155,9.409928663668856,1,1,0,3,0,1,0,11,2,2,0,5,6,5,2001,2002,1,1,12,13,2,0.0,3,3,2,5,3,3,0,6.53813982376767,6,0.0,4.74493212836325,804.0,1,5,1,4,6.6895992691789665,7.05444965813294,0.0,7.581209826196346,1,0.0,2,1,3,0.6931471805599453,4,7,6,1,3,3,2001.0,0,2,560,3,3,2,4.836281906951478,5.262690188904886,0.0,0.0,0.0,0.0,0,4,1,0.0,6,2009,8,4,215000.0,7.9247959139564355,4,8,7,2.1972245773362196,11,5.635299677141033,280.0,1.8287188374725092,5.762051382780177,0.0,1,0.6931471805599453,0.6931471805599453,0,12.278397958261774
393,2.995732273553991,3,4.290459441148391,9.028698584086985,1,1,0,3,0,4,0,12,2,2,0,2,5,7,1959,1959,1,1,8,8,2,0.0,3,3,3,0,0,4,4,0.0,4,0.0,0.0,0.0,1,3,1,4,6.782192056006791,0.0,0.0,6.782192056006791,0,0.0,1,0,3,0.6931471805599453,3,5,6,0,0,1,1959.0,2,1,294,3,3,2,0.0,0.0,0.0,0.0,0.0,0.0,0,2,3,7.0909098220799835,7,2007,8,4,106500.0,6.782192056006791,1,48,48,3.8918202981106265,12,5.172754143572691,294.0,2.246506528080194,0.0,0.0,0,0.0,0.6931471805599453,0,11.575909653758895
394,3.4011973816621555,3,3.9512437185814275,8.915432254432663,1,1,3,3,0,0,0,3,1,2,0,2,4,5,1941,1950,1,1,14,15,2,0.0,3,3,1,3,3,3,5,5.58724865840025,6,0.0,6.259581464064923,788.0,1,3,1,0,6.669498089857879,0.0,0.0,6.669498089857879,0,0.0,1,0,2,0.6931471805599453,3,4,6,2,3,6,0.0,1,0,0,0,0,2,0.0,0.0,0.0,0.0,0.0,0.0,0,1,1,0.0,4,2006,8,0,100000.0,7.362645270417825,1,65,56,7.604396348796338,9,5.2832037287379885,0.0,2.2459341645747832,0.0,0.0,1,0.6931471805599453,0.0,0,11.51293546492023
395,3.912023005428146,3,4.0943445622221,9.223651386035854,1,1,3,3,0,4,0,17,2,2,0,0,5,6,1940,1950,1,1,8,8,2,0.0,3,3,1,3,3,3,6,0.0,6,0.0,6.601230118728877,735.0,1,4,1,0,6.5998704992128365,5.703782474656201,0.0,6.9411900550683745,0,0.0,1,0,2,0.6931471805599453,3,5,6,0,0,5,1940.0,3,1,240,3,3,2,0.0,3.6888794541139363,0.0,0.0,0.0,0.0,0,4,1,0.0,7,2007,8,4,109000.0,7.478169694159785,1,67,57,4.219507705176107,11,5.331752142634274,240.0,2.2824613309674806,3.6888794541139363,0.0,0,0.6931471805599453,0.6931471805599453,0,11.599112335481124
396,2.995732273553991,3,4.219507705176107,9.166492972195906,1,1,3,3,0,4,0,7,2,2,0,2,5,6,1956,1956,1,1,13,14,2,0.0,3,3,1,3,3,0,1,6.606650186198215,6,0.0,6.0063531596017325,1144.0,1,3,1,4,7.042286171939743,0.0,0.0,7.042286171939743,1,0.0,1,0,3,0.6931471805599453,3,6,6,0,0,1,1956.0,3,1,596,3,3,2,3.8066624897703196,0.0,0.0,0.0,0.0,0.0,0,4,1,0.0,6,2010,8,4,129000.0,7.7354333524996886,2,54,54,4.007333185232471,11,5.250526702711688,596.0,2.124206800256163,3.8066624897703196,0.0,0,0.6931471805599453,0.6931471805599453,0,11.767575435251748
397,2.995732273553991,3,4.0943445622221,8.881836305004146,1,1,3,2,0,4,0,5,2,2,0,2,5,5,1972,1972,3,1,8,8,2,0.0,3,3,1,3,3,0,5,6.656726524178391,6,0.0,4.770684624465665,894.0,1,3,1,4,6.795705775173514,0.0,0.0,6.795705775173514,0,0.0,1,0,2,0.6931471805599453,3,6,6,0,0,5,1985.0,2,2,600,3,3,2,5.375278407684165,0.0,0.0,0.0,0.0,0.0,0,4,1,0.0,9,2009,8,4,123000.0,7.488852955733459,1,37,37,3.2188758248682006,10,5.003946305945459,300.0,2.0861305298306325,5.375278407684165,0.0,0,0.6931471805599453,0.6931471805599453,0,11.719947764402807
398,4.0943445622221,3,4.23410650459726,8.934586870389676,1,1,3,3,0,4,0,12,4,2,0,5,5,5,1962,1962,1,1,12,13,1,5.666426688112432,3,3,1,3,3,3,0,6.293419278846481,6,0.0,5.783825182329737,864.0,1,3,1,4,6.775366090936392,6.842683282238422,0.0,7.502186486602924,0,0.0,2,0,4,0.6931471805599453,3,8,6,1,3,1,1962.0,2,1,264,3,3,2,0.0,5.1298987149230735,0.0,0.0,0.0,0.0,0,4,1,0.0,7,2007,8,4,169500.0,7.892078421248119,2,45,45,3.828641396489095,10,5.422744944923089,264.0,1.432400383786751,5.1298987149230735,0.0,1,0.6931471805599453,0.6931471805599453,1,12.040614105490253
399,3.4011973816621555,4,4.0943445622221,9.101306450952048,1,1,3,3,0,0,0,9,2,2,0,2,5,2,1920,1950,1,1,8,8,2,0.0,3,2,0,2,1,3,6,0.0,6,0.0,6.8690144506657065,961.0,1,4,1,3,6.981934677156389,0.0,0.0,6.981934677156389,0,0.0,1,0,2,0.6931471805599453,3,6,1,0,0,5,1920.0,3,1,338,1,1,0,0.0,0.0,0.0,0.0,0.0,0.0,0,4,1,0.0,11,2007,8,0,67000.0,7.61972421378267,1,87,57,4.477336814478207,7,5.190175207928333,338.0,2.1193717737956588,0.0,0.0,0,0.6931471805599453,0.6931471805599453,0,11.112462823634855
400,4.0943445622221,1,4.174387269895637,9.002701007197938,1,1,3,3,0,4,0,21,2,2,0,5,7,5,2006,2007,1,1,5,5,3,4.61512051684126,4,3,2,4,3,3,2,6.70073110954781,6,0.0,5.638354669333745,1092.0,1,5,1,4,7.013915474810528,6.0844994130751715,0.0,7.346010209913293,1,0.0,2,0,2,0.6931471805599453,4,7,6,0,0,1,2007.0,0,2,438,3,3,2,0.0,5.1298987149230735,0.0,0.0,0.0,0.0,0,4,1,0.0,10,2009,8,4,241000.0,7.879291485082271,3,3,2,1.0986122886681098,12,5.400100060857979,219.0,1.656690797284646,5.1298987149230735,0.0,0,0.6931471805599453,0.6931471805599453,1,12.392556361841777
401,4.787491742782046,3,3.6375861597263857,9.61333576618342,1,1,1,3,0,4,0,24,2,2,4,2,8,5,1996,1996,1,1,3,3,2,0.0,4,3,2,4,3,3,2,6.668228248417403,6,0.0,6.163314804034641,1260.0,1,5,1,4,7.160845906664299,0.0,0.0,7.160845906664299,1,0.0,1,1,1,0.6931471805599453,5,4,6,2,4,1,1996.0,0,2,500,3,3,2,4.795790545596741,3.4339872044851463,0.0,0.0,5.41610040220442,0.0,0,4,1,0.0,12,2008,8,4,245500.0,7.843064016692054,3,12,12,2.5649493574615367,13,5.7745515455444085,250.0,2.4524898595191202,5.926926025970411,0.0,1,0.6931471805599453,0.6931471805599453,0,12.411056299528171
402,2.995732273553991,3,4.174387269895637,9.078749951588586,1,1,0,3,0,4,0,5,2,2,0,2,7,5,2005,2005,1,1,12,13,2,0.0,4,3,2,4,3,0,2,3.2188758248682006,6,0.0,7.160069207596127,1310.0,1,5,1,4,7.177782416195197,0.0,0.0,7.177782416195197,0,0.0,2,0,3,0.6931471805599453,4,6,6,1,4,1,2005.0,0,2,400,3,3,2,0.0,0.0,0.0,0.0,0.0,0.0,0,4,1,0.0,7,2006,6,5,164990.0,7.8709295967551425,2,1,1,0.6931471805599453,12,5.386022946967143,200.0,1.9009675353933884,0.0,0.0,1,0.6931471805599453,0.6931471805599453,0,12.013646205940514
403,3.4011973816621555,3,4.0943445622221,9.230142999272362,1,1,3,3,0,4,0,19,2,2,0,2,5,8,1940,1997,1,1,13,14,2,0.0,3,3,2,3,3,3,6,0.0,6,0.0,6.511745329644728,672.0,1,5,1,4,6.51025834052315,0.0,0.0,6.51025834052315,0,0.0,1,0,2,0.6931471805599453,3,4,6,0,0,5,1940.0,3,1,240,3,3,0,5.1298987149230735,0.0,0.0,0.0,0.0,0.0,0,0,1,0.0,8,2008,8,4,108000.0,7.203405521083095,1,68,11,4.23410650459726,13,5.123963979403259,240.0,2.719884658749213,5.1298987149230735,0.0,0,0.6931471805599453,0.6931471805599453,0,11.58989576532275
404,4.0943445622221,3,4.532599493153256,9.400133943608838,1,1,3,3,0,0,0,15,2,2,0,5,8,5,1998,1998,3,1,12,13,1,6.478509642208569,4,3,2,4,3,3,6,0.0,6,0.0,7.040536390215956,1141.0,1,4,1,4,7.060476365999801,7.002155954403621,0.0,7.724446645633537,0,0.0,2,1,4,0.6931471805599453,4,10,6,1,3,3,1998.0,0,2,420,3,3,2,4.976733742420574,4.820281565605037,0.0,0.0,0.0,0.0,0,4,1,0.0,7,2006,8,0,258000.0,8.132706489693264,3,8,8,2.1972245773362196,13,5.421861552639491,210.0,1.675687297975301,5.5909869805108565,0.0,1,0.6931471805599453,0.6931471805599453,1,12.460718739865236
405,4.0943445622221,3,4.174387269895637,9.246093541682,1,1,0,3,0,4,0,8,2,2,0,5,6,5,1995,1996,1,1,8,8,2,0.0,3,3,2,4,3,3,6,0.0,6,0.0,6.693323668269949,806.0,1,4,1,4,6.692083742506628,6.642486801367256,0.0,7.360103972989152,0,0.0,2,1,3,0.6931471805599453,3,7,6,1,3,3,1995.0,0,2,373,3,3,2,0.0,3.713572066704308,0.0,0.0,0.0,0.0,0,4,1,0.0,5,2007,8,4,168000.0,7.774015077250727,3,12,11,2.5649493574615367,11,5.4141938239338385,186.5,1.8859895686928487,3.713572066704308,0.0,1,0.6931471805599453,0.6931471805599453,0,12.031725210748633
406,2.995732273553991,3,4.2626798770413155,9.209439966733019,1,1,0,3,0,0,0,19,1,2,0,2,4,4,1976,1993,1,1,9,10,2,0.0,3,3,1,3,3,3,1,7.018401799069201,6,0.0,5.111987788356544,1281.0,1,5,1,4,7.3901814282264295,0.0,0.0,7.3901814282264295,1,0.0,2,0,3,0.6931471805599453,3,8,2,1,3,1,1993.0,3,2,490,3,3,2,4.795790545596741,4.3694478524670215,0.0,0.0,0.0,0.0,0,1,1,0.0,6,2009,8,4,150000.0,7.972810784121404,3,33,16,2.833213344056216,8,5.310739886546594,245.0,1.819258538506589,5.293304824724492,0.0,1,0.6931471805599453,0.6931471805599453,0,11.918397239722838
407,3.912023005428146,3,3.9318256327243257,9.257223957875032,1,1,3,3,0,4,0,18,2,2,0,0,6,5,1936,1950,1,1,8,8,2,0.0,3,3,0,3,3,3,6,0.0,6,0.0,6.970730078143525,1064.0,1,5,1,0,7.061334366910438,0.0,6.161207321695077,7.40184157874383,0,0.0,1,0,3,0.6931471805599453,3,6,1,0,0,5,1936.0,3,1,240,3,3,2,0.0,0.0,0.0,0.0,0.0,0.0,0,4,1,0.0,3,2008,8,4,115000.0,7.709756864454165,1,72,58,4.290459441148391,11,5.6100821095157745,240.0,1.8553823791312034,0.0,0.0,0,0.6931471805599453,0.6931471805599453,0,11.652696102959753
408,4.248495242049359,3,4.143134726391533,9.653486547052035,1,1,3,3,0,4,0,6,2,2,0,5,6,7,1915,1976,1,1,13,10,2,0.0,3,3,0,4,3,3,6,0.0,6,0.0,6.734591659972948,840.0,1,5,1,4,6.733401891837359,6.734591659972948,0.0,7.426549072397305,0,0.0,2,0,4,0.6931471805599453,3,8,6,0,0,1,1960.0,3,1,308,3,3,2,0.0,0.0,5.081404364984463,0.0,0.0,0.0,0,4,1,0.0,3,2008,8,4,177000.0,7.832014180505469,2,93,32,3.8918202981106265,13,5.3471075307174685,308.0,2.226937474654731,5.081404364984463,0.0,0,0.6931471805599453,0.6931471805599453,0,12.083910661257521
409,4.0943445622221,3,4.6913478822291435,9.55775254863573,1,1,3,3,0,0,0,16,2,2,0,5,7,5,2006,2006,1,1,12,13,1,5.860786223465865,4,3,2,5,4,3,6,0.0,6,0.0,6.96979066990159,1063.0,1,5,1,4,6.976348070447749,7.004881989712859,0.0,7.683403681053826,0,0.0,2,1,3,0.6931471805599453,4,9,6,1,4,1,2006.0,2,3,947,3,3,2,5.262690188904886,4.143134726391533,0.0,0.0,0.0,0.0,0,4,1,0.0,8,2007,6,5,280000.0,8.081784206935001,3,1,1,0.6931471805599453,12,5.486179103717607,315.6666666666667,1.874348867581904,5.541263545158426,0.0,1,0.6931471805599453,0.6931471805599453,1,12.54254845357358
410,4.0943445622221,1,4.442651256490317,9.287301413112312,1,1,3,3,0,4,0,21,2,2,0,5,8,5,2007,2008,1,1,12,13,3,4.61512051684126,4,3,2,5,3,3,2,6.672032945461067,6,0.0,5.5053315359323625,1034.0,1,5,1,4,6.956545443151569,6.9363427358340495,0.0,7.639161171659173,1,0.0,2,1,3,0.6931471805599453,5,8,6,1,4,1,2008.0,0,3,836,3,3,2,0.0,4.634728988229636,0.0,0.0,0.0,0.0,0,4,1,0.0,4,2008,6,5,339750.0,8.043020885298283,4,1,0,0.0,13,5.5597196299793366,278.6666666666667,1.6481402414531383,4.634728988229636,0.0,1,0.6931471805599453,0.6931471805599453,1,12.73596827534975
411,2.995732273553991,3,4.219507705176107,9.166492972195906,1,1,3,3,0,4,0,7,2,2,0,2,5,3,1958,1958,1,1,2,2,2,0.0,3,2,1,3,2,3,6,0.0,6,0.0,7.152268856032539,1276.0,1,3,1,0,7.151485463904735,0.0,0.0,7.151485463904735,0,0.0,1,0,3,0.6931471805599453,3,5,4,0,0,1,1958.0,3,1,350,3,3,2,0.0,0.0,0.0,0.0,0.0,0.0,0,4,1,0.0,6,2009,0,0,60000.0,7.844632644464681,1,51,51,3.9512437185814275,8,5.542047551470635,350.0,2.015007508291171,0.0,0.0,0,0.6931471805599453,0.6931471805599453,0,11.002116507732017
412,5.247024072160486,3,4.605170185988092,10.453053004618049,1,1,3,0,0,4,0,8,2,2,1,2,5,5,1955,1955,3,1,13,14,2,0.0,3,3,1,3,3,2,5,6.963189985870238,6,0.0,0.0,1056.0,1,3,0,4,6.962243464266207,0.0,0.0,6.962243464266207,1,0.0,1,0,3,0.6931471805599453,3,5,6,0,0,1,1955.0,0,2,572,3,3,2,5.579729825986222,0.0,0.0,0.0,0.0,0.0,0,4,1,0.0,1,2006,8,4,145000.0,7.655390644826152,2,51,51,3.9512437185814275,10,5.352805551832106,286.0,3.4908095403518424,5.579729825986222,0.0,0,0.6931471805599453,0.6931471805599453,0,11.884495917930655
413,2.995732273553991,1,4.297285406218791,8.390041405755754,1,1,1,3,0,4,0,21,2,2,0,2,7,5,2009,2009,1,1,8,8,3,6.07073772800249,5,3,2,5,3,0,2,6.361302477572996,6,0.0,6.794586580876499,1470.0,1,5,1,4,7.298445101508147,0.0,0.0,7.298445101508147,1,0.0,2,1,2,0.6931471805599453,4,7,6,1,4,1,2009.0,0,2,484,3,3,2,0.0,4.976733742420574,0.0,0.0,0.0,0.0,0,4,1,0.0,6,2010,6,5,222000.0,7.988882253309227,4,1,1,0.6931471805599453,12,5.352534952452833,242.0,1.091596304247607,4.976733742420574,0.0,1,0.6931471805599453,0.6931471805599453,1,12.310437165348775
414,3.4011973816621555,4,4.02535169073515,9.100525505968976,1,0,3,3,0,4,0,17,0,2,0,2,5,6,1927,1950,1,1,14,15,2,0.0,3,3,1,3,3,3,6,0.0,6,0.0,6.9167150203536085,1008.0,1,4,1,0,6.93537044601511,0.0,0.0,6.93537044601511,0,0.0,1,0,2,0.6931471805599453,3,5,6,1,4,5,1927.0,3,2,360,3,3,2,0.0,0.0,4.875197323201151,0.0,0.0,0.0,0,4,1,0.0,3,2010,8,4,115000.0,7.618742377670413,1,83,60,4.430816798843313,11,5.32593253358101,180.0,2.165155059953866,4.875197323201151,0.0,1,0.6931471805599453,0.6931471805599453,0,11.652696102959753
415,4.0943445622221,3,4.07753744390572,9.326165937481774,1,1,1,3,0,1,0,20,2,2,0,5,7,5,1993,1993,1,1,12,13,2,0.0,4,3,2,4,3,3,1,3.9318256327243257,2,6.2766434893416445,6.214608098422191,1080.0,1,5,1,4,6.984716320118266,6.925595197110468,0.0,7.64826303090192,0,0.6931471805599453,2,1,3,0.6931471805599453,4,9,6,1,3,1,1993.0,3,3,678,3,3,2,5.2832037287379885,5.236441962829949,0.0,0.0,0.0,0.0,0,4,1,0.0,12,2008,8,4,228000.0,8.063692634269517,4,15,15,2.772588722239781,12,5.4510384535657,226.0,1.6779029065798532,5.950642552587727,0.0,1,0.6931471805599453,0.6931471805599453,0,12.337105293891872
416,2.995732273553991,3,4.290459441148391,9.093694189856862,1,1,0,3,0,4,0,8,2,2,0,2,7,5,2007,2007,1,1,12,13,2,0.0,4,3,2,4,3,0,2,3.2188758248682006,6,0.0,7.183111701743281,1340.0,1,5,1,4,7.200424892944957,0.0,0.0,7.200424892944957,0,0.0,2,0,3,0.6931471805599453,4,6,6,0,0,1,2007.0,0,2,396,3,3,2,4.61512051684126,3.4339872044851463,0.0,0.0,0.0,0.0,0,4,1,0.0,8,2007,6,5,181134.0,7.893572073504902,2,0,0,0.0,12,5.4086654237169025,198.0,1.8932692969119052,4.875197323201151,0.0,0,0.6931471805599453,0.6931471805599453,0,12.106997888588934
417,4.0943445622221,3,4.30406509320417,8.967504187316237,1,1,3,3,0,4,0,19,2,2,0,5,6,7,1978,1978,3,1,6,6,1,5.318119993844216,3,3,1,3,3,3,0,5.3471075307174685,6,0.0,6.139884552226255,672.0,1,3,1,4,6.51025834052315,6.591673732008658,0.0,7.24422751560335,0,0.0,1,1,3,0.6931471805599453,3,6,6,1,3,1,1978.0,0,2,440,3,3,2,0.0,0.0,0.0,0.0,0.0,0.0,0,4,1,0.0,3,2006,8,4,149500.0,7.6362696033793735,2,28,28,3.367295829986474,13,5.452468046375295,220.0,1.723276671712887,0.0,0.0,1,0.6931471805599453,0.6931471805599453,1,11.915058360753719
418,4.248495242049359,3,4.454347296253507,10.017708696626151,1,1,0,3,0,4,0,6,1,2,0,5,6,6,1918,1950,3,1,13,12,2,0.0,3,3,0,4,3,3,1,7.029087564149662,6,0.0,5.493061443340548,1370.0,2,3,0,0,7.222566018822171,7.134890851565884,0.0,7.8724551500639794,1,0.0,2,1,4,0.6931471805599453,3,10,6,1,4,5,1918.0,3,3,864,3,3,0,0.0,0.0,0.0,0.0,0.0,0.0,0,4,1,0.0,11,2007,8,4,239000.0,8.29254851397576,4,89,57,4.499809670330265,12,5.5698700570699335,288.0,2.1452535465621714,0.0,0.0,1,0.6931471805599453,0.6931471805599453,0,12.384223015005313
419,3.912023005428146,3,4.0943445622221,9.006999447958153,1,1,3,3,0,4,0,7,2,2,0,0,5,6,1940,1950,1,1,8,8,2,0.0,3,3,0,3,3,3,0,5.746203190540153,6,0.0,6.09807428216624,756.0,1,2,0,1,6.628041376179533,5.937536205082426,0.0,7.033506484287697,1,0.0,1,1,3,0.6931471805599453,3,7,6,0,0,5,1940.0,3,1,240,3,3,1,0.0,0.0,0.0,0.0,0.0,0.0,0,4,1,0.0,4,2007,8,1,126000.0,7.5443321080536885,3,67,57,4.219507705176107,11,5.087596335232384,240.0,1.9734929636704552,0.0,0.0,0,0.6931471805599453,0.6931471805599453,0,11.744045122410057
420,2.995732273553991,3,4.174387269895637,9.041921720351219,1,1,3,3,0,4,0,12,2,2,0,2,5,6,1968,1968,1,1,12,13,2,0.0,3,3,1,3,3,3,1,6.654152520183219,6,0.0,5.641907070938114,1056.0,1,5,1,4,6.962243464266207,0.0,0.0,6.962243464266207,1,0.0,1,0,3,0.6931471805599453,3,6,6,1,2,1,1968.0,3,1,304,3,3,2,0.0,4.454347296253507,5.220355825078324,0.0,0.0,0.0,0,4,1,0.0,7,2010,8,4,142000.0,7.655390644826152,2,42,42,3.7612001156935624,11,5.170483995038151,304.0,2.0796782560850127,5.598421958998375,0.0,1,0.6931471805599453,0.6931471805599453,0,11.863589378812122
421,4.499809670330265,4,4.356708826689592,8.862200330487287,1,1,3,3,0,4,0,11,2,2,2,6,7,5,1997,1998,1,1,12,13,1,5.303304908059076,3,4,2,4,4,1,2,7.177782416195197,6,0.0,3.58351893845611,1344.0,1,5,1,4,7.203405521083095,0.0,0.0,7.203405521083095,2,0.0,2,0,2,1.0986122886681098,3,8,6,0,0,1,1997.0,0,4,784,3,3,2,0.0,0.0,0.0,0.0,0.0,0.0,0,4,1,0.0,11,2008,8,2,206300.0,7.89655270164304,4,11,10,2.4849066497880004,12,5.123963979403259,196.0,1.6587948094041929,0.0,0.0,0,0.6931471805599453,0.6931471805599453,1,12.237091546357338
422,2.995732273553991,3,4.382026634673881,9.719264188452577,1,1,0,3,0,2,0,14,2,2,0,2,6,7,1977,2000,1,1,5,5,3,4.844187086458591,4,3,1,4,3,3,0,7.1284959456800365,6,0.0,5.877735781779639,1602.0,1,4,1,4,7.379008127628304,0.0,0.0,7.379008127628304,0,0.6931471805599453,2,0,3,0.6931471805599453,4,8,6,1,3,1,1977.0,0,2,529,3,3,2,5.484796933490655,0.0,0.0,0.0,0.0,0.0,0,4,1,0.0,6,2009,8,4,215000.0,8.07215530818825,3,32,9,3.4965075614664802,13,5.299566585948469,264.5,2.3402560608242724,5.484796933490655,0.0,1,0.6931471805599453,0.6931471805599453,1,12.278397958261774
423,2.995732273553991,3,4.605170185988092,9.98736903651683,1,1,3,1,0,4,1,11,0,2,0,2,5,5,1954,1954,3,1,6,6,2,0.0,3,3,1,3,3,3,6,0.0,6,0.0,6.8966943316227125,988.0,1,5,1,0,6.895682697747868,0.0,0.0,6.895682697747868,0,0.0,1,0,2,0.6931471805599453,3,4,6,0,0,1,1954.0,2,2,520,3,3,0,0.0,0.0,0.0,0.0,0.0,0.0,0,4,1,0.0,2,2008,8,4,113000.0,7.588829878307813,1,54,54,4.007333185232471,10,5.5093883366279774,260.0,3.0916863387689624,0.0,0.0,0,0.6931471805599453,0.6931471805599453,0,11.635151947212842
424,4.0943445622221,3,4.382026634673881,9.126958763037132,1,1,3,3,0,4,0,15,2,2,0,5,8,5,1998,1998,1,1,12,13,1,6.161207321695077,4,3,2,4,3,3,2,6.894670039433482,6,0.0,6.184148890937483,1470.0,1,4,1,4,7.293017679772782,7.057036981697891,0.0,7.874739125171811,1,0.0,2,1,4,0.6931471805599453,4,8,6,1,3,1,1998.0,0,3,696,3,3,2,0.0,4.204692619390966,0.0,0.0,0.0,0.0,0,4,1,0.0,6,2008,8,4,315000.0,8.318742252692399,4,10,10,2.3978952727983707,13,5.795297583491974,232.0,1.2522196378653214,4.204692619390966,0.0,1,0.6931471805599453,0.6931471805599453,1,12.660331092405906
425,2.995732273553991,3,4.276666119016055,9.104979856318357,1,1,3,3,0,4,0,12,2,2,0,2,6,5,1956,1956,1,1,13,14,1,4.31748811353631,3,3,1,4,3,3,3,6.424869023905388,6,0.0,6.364750756851911,1196.0,1,4,1,0,7.086737934510577,0.0,0.0,7.086737934510577,1,0.0,1,0,2,0.6931471805599453,3,6,6,1,4,1,1956.0,2,1,297,3,3,2,0.0,3.8066624897703196,0.0,0.0,0.0,0.0,0,4,1,0.0,5,2008,8,4,139000.0,7.779885115070522,2,52,52,3.970291913552122,11,5.294978465282522,297.0,2.018241921807779,3.8066624897703196,0.0,1,0.6931471805599453,0.6931471805599453,1,11.842236406331555
426,4.0943445622221,4,4.0943445622221,8.125039097367745,1,0,3,1,0,4,0,17,2,2,0,5,7,8,1946,1992,1,1,6,6,2,0.0,3,4,1,3,3,3,6,0.0,6,0.0,6.480044561926653,651.0,1,4,1,4,6.561030665896573,6.52649485957079,0.0,7.236339342754344,0,0.0,1,1,3,0.6931471805599453,3,6,6,2,4,5,1947.0,3,1,240,3,3,1,0.0,0.0,4.844187086458591,0.0,0.0,0.0,0,4,1,0.0,9,2009,8,4,135000.0,7.620705086838262,2,63,17,4.143134726391533,15,5.444579873526289,240.0,0.8886997546134016,4.844187086458591,0.0,1,0.6931471805599453,0.6931471805599453,0,11.813037464800539
427,4.382026634673881,3,4.197201947661808,9.457200449907708,1,1,3,2,0,4,1,20,2,2,0,7,7,5,1989,1989,1,1,13,14,1,4.983606621708336,4,3,2,4,3,1,2,7.325807502595773,6,0.0,0.0,1518.0,1,4,1,4,7.404887575616125,0.0,0.0,7.404887575616125,1,0.6931471805599453,2,0,2,0.6931471805599453,4,5,6,1,3,1,1989.0,0,2,569,3,3,2,4.394449154672439,0.0,0.0,0.0,5.983936280687191,0.0,0,4,1,0.0,8,2009,8,4,275000.0,8.058960017769417,4,20,20,3.044522437723423,12,5.7954496631820245,284.5,2.0523128742915833,6.1675164908883415,0.0,1,0.6931471805599453,0.6931471805599453,1,12.524530013005734
428,2.995732273553991,3,4.343805421853684,9.058703197313223,1,1,0,3,0,4,0,12,2,2,0,2,4,6,1957,1957,3,1,8,8,2,0.0,3,3,1,3,3,3,5,5.666426688112432,6,0.0,6.429719478039138,907.0,1,5,1,4,6.810142450115136,0.0,0.0,6.810142450115136,0,0.0,1,0,3,0.6931471805599453,3,5,6,0,0,5,1964.0,3,1,352,3,3,2,0.0,0.0,0.0,0.0,0.0,0.0,0,4,1,0.0,7,2008,8,4,109008.0,7.503289630675082,1,51,51,3.8066624897703196,10,5.200704537681037,352.0,2.2485607471980864,0.0,0.0,0,0.6931471805599453,0.6931471805599453,0,11.599185726610004
429,2.995732273553991,3,4.1588830833596715,8.819073983267831,1,1,3,3,0,4,0,5,2,2,0,2,7,5,2007,2007,1,1,12,13,1,4.6913478822291435,4,3,2,4,3,3,2,6.499787040655854,6,0.0,6.300785794663244,1208.0,1,5,1,4,7.0967213784947605,0.0,0.0,7.0967213784947605,1,0.0,2,0,2,0.6931471805599453,4,6,6,0,0,1,2007.0,2,2,628,3,3,2,4.663439094112067,4.007333185232471,0.0,0.0,0.0,0.0,0,4,1,0.0,9,2007,6,5,195400.0,7.789868559054706,3,0,0,0.0,12,5.304961909266705,314.0,1.722352604773071,5.075173815233827,0.0,0,0.6931471805599453,0.6931471805599453,1,12.182809136284991
430,2.995732273553991,3,4.867534450455582,9.346356175893625,1,1,0,3,0,0,0,23,2,2,0,2,6,5,1988,1988,1,1,6,6,2,0.0,3,3,1,4,3,2,2,6.913737350659685,6,0.0,5.961005339623274,1392.0,1,3,1,4,7.252762418053187,0.0,0.0,7.252762418053187,1,0.0,2,0,3,0.6931471805599453,4,6,6,1,3,1,1988.0,3,2,576,3,3,2,0.0,0.0,5.135798437050262,0.0,0.0,0.0,0,4,1,0.0,3,2009,8,4,175000.0,7.938802248154481,3,21,21,3.091042453358316,11,5.461002948825133,288.0,2.093593757840438,5.135798437050262,0.0,1,0.6931471805599453,0.6931471805599453,0,12.07254696717504
431,5.075173815233827,4,3.044522437723423,7.426549072397305,1,1,3,3,0,4,0,2,2,2,3,5,6,5,1971,1971,1,1,6,6,1,5.4510384535657,3,3,1,3,3,3,0,5.961005339623274,6,0.0,4.574710978503383,483.0,1,3,1,4,6.180016653652572,6.22455842927536,0.0,6.894670039433482,0,0.0,1,1,2,0.6931471805599453,3,4,6,0,0,5,1971.0,3,1,264,3,3,2,0.0,0.0,0.0,0.0,0.0,0.0,0,4,1,0.0,7,2008,0,0,85400.0,7.293017679772782,2,37,37,3.6375861597263857,11,5.508375678313591,264.0,0.531879032963823,0.0,0.0,0,0.6931471805599453,0.6931471805599453,1,11.355113089309977
432,3.912023005428146,4,4.0943445622221,8.628018746505122,1,1,0,0,0,4,0,17,1,2,0,0,6,7,1920,1998,1,1,8,8,2,0.0,3,3,0,3,3,3,6,0.0,6,0.0,6.804614520062624,901.0,1,4,1,4,6.992096427415888,4.709530201312334,0.0,7.088408778675395,0,0.0,1,0,4,0.6931471805599453,3,7,6,0,0,6,0.0,1,0,0,0,0,0,0.0,4.59511985013459,0.0,0.0,0.0,0.0,0,2,1,0.0,9,2008,3,0,79900.0,7.649216319820633,1,88,10,7.605392364814935,13,5.142498629620081,0.0,1.5396099678297273,4.59511985013459,0.0,0,0.6931471805599453,0.0,0,11.288543647320601
433,5.075173815233827,4,3.1780538303479458,7.560080465021827,1,1,3,3,0,4,0,2,2,2,4,5,5,5,1971,1971,1,1,6,6,1,5.932245187448011,3,3,1,3,3,3,0,6.156978985585555,6,0.0,5.68697535633982,765.0,1,5,1,4,6.639875833826536,6.398594934535208,0.0,7.21890970761906,1,0.0,1,1,2,0.6931471805599453,3,6,2,0,0,5,1971.0,3,2,440,3,3,2,5.484796933490655,3.6109179126442243,0.0,0.0,0.0,0.0,0,4,1,0.0,8,2007,8,4,122500.0,7.6638772587034705,3,36,36,3.6109179126442243,10,5.427150238391005,220.0,0.3411707574027672,5.6240175061873385,0.0,0,0.6931471805599453,0.6931471805599453,1,11.715874472198905
434,4.0943445622221,3,4.605170185988092,9.29090601981575,1,1,0,3,0,0,0,8,2,2,0,5,6,5,1997,1998,1,1,12,13,2,0.0,3,3,2,4,3,3,6,0.0,6,0.0,6.831953565565855,926.0,1,5,1,4,6.8308742346461795,6.520621127558696,0.0,7.38025578842646,0,0.0,2,1,3,0.6931471805599453,3,7,6,1,3,1,1997.0,0,2,470,3,3,2,0.0,3.6109179126442243,0.0,0.0,0.0,0.0,0,4,1,0.0,7,2008,8,4,181000.0,7.835974581721566,3,11,10,2.4849066497880004,11,5.434345639371147,235.0,1.9106502313892901,3.6109179126442243,0.0,1,0.6931471805599453,0.6931471805599453,0,12.10625783509458
435,5.19295685089021,4,3.044522437723423,7.5443321080536885,1,1,3,3,0,4,0,10,2,2,3,6,4,7,1972,1972,1,1,5,5,2,0.0,3,4,1,4,3,0,0,6.206575926724928,6,0.0,4.912654885736052,630.0,1,4,1,4,6.4457198193855785,0.0,0.0,6.4457198193855785,1,0.0,1,0,1,0.6931471805599453,3,3,6,0,0,6,0.0,1,0,0,0,0,2,4.48863636973214,0.0,0.0,0.0,0.0,0.0,0,4,1,0.0,6,2008,8,4,81000.0,7.138866999945524,2,36,36,7.605392364814935,11,5.3471075307174685,0.0,1.0986122886681098,4.48863636973214,0.0,0,0.6931471805599453,0.0,0,11.302216779257382
436,4.0943445622221,3,3.7612001156935624,9.274910142625483,1,1,1,3,0,1,0,5,4,2,0,5,7,6,1996,1996,1,1,12,13,2,0.0,4,3,2,4,3,0,2,5.955837369464831,0,5.84354441703136,4.2626798770413155,799.0,1,5,1,4,6.717804695023691,6.727431724850855,0.0,7.415175109613295,1,0.0,2,1,3,0.6931471805599453,4,6,6,1,3,1,1996.0,2,2,550,3,3,2,5.0689042022202315,4.127134385045092,0.0,0.0,0.0,0.0,0,4,1,0.0,4,2009,5,4,212000.0,7.807916628926408,4,13,13,2.6390573296152584,13,5.6234156403852396,275.0,1.859735033012188,5.393627546352362,0.0,1,0.6931471805599453,0.6931471805599453,0,12.264346270624157
437,3.912023005428146,4,3.6888794541139363,8.389359819906353,1,1,3,3,0,4,0,17,2,2,0,0,6,8,1920,1950,1,1,11,12,2,0.0,3,3,0,2,3,3,6,0.0,6,0.0,6.47543271670409,648.0,1,3,1,0,6.598509028614515,5.953243334287785,0.0,7.0192966537150445,0,0.0,1,0,2,0.6931471805599453,3,6,6,0,0,5,1990.0,3,2,440,3,3,2,0.0,0.0,0.0,0.0,0.0,0.0,0,4,1,0.0,10,2006,8,4,116000.0,7.476472381163905,1,86,56,2.833213344056216,14,5.227537184486989,220.0,1.370063166191308,0.0,0.0,0,0.6931471805599453,0.6931471805599453,0,11.661354090741
438,3.8066624897703196,4,3.912023005428146,8.699514748210191,1,1,3,3,0,4,0,3,2,2,0,1,6,7,1926,2004,1,1,13,14,2,0.0,4,3,2,3,3,3,6,0.0,6,0.0,6.785587645007929,884.0,1,4,1,4,6.806829360392176,0.0,0.0,6.806829360392176,0,0.0,1,0,2,0.6931471805599453,3,4,6,0,0,5,1926.0,3,1,180,3,3,2,0.0,0.0,4.663439094112067,0.0,0.0,0.0,0,4,1,0.0,1,2009,8,4,119000.0,7.488852955733459,1,83,5,4.430816798843313,13,5.420534999272286,180.0,1.8926853878180157,4.663439094112067,0.0,0,0.6931471805599453,0.6931471805599453,0,11.686887175419702
439,3.4011973816621555,3,3.6888794541139363,8.361708288575842,1,1,3,3,0,4,0,6,2,2,0,2,5,6,1913,2002,1,1,14,12,2,0.0,3,3,2,3,3,3,3,5.902633333401366,6,0.0,4.330733340286331,440.0,1,3,0,4,6.542471960506805,0.0,0.0,6.542471960506805,0,0.0,1,0,2,0.6931471805599453,4,4,6,1,4,5,1990.0,3,1,352,4,3,1,0.0,0.0,3.5553480614894135,0.0,0.0,0.0,0,2,1,0.0,3,2007,8,4,90350.0,7.033506484287697,1,94,5,2.8903717578961645,11,5.156177599386914,352.0,1.819236328069038,3.5553480614894135,0.0,1,0.6931471805599453,0.6931471805599453,0,11.411457364027745
440,3.912023005428146,3,4.204692619390966,9.421735176255844,1,0,3,3,0,0,0,7,2,2,0,0,6,8,1920,2000,1,1,13,14,2,0.0,3,3,0,3,2,2,6,0.0,6,0.0,6.529418838262226,684.0,1,4,1,4,6.52795791762255,6.240275845170769,0.0,7.086737934510577,0,0.0,1,0,3,0.6931471805599453,4,7,6,0,0,5,2005.0,3,2,528,3,3,2,0.0,3.8501476017100584,0.0,0.0,0.0,0.0,0,0,3,6.68586094706836,8,2009,4,4,110000.0,7.539027055823995,1,89,9,1.6094379124341003,14,5.140827785455264,264.0,2.3349972417452673,3.8501476017100584,0.0,0,0.6931471805599453,0.6931471805599453,0,11.608244735642321
441,2.995732273553991,3,4.653960350157523,9.644133752071205,1,1,3,3,0,4,0,16,2,2,0,2,10,5,2008,2008,3,1,12,13,3,5.303304908059076,5,3,2,5,3,1,2,7.477604243197589,0,6.29156913955832,6.670766320845874,2155.05,1,5,1,4,7.784057002639929,0.0,0.0,7.784057002639929,1,0.0,2,0,2,0.6931471805599453,5,10,6,2,4,1,2008.0,0,3,672,3,3,2,0.0,4.290459441148391,0.0,0.0,5.14166355650266,0.0,0,4,1,0.0,4,2009,8,4,555000.0,8.424430763334477,3,1,1,0.6931471805599453,15,5.481471909645883,224.0,1.860076749431276,5.493061443340548,0.0,1,0.6931471805599453,0.6931471805599453,1,13.22672519452875
442,4.499809670330265,3,4.5217885770490405,9.401621670141608,1,1,3,3,0,4,0,7,2,2,2,2,4,4,1955,1955,1,1,12,13,1,5.602118820879701,3,3,1,3,3,3,0,4.897839799950911,6,0.0,7.176254532017144,1440.0,1,3,0,1,7.272398392570047,0.0,0.0,7.272398392570047,0,0.0,2,0,4,1.0986122886681098,2,8,6,0,0,6,0.0,1,0,0,0,0,2,0.0,0.0,0.0,0.0,0.0,0.0,0,4,1,0.0,9,2008,8,4,118000.0,7.965545573129992,2,53,53,7.605392364814935,8,5.19295685089021,0.0,2.129223277571563,0.0,0.0,0,0.6931471805599453,0.0,1,11.678448377988165
443,3.912023005428146,4,3.9512437185814275,8.738735461363474,1,1,3,3,0,4,0,3,2,2,0,0,5,7,1930,1992,1,1,8,8,2,0.0,3,3,2,3,3,3,6,0.0,6,0.0,6.983789965258135,1078.0,1,3,1,4,7.028201432058005,6.100318952020064,0.0,7.360739903058278,0,0.0,2,0,3,0.6931471805599453,3,8,6,1,4,5,1930.0,3,2,360,3,3,1,0.0,0.0,0.0,0.0,0.0,0.0,0,4,1,0.0,6,2008,8,4,162900.0,7.8826922062890254,2,78,16,4.3694478524670215,12,5.281298361378442,180.0,1.3779955583051955,0.0,0.0,1,0.6931471805599453,0.6931471805599453,0,12.000897933306716
444,4.787491742782046,3,3.970291913552122,8.274357006756292,1,1,3,3,0,4,0,0,2,2,4,2,7,5,2006,2007,1,1,14,15,1,4.290459441148391,4,3,2,5,3,0,6,0.0,6,0.0,7.138073034044347,1258.0,1,5,1,4,7.1372784372603855,0.0,0.0,7.1372784372603855,0,0.0,2,0,2,0.6931471805599453,4,6,6,1,4,1,2007.0,0,3,648,3,3,2,4.976733742420574,2.833213344056216,0.0,0.0,0.0,0.0,0,4,1,0.0,6,2007,6,5,172500.0,7.830425617820331,2,1,0,0.0,12,5.345518968032331,216.0,1.1370785694959058,5.081404364984463,0.0,1,0.6931471805599453,0.6931471805599453,1,12.058158312538197
445,4.0943445622221,3,4.248495242049359,9.07680897935166,1,1,3,3,0,4,0,5,2,2,0,5,7,5,1994,1995,1,1,12,13,2,0.0,4,4,2,4,3,3,2,6.466144724237619,6,0.0,5.6131281063880705,915.0,1,5,1,4,6.838405200847344,6.883462586413092,0.0,7.553810852008231,1,0.0,2,1,4,0.6931471805599453,4,8,6,1,3,1,1994.0,3,2,493,3,3,2,4.976733742420574,4.897839799950911,0.0,0.0,0.0,0.0,0,4,1,0.0,7,2008,8,4,210000.0,7.945555428253489,4,14,13,2.70805020110221,12,5.474369310328396,246.5,1.522998127343428,5.627621113690637,0.0,1,0.6931471805599453,0.6931471805599453,0,12.25486757159303
446,2.995732273553991,3,4.290459441148391,9.19573421958682,1,1,3,3,0,0,0,7,2,2,0,2,6,5,1956,1956,3,1,13,14,2,0.0,3,3,1,3,3,3,6,0.0,6,0.0,7.270312886079025,1436.0,1,2,1,4,7.4318919168078,0.0,0.0,7.4318919168078,0,0.0,1,0,3,0.6931471805599453,3,7,6,1,4,1,1956.0,3,2,480,3,3,2,0.0,0.0,0.0,0.0,0.0,0.0,0,2,1,0.0,11,2009,0,4,127500.0,8.047189562170502,1,53,53,3.9889840465642745,11,5.485981767752487,240.0,1.7638423027790204,0.0,0.0,1,0.6931471805599453,0.6931471805599453,0,11.755879486687116
447,2.995732273553991,3,4.919980925828125,9.71063069382679,1,1,0,3,0,0,0,12,3,2,0,2,6,6,1966,2002,1,1,3,10,2,0.0,4,3,1,3,3,3,0,5.5134287461649825,5,6.570882962339584,6.324358962381311,1517.0,1,5,1,4,7.543273346705446,0.0,0.0,7.543273346705446,0,0.0,2,1,2,0.6931471805599453,4,6,4,1,4,1,1966.0,0,2,578,3,3,2,0.0,0.0,0.0,0.0,0.0,0.0,0,4,1,0.0,6,2010,8,4,190000.0,8.133000218583613,3,44,8,3.8066624897703196,12,5.751513877477391,289.0,2.1673573471213445,0.0,0.0,1,0.6931471805599453,0.6931471805599453,0,12.154784614286667
448,4.0943445622221,3,4.174387269895637,9.324918276683619,1,1,0,3,0,0,0,8,2,2,0,5,7,5,1998,1999,1,1,12,13,2,0.0,4,3,2,4,3,3,6,0.0,6,0.0,6.836259277277067,930.0,1,4,1,4,6.862757913051401,6.836259277277067,0.0,7.542213463193403,0,0.0,2,1,4,0.6931471805599453,4,10,6,1,3,1,1998.0,0,2,431,3,3,2,4.499809670330265,0.0,0.0,0.0,0.0,0.0,0,4,1,0.0,7,2006,8,4,199900.0,7.943072717277933,3,8,7,2.1972245773362196,12,5.239628370199357,215.5,1.782704813490215,4.499809670330265,0.0,1,0.6931471805599453,0.6931471805599453,0,12.20557752297723
449,3.912023005428146,4,3.912023005428146,9.0595174822416,1,1,3,0,0,4,0,9,2,2,0,0,6,6,1937,1950,1,1,8,8,2,0.0,3,3,0,3,3,3,6,0.0,6,0.0,6.660575149839686,780.0,1,3,1,4,6.659293919683638,6.391917113392602,0.0,7.226936018493289,0,0.0,2,0,3,0.6931471805599453,3,7,6,1,4,5,1937.0,3,1,198,3,3,0,0.0,0.0,0.0,0.0,0.0,0.0,0,4,1,0.0,6,2006,8,4,119500.0,7.6760099320288875,2,69,56,4.248495242049359,12,5.2810258694379755,198.0,1.8325814637483102,0.0,0.0,1,0.6931471805599453,0.6931471805599453,0,11.691080018519527
450,3.912023005428146,4,3.912023005428146,8.699514748210191,1,1,3,3,0,4,0,17,2,2,0,0,3,7,1948,2002,1,1,8,8,2,0.0,3,4,1,3,3,3,0,5.805134968916488,6,0.0,5.765191102784844,649.0,1,5,1,4,6.520621127558696,6.22455842927536,0.0,7.075808863978387,0,0.0,1,1,2,0.6931471805599453,3,6,6,0,0,5,1981.0,3,1,308,3,3,2,0.0,5.176149732573829,0.0,0.0,0.0,0.0,0,4,1,0.0,6,2007,8,4,120000.0,7.513163545234075,2,59,5,3.295836866004329,10,5.2840493947503315,308.0,1.6237058842318053,5.176149732573829,0.0,0,0.6931471805599453,0.6931471805599453,0,11.695255355062795
451,3.4011973816621555,4,4.248495242049359,8.64541048921699,1,1,3,3,0,4,0,17,2,2,0,2,6,8,1930,2005,3,1,13,14,2,0.0,3,3,0,3,3,3,6,0.0,6,0.0,6.70196036600254,813.0,1,5,1,0,6.70073110954781,0.0,0.0,6.70073110954781,0,0.0,1,0,2,0.6931471805599453,4,5,6,0,0,5,1932.0,3,1,270,2,2,0,0.0,4.736198448394496,0.0,0.0,0.0,0.0,0,4,1,0.0,6,2006,8,4,110000.0,7.3938782901077555,1,76,1,4.31748811353631,14,5.0912931971137105,270.0,1.9446793796691808,4.736198448394496,0.0,0,0.6931471805599453,0.6931471805599453,0,11.608244735642321
452,2.995732273553991,3,4.127134385045092,11.167063280451986,1,1,0,2,0,4,1,4,2,2,0,2,7,5,1975,1975,1,7,9,10,2,0.0,3,3,1,4,3,1,0,6.486160788944089,6,0.0,6.778784897685177,1533.0,1,3,1,4,7.334981878871814,0.0,0.0,7.334981878871814,1,0.0,2,0,2,0.6931471805599453,4,5,6,2,3,1,1975.0,3,2,576,3,3,2,5.303304908059076,4.007333185232471,0.0,0.0,0.0,0.0,0,4,1,0.0,12,2006,8,4,280000.0,8.028129059431759,3,31,31,3.4657359027997265,12,5.725543966437714,288.0,3.832081401580171,5.541263545158426,0.0,1,0.6931471805599453,0.6931471805599453,0,12.54254845357358
453,4.0943445622221,3,4.442651256490317,9.138092207768558,1,1,0,3,0,0,0,23,2,2,0,5,6,5,1996,1997,3,1,12,13,1,3.7612001156935624,4,3,2,5,3,3,0,6.610696044717759,6,0.0,4.875197323201151,872.0,1,5,1,4,6.78897174299217,6.767343125265392,0.0,7.470793774195062,1,0.0,2,1,3,0.6931471805599453,3,7,6,0,0,1,1996.0,0,2,422,3,3,2,4.976733742420574,4.812184355372417,0.0,0.0,0.0,0.0,0,4,1,0.0,7,2007,8,4,204000.0,7.873978379604501,4,11,10,2.4849066497880004,11,5.524883625139749,211.0,1.6672984335734968,5.58724865840025,0.0,0,0.6931471805599453,0.6931471805599453,1,12.225880174775122
454,4.0943445622221,1,4.31748811353631,9.104979856318357,1,1,3,3,0,4,0,21,2,2,0,5,8,5,2008,2008,1,1,12,13,2,0.0,4,3,2,4,3,3,6,0.0,6,0.0,6.645090969505644,768.0,1,5,1,4,6.666956792429207,6.690842277418564,0.0,7.371489295214277,0,0.0,2,1,3,0.6931471805599453,4,6,6,0,0,1,2008.0,2,2,676,3,3,2,0.0,3.4339872044851463,0.0,0.0,0.0,0.0,0,4,1,0.0,6,2009,8,4,210000.0,7.765569081097317,3,1,1,0.6931471805599453,13,5.579729825986222,338.0,1.7334905611040792,3.4339872044851463,0.0,0,0.6931471805599453,0.6931471805599453,0,12.25486757159303
455,4.499809670330265,3,4.143134726391533,9.137447046455858,1,1,3,3,0,4,0,11,2,2,2,2,5,5,1976,1976,1,1,9,10,2,0.0,3,3,1,3,3,3,0,7.382124365737512,6,0.0,4.812184355372417,1728.0,1,3,1,4,7.454719949364001,0.0,0.0,7.454719949364001,2,0.0,2,0,4,1.0986122886681098,3,8,6,0,0,5,1976.0,3,2,560,3,3,2,0.0,0.0,0.0,0.0,0.0,0.0,0,4,1,0.0,7,2006,8,3,188000.0,8.147867129923947,4,30,30,3.4339872044851463,10,5.375278407684165,280.0,1.6827270970918569,0.0,0.0,0,0.6931471805599453,0.6931471805599453,0,12.144202560946876
456,2.995732273553991,3,4.382026634673881,9.169518377455928,1,1,3,3,0,4,0,14,2,2,0,2,7,6,1973,1973,3,1,6,6,1,5.771441123130016,3,3,1,3,3,3,0,6.821107472256465,6,0.0,5.7899601708972535,1242.0,1,2,1,4,7.124478262493424,0.0,0.0,7.124478262493424,0,0.0,1,1,3,0.6931471805599453,3,6,6,1,3,1,1973.0,3,2,528,3,3,2,0.0,0.0,0.0,0.0,0.0,0.0,0,4,1,0.0,9,2007,8,4,175500.0,7.81762544305337,2,34,34,3.5553480614894135,13,5.332718793265369,264.0,2.0450401149625037,0.0,0.0,1,0.6931471805599453,0.6931471805599453,1,12.075400019877522
457,4.248495242049359,4,3.5263605246161616,8.427487278331744,1,0,3,3,0,4,0,17,2,2,0,5,5,5,1916,1950,1,1,0,0,2,0.0,3,3,0,3,3,3,6,0.0,6,0.0,6.437751649736401,624.0,1,2,0,4,6.436150368369428,6.580639137284949,0.0,7.203405521083095,0,0.0,1,0,4,0.6931471805599453,3,7,6,0,0,5,1916.0,3,3,513,2,2,2,0.0,0.0,4.574710978503383,0.0,0.0,0.0,0,4,1,0.0,5,2008,0,0,98000.0,7.584773077612199,1,92,58,4.532599493153256,10,5.2574953720277815,171.0,1.2240817572486495,4.574710978503383,0.0,0,0.6931471805599453,0.6931471805599453,0,11.49273296168228
458,2.995732273553991,3,4.382026634673881,10.882321065382621,1,1,0,2,0,1,1,4,2,2,0,2,4,6,1954,1994,0,5,9,10,2,0.0,3,3,1,4,3,1,1,7.018401799069201,6,0.0,5.517452896464707,1364.0,1,5,1,4,7.416378479192928,0.0,0.0,7.416378479192928,1,0.0,1,0,2,0.6931471805599453,4,6,2,2,4,1,1954.0,0,2,529,3,3,2,5.41610040220442,4.927253685157205,0.0,0.0,0.0,0.0,0,4,1,0.0,3,2008,8,4,256000.0,8.01532730902172,2,54,14,4.007333185232471,10,5.6246190099648725,264.5,3.465942586189694,5.8916442118257715,0.0,1,0.6931471805599453,0.6931471805599453,0,12.45293662970407
459,4.248495242049359,4,4.0943445622221,8.536995818712418,1,0,3,3,0,4,0,17,2,2,0,5,8,7,1925,1996,3,1,11,15,2,0.0,3,4,2,3,3,3,6,0.0,6,0.0,6.3784261836515865,588.0,1,2,1,4,6.725033642166843,6.726233402358747,0.0,7.418180822726788,0,0.0,1,0,3,0.6931471805599453,4,7,6,1,4,5,1925.0,3,1,228,3,3,2,5.262690188904886,4.1588830833596715,0.0,0.0,0.0,0.0,0,2,1,0.0,6,2008,8,4,161000.0,7.720461694599722,1,83,12,4.430816798843313,15,5.472270673671475,228.0,1.118814995985629,5.545177444479562,0.0,1,0.6931471805599453,0.6931471805599453,0,11.989165855127435
460,3.912023005428146,3,3.9512437185814275,8.855805992536562,1,1,0,0,0,0,0,3,2,2,0,0,5,4,1950,1950,1,1,8,8,0,5.087596335232384,3,3,1,3,3,3,3,5.225746673713202,6,0.0,6.263398262591624,709.0,1,3,1,4,6.88653164253051,5.41610040220442,0.0,7.0925737159746784,1,0.0,1,0,3,0.6931471805599453,4,5,6,1,3,5,1950.0,3,1,352,3,3,2,0.0,0.0,5.517452896464707,0.0,0.0,0.0,0,4,1,0.0,7,2009,8,4,110000.0,7.555905093611346,2,59,59,4.0943445622221,9,5.483135803540579,352.0,1.7632322765618824,5.517452896464707,0.0,1,0.6931471805599453,0.6931471805599453,1,11.608244735642321
461,4.0943445622221,1,4.31748811353631,8.987696695703624,1,1,0,3,0,4,0,21,6,2,0,5,8,5,2009,2009,1,1,12,13,3,4.709530201312334,4,3,2,4,3,3,2,6.300785794663244,6,0.0,5.666426688112432,832.0,1,5,1,4,6.723832440821209,7.00669522683704,0.0,7.5678626054638825,1,0.0,2,1,3,0.6931471805599453,3,8,6,0,0,3,2009.0,0,2,552,3,3,2,0.0,5.017279836814924,0.0,0.0,0.0,0.0,0,4,1,0.0,12,2009,6,5,263435.0,7.925518979786926,4,0,0,0.0,13,5.488421063784046,276.0,1.4198340902397417,5.017279836814924,0.0,0,0.6931471805599453,0.6931471805599453,1,12.481565733211923
462,4.248495242049359,3,4.0943445622221,8.881836305004146,1,1,3,3,0,4,0,18,1,2,0,5,7,9,1936,2007,1,1,13,14,2,0.0,4,4,2,4,4,3,0,5.860786223465865,1,5.351858133476067,0.0,560.0,1,5,1,4,6.354370040797351,6.329720905522696,0.0,7.034387929915503,1,0.0,1,0,3,0.6931471805599453,4,6,6,0,0,5,1971.0,2,2,576,3,3,2,5.54907608489522,0.0,0.0,0.0,0.0,0.0,0,2,1,0.0,4,2009,8,4,155000.0,7.43543801981455,2,73,2,3.6635616461296463,16,5.242628460687448,288.0,1.8474483750886435,5.54907608489522,0.0,0,0.6931471805599453,0.6931471805599453,0,11.951186847493476
463,2.995732273553991,3,4.0943445622221,9.0217190130337,1,1,0,3,0,4,0,19,2,2,0,2,5,5,1965,1965,1,1,8,8,2,0.0,3,3,1,3,3,3,5,6.317164686747284,1,5.7430031878094825,0.0,864.0,1,4,1,4,6.761572768804055,0.0,0.0,6.761572768804055,0,0.0,1,0,3,0.6931471805599453,3,5,6,1,1,5,1965.0,3,1,360,3,3,2,0.0,0.0,5.4680601411351315,0.0,0.0,0.0,0,1,1,0.0,12,2009,8,4,62383.0,7.454719949364001,1,44,44,3.8066624897703196,10,5.152134856369956,360.0,2.2601462442296443,5.4680601411351315,0.0,1,0.6931471805599453,0.6931471805599453,0,11.04106411122238
464,4.248495242049359,3,4.30406509320417,9.391661428436555,1,1,0,1,0,4,1,6,2,2,0,5,6,7,1934,1995,3,1,11,12,2,0.0,3,3,1,3,3,3,3,5.7899601708972535,6,0.0,5.966146739123692,715.0,1,2,1,0,6.744059186311348,6.699500340161678,0.0,7.414572881350589,0,0.0,1,1,3,0.6931471805599453,3,6,6,1,4,5,1939.0,3,1,240,3,3,2,0.0,0.0,0.0,0.0,0.0,0.0,0,4,1,0.0,8,2008,8,4,188700.0,7.772752716468742,2,74,13,4.248495242049359,13,5.622813412122534,240.0,1.977088547085965,0.0,0.0,1,0.6931471805599453,0.6931471805599453,0,12.147919030759663
465,2.995732273553991,3,4.0943445622221,9.039552050995901,1,1,3,1,0,4,1,5,2,2,0,2,5,5,1978,1978,1,1,6,6,1,4.919980925828125,3,3,1,4,3,3,5,6.424869023905388,6,0.0,6.052089168924417,1040.0,1,3,1,4,6.946975992135418,0.0,0.0,6.946975992135418,0,0.0,2,0,3,0.6931471805599453,3,5,6,0,0,6,0.0,1,0,0,0,0,2,0.0,0.0,0.0,0.0,0.0,0.0,0,4,1,0.0,8,2009,8,4,124000.0,7.640123172695364,2,31,31,7.605890001053122,10,5.337538079701318,0.0,2.0925760588604825,0.0,0.0,0,0.6931471805599453,0.0,1,11.728044909070785
466,4.787491742782046,4,3.7612001156935624,8.030084094267563,1,1,3,3,0,4,0,0,2,2,4,2,7,5,2004,2004,3,1,12,13,1,2.9444389791664403,4,3,2,4,3,3,6,0.0,6,0.0,7.226936018493289,1375.0,1,5,1,4,7.254177846456518,0.0,0.0,7.254177846456518,0,0.0,2,0,2,0.6931471805599453,4,6,6,1,3,1,2004.0,0,2,398,3,3,2,4.976733742420574,3.044522437723423,0.0,0.0,0.0,0.0,0,4,1,0.0,5,2006,8,4,178740.0,7.933438387627489,2,2,2,1.0986122886681098,12,5.462418377228463,199.0,0.7759062478110447,5.10594547390058,0.0,1,0.6931471805599453,0.6931471805599453,1,12.093693109638318
467,2.995732273553991,3,4.442651256490317,9.271247306879705,1,1,3,3,0,4,0,12,2,2,0,2,7,5,1970,1970,0,5,9,10,2,0.0,3,4,1,3,4,1,2,6.658011045870748,6,0.0,6.214608098422191,1277.0,1,3,1,4,7.152268856032539,0.0,0.0,7.152268856032539,1,0.0,1,0,2,0.6931471805599453,3,5,6,1,1,1,1970.0,3,2,526,3,3,2,0.0,0.0,0.0,0.0,5.176149732573829,0.0,0,1,1,0.0,4,2007,8,4,167000.0,7.845416036592485,2,37,37,3.6375861597263857,12,5.542830943598439,263.0,2.1189784508471647,5.176149732573829,0.0,1,0.6931471805599453,0.6931471805599453,0,12.025755079404917
468,4.248495242049359,3,4.3694478524670215,9.156939595249067,1,1,3,3,0,4,0,12,0,2,0,5,5,7,1942,1995,1,1,8,8,3,5.41610040220442,3,3,1,3,3,3,3,5.958424693029782,6,0.0,5.8377304471659395,728.0,1,5,1,4,6.78897174299217,6.6293632534374485,0.0,7.404887575616125,0,0.0,1,1,3,0.6931471805599453,4,7,6,2,4,1,1942.0,3,1,312,3,3,2,5.1298987149230735,0.0,0.0,0.0,0.0,0.0,0,4,1,0.0,6,2007,8,4,146500.0,7.771488760117616,2,65,12,4.189654742026425,12,5.4589774265608115,312.0,1.7520520196329423,5.1298987149230735,0.0,1,0.6931471805599453,0.6931471805599453,1,11.89478753335453
469,2.995732273553991,3,4.584967478670572,9.343821763350663,1,1,0,3,0,4,0,16,2,2,0,2,8,5,2006,2006,1,1,12,13,3,5.517452896464707,4,3,2,4,3,3,6,0.0,6,0.0,7.394493107219038,1626.0,1,5,1,4,7.3987862754199485,0.0,0.0,7.3987862754199485,0,0.0,2,0,3,0.6931471805599453,4,7,6,1,4,1,2006.0,2,3,866,3,3,2,0.0,3.8066624897703196,0.0,0.0,0.0,0.0,0,4,1,0.0,5,2007,8,4,250000.0,8.089482474360754,2,1,1,0.6931471805599453,13,5.452876126364635,288.6666666666667,1.9450354879307155,3.8066624897703196,0.0,1,0.6931471805599453,0.6931471805599453,1,12.429220196836383
470,4.0943445622221,3,4.330733340286331,9.136801468641313,1,1,0,3,0,0,0,20,7,2,0,5,6,5,1993,1993,1,1,6,6,1,4.795790545596741,4,3,2,4,3,3,2,6.056784013228625,6,0.0,6.008813185442595,832.0,1,5,1,4,6.723832440821209,6.778784897685177,0.0,7.444248649496705,0,0.0,2,1,3,0.6931471805599453,4,7,6,0,0,1,1993.0,2,2,506,3,3,2,4.976733742420574,4.2626798770413155,0.0,0.0,0.0,0.0,0,4,1,0.0,6,2008,8,4,187000.0,7.8407064517494,3,15,15,2.772588722239781,11,5.498338500441392,253.0,1.692552819144607,5.3706380281276624,0.0,0,0.6931471805599453,0.6931471805599453,1,12.138869243416009
471,4.787491742782046,3,4.119037174812473,8.827614750837508,1,1,0,3,0,0,0,22,2,2,4,2,8,5,1985,1985,1,1,6,6,2,0.0,4,3,2,4,3,0,2,5.910796644040527,1,7.02197642307216,0.0,1488.0,1,3,1,4,7.31455283232408,0.0,0.0,7.31455283232408,1,0.0,1,1,1,0.6931471805599453,4,4,6,0,0,1,1985.0,2,2,528,3,3,2,0.0,4.007333185232471,0.0,0.0,4.948759890378168,0.0,0,4,1,0.0,6,2010,8,4,212000.0,8.003028666384733,3,25,25,3.258096538021482,13,5.928258471204189,264.0,1.5130619185134278,5.272999558563747,0.0,0,0.6931471805599453,0.6931471805599453,0,12.264346270624157
472,4.0943445622221,3,4.5217885770490405,9.388653907372598,1,1,3,3,0,4,0,14,3,2,0,5,7,6,1977,1977,4,6,14,10,2,0.0,3,3,1,4,3,3,6,0.0,6,0.0,6.695798917058491,808.0,1,3,1,4,7.057036981697891,6.695798917058491,0.0,7.585281078639126,0,0.0,2,1,3,0.6931471805599453,3,8,6,1,4,1,1977.0,2,2,534,3,3,2,0.0,0.0,0.0,0.0,5.6240175061873385,0.0,0,4,1,0.0,11,2007,8,4,190000.0,7.9291264873067995,3,30,30,3.4339872044851463,13,5.505839536959289,267.0,1.803372828733473,5.6240175061873385,0.0,1,0.6931471805599453,0.6931471805599453,0,12.154784614286667
473,5.19295685089021,4,3.5553480614894135,8.209308411646937,1,1,3,3,0,4,0,7,2,2,4,7,6,5,2005,2005,1,1,12,13,1,4.394449154672439,3,3,2,4,3,1,2,6.131226489483141,6,0.0,4.48863636973214,547.0,1,5,1,4,6.977281341630747,0.0,0.0,6.977281341630747,1,0.0,1,0,2,0.6931471805599453,3,5,6,0,0,2,2005.0,2,2,525,3,3,2,0.0,3.367295829986474,0.0,0.0,0.0,0.0,0,4,1,0.0,6,2008,8,4,148000.0,7.389563953677635,2,3,3,1.3862943611198906,11,5.367843429196647,262.5,1.2320270700161897,3.367295829986474,0.0,0,0.6931471805599453,0.6931471805599453,1,11.904974309480183
474,2.995732273553991,3,4.700480365792417,9.614270969992395,1,1,0,3,0,4,0,16,2,2,0,2,8,5,2006,2007,1,1,12,13,1,5.720311776607412,4,3,2,5,3,1,2,7.208600337960199,6,0.0,6.440946540632921,1976.0,1,5,1,4,7.588829878307813,0.0,0.0,7.588829878307813,1,0.0,2,0,2,0.6931471805599453,4,7,6,1,5,1,2006.0,2,3,908,3,3,2,5.5254529391317835,4.1588830833596715,0.0,0.0,0.0,0.0,0,4,1,0.0,7,2007,6,5,440000.0,8.281977058867758,3,1,0,0.6931471805599453,13,5.6429197292525,302.6666666666667,2.0254410916845824,5.749392985908253,0.0,1,0.6931471805599453,0.6931471805599453,1,12.994532278619134
475,4.787491742782046,3,3.713572066704308,8.58110651715989,1,1,3,3,0,4,0,22,2,2,4,2,8,5,2000,2000,1,1,5,5,2,0.0,4,3,2,4,3,0,2,7.087573705557973,6,0.0,5.700443573390687,1494.0,1,5,1,4,7.409741954080923,0.0,0.0,7.409741954080923,1,0.0,2,0,2,0.6931471805599453,5,6,6,0,0,1,2000.0,2,2,499,3,3,2,4.574710978503383,3.8918202981106265,0.0,0.0,0.0,0.0,0,4,1,0.0,8,2007,8,4,251000.0,8.053887083618223,3,7,7,2.0794415416798357,13,5.6179824848528686,249.5,1.1713645630789669,4.976733742420574,0.0,0,0.6931471805599453,0.6931471805599453,0,12.433212202169729
476,2.995732273553991,3,4.382026634673881,9.045465728785949,1,1,3,3,0,0,0,19,2,2,0,2,5,6,1963,1963,3,1,6,6,2,0.0,3,3,1,3,3,3,2,6.447305862541213,6,0.0,5.831882477283517,970.0,1,3,1,4,6.877296071497429,0.0,0.0,6.877296071497429,1,0.0,1,0,2,0.6931471805599453,3,5,6,0,0,5,1996.0,3,2,624,3,3,2,0.0,3.2188758248682006,0.0,0.0,5.262690188904886,0.0,0,4,1,0.0,7,2007,8,4,132500.0,7.570443252057374,2,44,44,2.4849066497880004,11,5.267858159063328,312.0,2.1681696572885203,5.37989735354046,0.0,0,0.6931471805599453,0.6931471805599453,0,11.794345471549745
477,2.995732273553991,3,4.31748811353631,9.482274087459825,1,1,3,3,0,4,1,5,2,2,0,2,6,5,1997,1998,1,1,12,13,1,5.375278407684165,3,3,2,4,3,1,2,6.902742737158593,6,0.0,6.184148890937483,1478.0,1,5,1,4,7.30854279753919,0.0,0.0,7.30854279753919,1,0.0,2,0,3,0.6931471805599453,4,7,6,1,3,1,1997.0,0,2,508,3,3,2,4.948759890378168,3.6888794541139363,0.0,0.0,0.0,0.0,0,4,1,0.0,4,2008,8,4,208900.0,7.9966538754626075,3,11,10,2.4849066497880004,11,5.362632648483877,254.0,2.1737312899206342,5.19295685089021,0.0,1,0.6931471805599453,0.6931471805599453,1,12.249615734512616
478,4.0943445622221,3,4.653960350157523,9.524640032332234,1,1,3,3,0,4,0,16,2,2,0,5,9,5,2006,2006,3,1,12,13,1,6.650279048587422,5,3,2,4,3,0,6,0.0,6,0.0,7.675081857716334,2153.0,1,5,1,4,7.634820677745543,6.354370040797351,0.0,7.879669914604289,0,0.0,2,1,3,0.6931471805599453,5,9,6,1,4,3,2006.0,0,3,694,3,3,2,6.028278520230698,4.442651256490317,0.0,0.0,0.0,0.0,0,4,1,0.0,3,2007,8,4,380000.0,8.475537516147405,3,1,1,0.6931471805599453,14,5.68244533726807,231.33333333333334,1.6449701177279445,6.212606095751519,0.0,1,0.6931471805599453,0.6931471805599453,1,12.847929163278053
479,2.995732273553991,3,4.3694478524670215,9.272093768251665,1,1,3,3,0,4,0,5,2,2,0,2,8,5,2007,2008,3,1,12,13,3,5.820082930352362,4,3,2,5,3,1,2,7.161622002939187,6,0.0,6.035481432524756,1705.0,1,5,1,4,7.4489161025442,0.0,0.0,7.4489161025442,1,0.0,2,0,3,0.6931471805599453,4,7,6,1,4,1,2007.0,2,3,826,3,3,2,5.342334251964811,3.8066624897703196,0.0,0.0,0.0,0.0,0,4,1,0.0,9,2009,8,4,297000.0,8.138272638530186,3,2,1,1.0986122886681098,13,5.503005953488888,275.3333333333333,1.8231776657074643,5.53338948872752,0.0,1,0.6931471805599453,0.6931471805599453,1,12.601490784782536
480,3.4011973816621555,4,3.912023005428146,8.686935966003333,1,1,3,0,0,4,0,17,2,2,0,2,4,7,1937,2000,3,1,11,12,0,6.077642243349034,3,3,0,2,3,3,5,5.1298987149230735,6,0.0,6.606650186198215,907.0,1,3,1,4,7.030857476116121,0.0,0.0,7.030857476116121,0,0.0,1,0,2,0.6931471805599453,3,7,6,0,0,5,1995.0,3,2,672,3,3,2,0.0,4.290459441148391,0.0,0.0,0.0,0.0,0,2,1,0.0,3,2007,8,2,89471.0,7.61972421378267,1,70,7,2.5649493574615367,11,5.084947327060807,336.0,1.6560784898872114,4.290459441148391,0.0,0,0.6931471805599453,0.6931471805599453,1,11.401681006153428
481,2.995732273553991,3,4.584967478670572,9.682404377188837,1,1,0,3,0,2,0,16,2,2,0,2,9,5,2004,2005,3,1,12,13,1,5.937536205082426,4,3,2,5,3,1,2,7.140453043101158,6,0.0,6.35088571671474,1833.0,1,5,1,4,7.52294091807237,0.0,0.0,7.52294091807237,1,0.0,2,0,3,0.6931471805599453,4,8,6,1,4,1,2004.0,0,3,772,3,3,2,6.253828811575473,4.727387818712341,0.0,0.0,0.0,0.0,0,4,1,0.0,3,2006,8,4,326000.0,8.211482916445066,3,2,1,1.0986122886681098,14,5.443499376392535,257.3333333333333,2.1594634591164668,6.448889394146858,0.0,1,0.6931471805599453,0.6931471805599453,1,12.694655727828803
482,2.995732273553991,3,4.276666119016055,9.37974553683691,1,1,0,1,0,4,0,16,2,2,0,2,9,5,2003,2004,3,1,12,13,1,6.333279628139691,4,3,2,5,3,1,2,7.357556200910353,6,0.0,5.420534999272286,1792.0,1,5,1,4,7.491087593534876,0.0,0.0,7.491087593534876,1,0.0,2,0,2,0.6931471805599453,5,6,6,1,4,1,2003.0,0,3,874,3,3,2,5.332718793265369,3.912023005428146,0.0,0.0,0.0,0.0,0,4,1,0.0,8,2006,8,4,374000.0,8.18423477409482,3,3,2,1.3862943611198906,14,5.699328124306821,291.3333333333333,1.8886579433020347,5.545177444479562,0.0,1,0.6931471805599453,0.6931471805599453,1,12.832013750189885
483,4.248495242049359,4,3.912023005428146,7.824046010856292,1,2,3,3,0,0,0,17,2,2,0,5,7,8,1915,2005,1,1,11,12,2,0.0,4,3,2,3,3,3,0,5.703782474656201,6,0.0,6.416732282512326,910.0,1,5,1,4,6.82001636467413,6.814542897259958,0.0,7.509883061154913,1,0.0,1,1,4,0.6931471805599453,5,7,3,1,4,1,1915.0,3,1,164,2,2,2,0.0,0.0,0.0,0.0,0.0,0.0,0,4,1,0.0,6,2009,8,4,155000.0,7.914252278742441,3,94,4,4.553876891600541,15,5.5639729120996,164.0,0.31416294970137837,0.0,0.0,1,0.6931471805599453,0.6931471805599453,0,11.951186847493476
484,4.787491742782046,4,3.4657359027997265,8.411832675758411,1,1,3,3,0,2,0,11,2,2,3,2,6,5,1998,1998,3,1,12,13,1,4.762173934797756,3,3,2,5,3,3,2,6.8001700683022,6,0.0,5.768320995793772,1216.0,1,5,1,4,7.103322062526113,0.0,0.0,7.103322062526113,1,0.0,2,0,2,0.6931471805599453,3,5,6,0,0,1,1998.0,3,2,402,3,3,2,0.0,4.836281906951478,0.0,0.0,0.0,0.0,0,4,1,0.0,5,2006,8,4,164000.0,7.796469243086058,3,8,8,2.1972245773362196,11,5.493884150092012,201.0,1.3085106132322988,4.836281906951478,0.0,0,0.6931471805599453,0.6931471805599453,1,12.00762780434872
485,2.995732273553991,3,4.2626798770413155,8.956479847999912,1,1,0,3,0,0,0,19,2,2,0,2,5,7,1962,2001,1,1,6,10,2,0.0,3,4,1,3,3,3,0,6.3784261836515865,6,0.0,6.021023349349527,999.0,1,4,1,4,6.906754778648554,0.0,0.0,6.906754778648554,1,0.0,1,0,3,0.6931471805599453,4,6,6,0,0,5,1963.0,3,1,264,3,3,2,0.0,4.890349128221754,0.0,0.0,0.0,0.0,0,4,1,0.0,3,2007,8,4,132500.0,7.599901959208498,2,45,6,3.8066624897703196,12,5.1149953094204985,264.0,2.049725069351359,4.890349128221754,0.0,0,0.6931471805599453,0.6931471805599453,0,11.794345471549745
486,2.995732273553991,3,4.382026634673881,9.169518377455928,1,1,3,3,0,4,0,12,2,2,0,2,5,7,1950,2007,1,1,8,8,2,0.0,4,3,1,3,3,3,0,6.410174881966167,6,0.0,6.2285110035911835,1113.0,1,4,1,4,7.014814351275545,0.0,0.0,7.014814351275545,0,0.0,1,0,3,0.6931471805599453,4,5,6,1,4,1,1950.0,3,1,264,3,3,2,0.0,4.394449154672439,4.795790545596741,0.0,0.0,0.0,0,4,1,0.0,7,2009,8,4,147000.0,7.70796153183549,1,59,2,4.0943445622221,12,5.4053764388414445,264.0,2.1547040261803825,5.303304908059076,0.0,1,0.6931471805599453,0.6931471805599453,0,11.898194668458823
487,2.995732273553991,3,4.3694478524670215,9.23883064237581,1,1,3,3,0,4,0,12,2,2,0,2,5,7,1965,1965,3,1,8,8,1,5.1298987149230735,3,3,1,3,3,3,0,6.729824070489475,6,0.0,5.472270673671475,1073.0,1,3,1,4,6.9782137426306985,0.0,0.0,6.9782137426306985,1,0.0,1,1,3,0.6931471805599453,3,6,6,0,0,1,1965.0,2,2,515,3,3,2,0.0,0.0,0.0,0.0,0.0,0.0,0,4,1,0.0,6,2007,8,4,156000.0,7.671360923190644,3,42,42,3.7612001156935624,12,5.186454273402643,257.5,2.260616899745112,0.0,0.0,0,0.6931471805599453,0.6931471805599453,1,11.957617696467539
488,2.995732273553991,3,4.248495242049359,9.412709624073916,1,1,0,3,0,4,0,14,2,2,0,2,5,6,1971,1971,1,1,9,10,2,0.0,3,3,1,4,3,0,0,6.906754778648554,6,0.0,6.18826412308259,1484.0,1,4,1,4,7.302496423727326,0.0,0.0,7.302496423727326,0,0.0,2,0,3,0.6931471805599453,3,7,6,1,3,1,1971.0,3,2,487,3,3,2,5.41610040220442,0.0,0.0,0.0,5.198497031265826,0.0,0,4,1,0.0,2,2007,8,4,175000.0,7.995643604287271,2,36,36,3.6109179126442243,11,5.356586274672012,243.5,2.1102132003465894,6.003887067106539,0.0,1,0.6931471805599453,0.6931471805599453,0,12.07254696717504
489,5.247024072160486,3,4.0943445622221,9.287301413112312,1,1,3,3,0,0,0,17,2,2,1,0,5,4,1900,1970,1,1,13,14,2,0.0,3,2,1,3,2,3,1,6.499787040655854,6,0.0,5.673323267171493,954.0,1,3,0,0,7.476472381163905,6.47543271670409,0.0,7.789040401657477,0,0.0,2,0,3,1.0986122886681098,3,10,4,1,4,1,1970.0,3,2,520,3,2,0,4.962844630259907,0.0,0.0,0.0,0.0,0.0,0,4,1,0.0,5,2006,3,4,160000.0,8.122074375362217,2,106,36,3.6109179126442243,9,5.486455308663431,260.0,1.4982610114548343,4.962844630259907,0.0,1,0.6931471805599453,0.6931471805599453,0,11.982935344196433
490,5.19295685089021,4,3.044522437723423,7.330405211844402,1,1,3,3,0,4,0,10,2,2,3,6,4,8,1970,2002,1,1,5,5,2,0.0,3,4,1,4,3,0,2,6.246106765481563,6,0.0,4.7535901911063645,630.0,1,3,1,4,6.4457198193855785,0.0,0.0,6.4457198193855785,1,0.0,1,0,1,0.6931471805599453,4,3,6,0,0,1,1970.0,3,1,286,3,3,2,0.0,0.0,0.0,0.0,0.0,0.0,0,4,1,0.0,5,2009,8,4,86000.0,7.138866999945524,2,39,7,3.6888794541139363,12,5.3471075307174685,286.0,0.8846853924588238,0.0,0.0,0,0.6931471805599453,0.6931471805599453,0,11.362114203075018
491,5.075173815233827,4,3.044522437723423,7.887959336599945,1,1,3,3,0,4,0,10,2,2,4,5,5,6,1976,1976,1,1,5,5,2,0.0,3,3,2,4,3,2,6,0.0,6,0.0,5.579729825986222,264.0,1,3,1,4,6.423246963533519,6.535241271013659,0.0,7.1731917424865985,0,0.0,1,1,3,0.6931471805599453,3,4,6,1,4,3,1976.0,0,1,336,3,3,2,4.955827057601261,3.2188758248682006,0.0,0.0,0.0,0.0,0,4,1,0.0,6,2008,8,4,115000.0,7.357556200910353,2,32,32,3.4965075614664802,11,5.786897381366708,336.0,0.7147675941133467,5.111987788356544,0.0,1,0.6931471805599453,0.6931471805599453,0,11.652696102959753
492,3.912023005428146,3,4.3694478524670215,9.157993891603974,1,1,3,3,0,4,0,12,0,2,0,0,6,7,1941,1950,1,1,13,14,2,0.0,3,3,1,3,3,3,1,6.0014148779611505,5,5.111987788356544,5.476463551931511,806.0,1,3,1,0,6.86484777797086,6.431331081933479,0.0,7.363913501405819,1,0.0,1,0,3,0.6931471805599453,2,5,6,2,3,1,1941.0,3,1,240,3,3,2,0.0,0.0,3.4965075614664802,0.0,0.0,0.0,0,2,1,0.0,8,2006,8,4,133000.0,7.776535028185241,2,65,56,4.189654742026425,13,5.75447558897172,240.0,1.794080390198154,3.4965075614664802,0.0,1,0.6931471805599453,0.6931471805599453,0,11.798111925972618
493,4.0943445622221,3,4.653960350157523,9.653614941479894,1,1,0,3,0,0,0,8,2,2,0,5,6,5,2006,2006,1,1,12,13,2,0.0,4,3,2,4,3,3,6,0.0,6,0.0,6.591673732008658,728.0,1,4,1,4,6.590301048196686,6.591673732008658,0.0,7.283448228756631,0,0.0,2,1,3,0.6931471805599453,3,8,6,0,0,1,2006.0,2,2,429,3,3,2,0.0,0.0,0.0,0.0,0.0,0.0,0,4,1,0.0,5,2006,6,5,172785.0,7.688913336864796,3,0,0,0.0,11,5.204006687076795,214.5,2.3701667127232624,0.0,0.0,0,0.6931471805599453,0.6931471805599453,0,12.059809113551397
494,2.995732273553991,3,4.248495242049359,8.97853441008332,1,1,3,3,0,4,0,12,2,2,0,2,5,6,1960,1960,1,1,3,14,2,0.0,3,3,1,3,3,3,1,5.926926025970411,3,6.278521424165844,5.8971538676367405,1269.0,1,3,1,0,7.1459844677143876,0.0,0.0,7.1459844677143876,0,0.0,1,1,3,0.6931471805599453,3,6,6,1,2,5,1964.0,3,1,308,3,3,2,0.0,0.0,0.0,0.0,0.0,0.0,0,4,1,0.0,6,2008,8,4,155000.0,7.839131648274333,2,48,48,3.8066624897703196,11,5.354224998486333,308.0,1.832549942368932,0.0,0.0,1,0.6931471805599453,0.6931471805599453,0,11.951186847493476
495,3.4011973816621555,4,3.912023005428146,8.6628507638386,1,1,3,3,0,4,0,17,0,2,0,2,5,8,1938,1996,1,1,8,8,2,0.0,3,3,0,2,3,3,6,0.0,6,0.0,5.25227342804663,190.0,1,4,1,0,6.786716950605081,0.0,0.0,6.786716950605081,0,0.0,1,0,2,0.6931471805599453,3,4,6,0,0,1,1938.0,3,1,273,3,3,2,4.976733742420574,3.044522437723423,4.394449154672439,0.0,0.0,0.0,0,4,1,0.0,12,2009,8,4,91300.0,6.98100574072173,1,71,13,4.276666119016055,13,5.40042258948519,273.0,1.8761338132335197,5.501258210544727,0.0,0,0.6931471805599453,0.6931471805599453,0,11.421917019425596
496,3.4011973816621555,0,4.0943445622221,8.971956271245688,1,1,3,3,0,4,0,9,2,2,0,2,4,5,1920,1950,1,1,13,14,2,0.0,3,3,1,3,3,3,5,6.206575926724928,6,0.0,5.420534999272286,720.0,1,3,0,0,6.579251212010101,0.0,0.0,6.579251212010101,0,0.0,1,0,2,0.6931471805599453,3,4,6,0,0,6,0.0,1,0,0,0,0,0,0.0,6.261491684321042,4.7535901911063645,0.0,0.0,0.0,0,1,1,0.0,11,2009,8,0,34900.0,7.272398392570047,1,89,59,7.605890001053122,9,5.19295685089021,0.0,2.392705059235587,6.459904454377535,0.0,0,0.6931471805599453,0.0,0,10.460270761075149
497,2.995732273553991,3,4.51085950651685,9.448727152703086,1,1,0,3,0,4,0,15,2,2,0,2,8,5,1992,1993,3,1,3,3,2,0.0,4,3,2,4,3,3,2,7.116394144093465,6,0.0,7.585788821732034,2155.05,1,5,1,4,8.07961802938984,0.0,0.0,8.07961802938984,1,0.0,3,0,4,0.6931471805599453,4,10,6,1,4,1,1992.0,2,2,546,3,3,2,5.579729825986222,4.330733340286331,5.676753802268282,0.0,0.0,0.0,0,4,1,0.0,5,2007,8,4,430000.0,8.591010407018656,4,15,14,2.772588722239781,13,5.777032936395794,273.0,1.3691091233132469,6.447305862541213,0.0,1,0.6931471805599453,0.6931471805599453,0,12.971542813248437
498,3.912023005428146,3,4.0943445622221,9.118225083068378,1,2,3,3,0,4,0,3,2,2,0,0,7,6,1925,1950,1,1,13,14,2,0.0,3,4,2,3,3,3,5,5.799092654460526,6,0.0,6.548219102762372,1026.0,1,5,1,4,7.0326242610280065,6.5337888379333435,0.0,7.506591780070841,1,0.0,2,0,4,0.6931471805599453,3,8,6,0,0,5,1925.0,3,1,240,3,3,0,0.0,4.61512051684126,0.0,0.0,0.0,0.0,0,0,1,0.0,6,2008,8,4,184000.0,7.953669778649798,3,83,58,4.430816798843313,13,5.427150238391005,240.0,1.611633302997536,4.61512051684126,0.0,0,0.6931471805599453,0.6931471805599453,0,12.122696471358964
499,2.995732273553991,3,4.174387269895637,8.961879012677683,1,1,3,3,0,4,0,19,2,2,0,2,5,7,1967,2004,3,1,6,6,1,4.499809670330265,3,3,2,3,3,3,0,6.111467339502679,6,0.0,6.028278520230698,864.0,1,5,1,4,6.80128303447162,0.0,0.0,6.80128303447162,0,0.0,1,0,3,0.6931471805599453,4,5,6,0,0,1,1967.0,0,1,288,3,3,2,4.174387269895637,0.0,0.0,0.0,0.0,0.0,0,2,1,0.0,6,2009,8,4,130000.0,7.47477218239787,1,42,5,3.7612001156935624,12,5.19184512203752,288.0,2.1605959782060626,4.174387269895637,0.0,0,0.6931471805599453,0.6931471805599453,1,11.775297421715827
500,2.995732273553991,3,4.248495242049359,8.927314111060596,1,1,0,3,0,4,0,12,2,2,0,2,5,7,1958,1985,1,1,8,8,2,0.0,3,3,1,3,3,3,1,4.718498871295094,3,5.634789603169249,6.259581464064923,912.0,1,2,1,4,6.815639990074331,0.0,0.0,6.815639990074331,0,0.6931471805599453,1,0,2,0.6931471805599453,3,5,6,0,0,1,1958.0,0,1,297,3,3,2,2.5649493574615367,5.655991810819852,0.0,0.0,0.0,0.0,0,3,3,6.175867270105761,6,2007,8,4,120000.0,7.508787170634276,2,49,22,3.912023005428146,12,5.206202077640231,297.0,2.1116741209862644,5.697093486505405,0.0,0,0.6931471805599453,0.6931471805599453,0,11.695255355062795
501,5.075173815233827,4,3.044522437723423,7.5443321080536885,1,1,3,3,0,4,0,2,2,2,3,5,6,5,1973,1973,1,1,6,6,1,5.655991810819852,3,3,1,3,3,3,1,5.877735781779639,6,0.0,5.75890177387728,672.0,1,3,1,4,6.51025834052315,6.304448802421981,0.0,7.1049654482698426,0,0.0,1,1,3,0.6931471805599453,3,7,6,0,0,5,1973.0,3,1,264,3,3,2,4.976733742420574,3.367295829986474,0.0,0.0,0.0,0.0,0,4,1,0.0,5,2007,8,4,113000.0,7.5443321080536885,2,34,34,3.5553480614894135,11,5.159055299214529,264.0,0.4393666597838457,5.153291594497779,0.0,0,0.6931471805599453,0.6931471805599453,1,11.635151947212842
502,4.0943445622221,1,4.31748811353631,9.190443740261726,1,1,3,3,0,4,0,21,2,2,0,5,7,5,2005,2005,1,1,12,13,2,0.0,4,3,2,4,3,3,2,5.993961427306569,6,0.0,6.1463292576688975,866.0,1,4,1,4,6.763884908562435,6.805722553416985,0.0,7.477604243197589,0,0.0,2,1,3,0.6931471805599453,4,7,6,0,0,1,2005.0,2,2,603,3,3,2,0.0,4.6913478822291435,0.0,0.0,0.0,0.0,0,4,1,0.0,2,2008,8,4,226700.0,7.876258882303226,3,3,3,1.3862943611198906,12,5.531694094142275,301.5,1.7128394970641374,4.6913478822291435,0.0,0,0.6931471805599453,0.6931471805599453,0,12.331387247601905
503,2.995732273553991,3,4.248495242049359,9.123692565250511,1,1,3,3,0,0,0,7,1,2,0,2,5,7,1965,1965,3,1,8,8,2,0.0,3,3,1,3,3,3,0,6.54965074223381,2,4.574710978503383,6.042632833682381,1214.0,1,5,1,4,7.101675971619444,0.0,0.0,7.101675971619444,1,0.0,1,0,2,0.6931471805599453,3,6,6,0,0,5,1965.0,3,2,461,2,2,2,0.0,0.0,5.220355825078324,0.0,0.0,0.0,0,0,3,5.993961427306569,4,2007,8,4,140000.0,7.794823152179389,2,42,42,3.7612001156935624,12,5.309916502391388,230.5,2.022016593631067,5.220355825078324,0.0,0,0.6931471805599453,0.6931471805599453,0,11.849404844423074
504,2.995732273553991,3,4.605170185988092,9.655154390148258,1,1,0,3,0,4,0,6,2,2,0,2,7,8,1959,1997,1,1,3,14,2,0.0,3,3,1,3,3,3,0,7.129297548929373,6,0.0,5.541263545158426,1501.0,1,3,1,4,7.496097345175956,0.0,0.0,7.496097345175956,1,0.0,2,0,1,0.6931471805599453,3,6,6,2,3,1,1959.0,0,2,484,3,3,2,0.0,4.007333185232471,0.0,0.0,5.087596335232384,0.0,0,1,1,0.0,3,2010,8,4,289000.0,8.102283624480073,3,51,13,3.9512437185814275,15,5.7043378759479015,242.0,2.159057044972302,5.375278407684165,0.0,1,0.6931471805599453,0.6931471805599453,0,12.574185427296195
505,5.075173815233827,3,3.1780538303479458,7.744136627627991,1,1,3,3,0,4,0,13,2,2,4,5,6,5,1974,1974,1,1,9,2,2,0.0,3,3,1,3,3,3,0,5.552959584921617,5,6.206575926724928,4.6443908991413725,855.0,1,3,1,4,6.75110146893676,6.148468295917647,0.0,7.186901020411631,0,0.6931471805599453,2,1,3,0.6931471805599453,3,6,6,1,2,1,1974.0,3,2,440,3,3,2,5.564520407322694,0.0,0.0,0.0,0.0,0.0,0,4,1,0.0,6,2009,8,4,147000.0,7.685703061234547,4,35,35,3.58351893845611,11,5.395141551183577,220.0,0.5572356072163586,5.564520407322694,0.0,1,0.6931471805599453,0.6931471805599453,0,11.898194668458823
506,4.499809670330265,4,4.0943445622221,8.935377071932177,1,0,3,3,0,4,0,17,0,2,2,5,5,5,1952,1952,3,1,13,14,1,5.8888779583328805,3,3,1,3,3,3,6,0.0,6,0.0,6.8679744089702925,960.0,1,4,1,4,6.866933284461882,6.90875477931522,0.0,7.580699752224563,0,0.0,2,0,4,1.0986122886681098,3,10,6,0,0,5,1952.0,3,2,400,3,3,0,0.0,0.0,0.0,0.0,0.0,0.0,0,4,1,0.0,7,2009,0,4,124500.0,7.979338895262328,2,57,57,4.060443010546419,10,5.278114659230517,200.0,1.3546773197076136,0.0,0.0,0,0.6931471805599453,0.6931471805599453,1,11.732069026983156
507,4.0943445622221,3,4.382026634673881,9.164715193949908,1,1,0,3,0,4,0,20,2,2,0,5,8,5,1993,1994,1,1,12,13,1,4.836281906951478,4,3,2,4,3,3,2,5.942799375126701,6,0.0,5.986452005284438,777.0,1,5,1,4,6.970730078143525,6.741700694652055,0.0,7.555381944240273,0,0.0,2,1,3,0.6931471805599453,4,8,6,1,3,1,1993.0,2,2,471,3,3,2,5.209486152841421,4.406719247264253,0.0,0.0,0.0,0.0,0,4,1,0.0,9,2006,8,4,215000.0,7.89655270164304,3,13,12,2.6390573296152584,13,5.475940402560437,235.5,1.6093332497096342,5.575949103146316,0.0,1,0.6931471805599453,0.6931471805599453,1,12.278397958261774
508,2.995732273553991,1,4.31748811353631,8.969796305981806,1,1,0,3,0,4,0,21,2,2,0,2,6,5,2009,2009,1,1,12,13,2,0.0,4,3,2,4,3,3,2,3.332204510175204,6,0.0,7.083387847625295,1218.0,1,5,1,4,7.1049654482698426,0.0,0.0,7.1049654482698426,0,0.0,2,0,2,0.6931471805599453,4,4,6,0,0,1,2009.0,0,2,676,3,3,2,0.0,4.634728988229636,0.0,0.0,0.0,0.0,0,4,1,0.0,9,2009,6,5,208300.0,7.798112628829788,2,0,0,0.0,11,5.718671087149952,338.0,1.8648308577119634,4.634728988229636,0.0,0,0.6931471805599453,0.6931471805599453,0,12.246739428005663
509,4.248495242049359,4,4.0943445622221,9.169518377455928,1,1,3,3,0,4,0,17,2,2,0,5,7,9,1928,2005,2,1,8,8,2,0.0,3,5,0,3,3,3,5,4.955827057601261,6,0.0,6.3080984415095305,689.0,1,5,1,4,6.535241271013659,6.536691597591305,0.0,7.228388451573604,0,0.0,2,0,3,0.6931471805599453,4,7,6,1,4,5,1928.0,3,2,360,3,3,0,0.0,0.0,4.762173934797756,0.0,0.0,0.0,0,4,1,0.0,10,2008,8,4,161000.0,7.633853559681768,2,80,3,4.394449154672439,16,5.282478302518291,180.0,1.9411299258823236,4.762173934797756,0.0,1,0.6931471805599453,0.6931471805599453,0,11.989165855127435
510,2.995732273553991,3,4.382026634673881,9.169518377455928,1,1,3,3,0,0,0,12,2,2,0,2,5,6,1959,1959,1,1,8,8,1,4.890349128221754,3,3,1,3,3,3,0,6.899723107284872,6,0.0,3.9318256327243257,1041.0,1,5,1,4,6.947937068614969,0.0,0.0,6.947937068614969,1,0.0,1,0,3,0.6931471805599453,3,6,6,0,0,1,1959.0,2,1,270,3,3,2,5.41610040220442,4.48863636973214,0.0,0.0,0.0,0.0,0,2,1,0.0,7,2009,8,4,124500.0,7.641084249174914,2,50,50,3.9318256327243257,11,5.156177599386914,270.0,2.2215813088409586,5.746203190540153,0.0,0,0.6931471805599453,0.6931471805599453,1,11.732069026983156
511,2.995732273553991,3,4.31748811353631,9.585964638073326,1,1,3,3,0,4,0,12,2,2,0,2,5,7,1951,2000,3,1,13,14,0,4.2626798770413155,4,3,1,3,3,3,1,6.478509642208569,5,5.198497031265826,5.187385805840755,1008.0,1,5,1,4,7.217443431696533,0.0,0.0,7.217443431696533,1,0.0,1,0,2,0.6931471805599453,3,6,2,2,3,4,1951.0,3,1,288,3,3,2,5.783825182329737,3.7612001156935624,0.0,0.0,5.1298987149230735,0.0,0,4,3,7.601402334583733,6,2009,8,4,164900.0,7.771067086065406,2,58,9,4.07753744390572,12,5.425683962468478,288.0,2.3685212063767933,6.282266746896006,0.0,1,0.6931471805599453,0.6931471805599453,1,12.013100572810686
512,4.787491742782046,3,3.6888794541139363,8.823500727991183,1,1,0,3,0,4,0,16,2,2,4,2,7,5,2005,2006,1,1,12,13,3,4.553876891600541,4,3,2,4,3,3,6,0.0,6,0.0,7.221835825288449,1368.0,1,5,1,4,7.221105098182496,0.0,0.0,7.221105098182496,0,0.0,2,0,2,0.6931471805599453,4,6,6,1,4,1,2005.0,2,2,474,3,3,2,4.890349128221754,3.58351893845611,0.0,0.0,0.0,0.0,0,4,1,0.0,3,2006,6,5,202665.0,7.914252278742441,2,1,0,0.6931471805599453,12,5.429345628954441,237.0,1.6023956298086874,5.123963979403259,0.0,1,0.6931471805599453,0.6931471805599453,1,12.2193145828011
513,2.995732273553991,3,4.248495242049359,9.116029692504942,1,1,3,3,0,0,0,12,1,2,0,2,5,5,1958,1958,1,1,12,13,2,0.0,3,3,1,3,3,3,1,6.257667587882639,3,5.1647859739235145,5.135798437050262,864.0,1,3,1,4,6.761572768804055,0.0,0.0,6.761572768804055,1,0.0,1,0,3,0.6931471805599453,3,5,6,0,0,5,1964.0,3,2,624,3,3,2,0.0,0.0,0.0,0.0,0.0,0.0,0,4,1,0.0,7,2006,8,4,129900.0,7.454719949364001,2,48,48,3.7612001156935624,10,5.152134856369956,312.0,2.354456923700886,0.0,0.0,0,0.6931471805599453,0.6931471805599453,0,11.774527900858468
514,2.995732273553991,3,4.2626798770413155,9.125544720271467,1,1,3,0,0,0,0,11,2,2,0,2,6,5,1983,1983,1,1,12,13,2,0.0,3,4,2,3,3,3,0,5.820082930352362,6,0.0,6.618738983517219,1084.0,1,3,1,4,6.984716320118266,0.0,0.0,6.984716320118266,0,0.0,1,1,3,0.6931471805599453,3,5,6,0,0,1,1983.0,3,2,484,3,3,2,4.795790545596741,0.0,5.0689042022202315,0.0,0.0,0.0,0,4,1,0.0,6,2007,8,4,134000.0,7.679713639966372,2,24,24,3.2188758248682006,11,5.375278407684165,242.0,2.140828400153201,5.631211781821365,0.0,0,0.6931471805599453,0.6931471805599453,0,11.80560254159177
515,3.8066624897703196,3,4.007333185232471,9.268043082104471,1,1,3,3,0,4,0,6,2,2,0,1,5,5,1926,1950,1,1,13,14,2,0.0,3,3,0,3,3,3,6,0.0,6,0.0,6.645090969505644,768.0,3,2,0,4,6.670766320845874,0.0,0.0,6.670766320845874,0,0.0,1,0,2,0.6931471805599453,3,5,6,0,0,5,1926.0,3,1,200,1,1,2,0.0,0.0,4.727387818712341,0.0,0.0,0.0,0,2,1,0.0,6,2007,8,4,96500.0,7.350516171833998,1,81,57,4.406719247264253,10,5.061328408411774,200.0,2.597276761258598,4.727387818712341,0.0,0,0.6931471805599453,0.6931471805599453,0,11.477308649967686
516,2.995732273553991,3,4.543294782270004,9.410829232725586,1,1,3,3,0,4,0,16,2,2,0,2,10,5,2009,2009,3,1,5,5,1,5.723585101952381,5,3,1,5,3,3,2,7.270312886079025,6,0.0,6.3473892096560105,2006.0,1,5,1,4,7.61085279039525,0.0,0.0,7.61085279039525,1,0.0,2,1,3,0.6931471805599453,5,9,6,1,4,1,2009.0,0,3,900,3,3,2,5.056245805348308,4.007333185232471,0.0,0.0,0.0,0.0,0,4,1,0.0,9,2009,6,5,402861.0,8.300528606199737,4,0,0,0.0,15,5.413628213059031,300.0,1.799976442330336,5.351858133476067,0.0,1,0.6931471805599453,0.6931471805599453,1,12.90634935052389
517,4.382026634673881,3,4.382026634673881,9.254165851516213,1,1,0,3,0,0,0,14,2,2,0,7,6,6,1972,1972,1,1,6,6,1,5.811140992976701,3,3,1,3,3,3,6,0.0,6,0.0,6.536691597591305,689.0,1,3,1,4,7.228388451573604,6.60934924316738,0.0,7.6586995582682995,0,0.0,2,1,3,0.6931471805599453,3,7,6,1,3,1,1972.0,2,2,583,3,3,2,0.0,4.653960350157523,0.0,0.0,0.0,0.0,0,0,1,0.0,8,2009,0,0,158000.0,7.940227765145702,3,37,37,3.6375861597263857,12,5.712789409212986,291.5,1.5954662932479133,4.653960350157523,0.0,1,0.6931471805599453,0.6931471805599453,1,11.970356641102999
518,4.0943445622221,3,4.3694478524670215,9.23092700558457,1,1,0,3,0,4,0,15,2,2,0,5,7,5,1996,1997,1,1,12,13,1,6.826545223556594,4,3,2,4,3,3,6,0.0,6,0.0,7.142827401161621,1264.0,1,5,1,4,7.152268856032539,6.97354301952014,0.0,7.759614150696903,0,0.0,2,1,3,0.6931471805599453,4,7,6,1,3,1,1996.0,2,3,889,3,3,2,5.3981627015177525,0.0,0.0,0.0,0.0,0.0,0,4,1,0.0,7,2009,8,4,265000.0,8.190908881182514,3,13,12,2.6390573296152584,12,5.8137040016415895,296.3333333333333,1.471312854887668,5.3981627015177525,0.0,1,0.6931471805599453,0.6931471805599453,1,12.487488878546145
519,4.0943445622221,3,4.248495242049359,9.162304922937626,1,1,0,3,0,1,0,5,2,2,0,5,6,5,1998,1998,1,1,12,13,2,0.0,3,3,2,4,3,2,2,6.561030665896573,6,0.0,4.48863636973214,794.0,1,5,1,4,6.782192056006791,6.818924065275521,0.0,7.493317248862145,1,0.0,2,1,3,0.6931471805599453,3,7,6,0,0,1,1998.0,2,2,546,3,3,2,0.0,3.6109179126442243,0.0,0.0,0.0,0.0,0,2,1,0.0,5,2007,8,4,211000.0,7.859413154693583,4,9,9,2.302585092994046,11,5.547407099806832,273.0,1.668987674075481,3.6109179126442243,0.0,0,0.6931471805599453,0.6931471805599453,0,12.259618151783465
520,4.248495242049359,3,3.970291913552122,9.298168082341704,1,1,3,3,0,4,0,6,2,2,0,5,7,9,1926,2004,2,1,8,8,2,0.0,4,3,0,4,3,3,6,0.0,6,0.0,7.152268856032539,1276.0,1,5,1,4,7.151485463904735,6.690842277418564,0.0,7.640123172695364,0,0.0,1,1,3,0.6931471805599453,4,9,6,2,4,5,1926.0,3,1,282,3,3,2,0.0,0.0,0.0,0.0,4.983606621708336,0.0,0,2,1,0.0,6,2009,8,4,234000.0,8.118505067587098,2,83,5,4.430816798843313,16,5.442898595359145,282.0,1.6580449096463392,4.983606621708336,0.0,1,0.6931471805599453,0.6931471805599453,0,12.36308066783498
521,5.247024072160486,3,4.0943445622221,9.287301413112312,1,0,3,3,0,4,0,17,2,2,1,5,4,7,1900,2000,1,1,8,8,2,0.0,3,3,0,0,0,4,4,0.0,4,0.0,0.0,0.0,1,3,0,0,6.542471960506805,6.398594934535208,0.0,7.165493475060845,0,0.0,2,0,3,1.0986122886681098,3,7,6,0,0,6,0.0,1,0,0,0,0,0,5.3981627015177525,4.74493212836325,5.351858133476067,0.0,0.0,0.0,0,4,1,0.0,8,2008,8,4,106250.0,7.165493475060845,2,108,8,7.605392364814935,11,5.219583326005533,0.0,2.121807938051465,6.300785794663244,0.0,0,0.0,0.0,0,11.573559498507079
522,2.995732273553991,3,4.499809670330265,9.391661428436555,1,1,0,3,0,0,0,12,1,2,0,2,6,6,1957,1957,1,1,12,13,2,0.0,3,3,1,3,3,3,5,6.656726524178391,6,0.0,6.148468295917647,1244.0,1,5,1,0,7.126087273299125,0.0,0.0,7.126087273299125,0,0.0,1,1,3,0.6931471805599453,3,6,6,2,4,1,1957.0,3,1,336,3,3,2,0.0,3.713572066704308,0.0,0.0,0.0,0.0,0,4,1,0.0,5,2007,8,4,150000.0,7.81923445385907,2,50,50,3.9318256327243257,12,5.33432780407107,336.0,2.265574155137429,3.713572066704308,0.0,1,0.6931471805599453,0.6931471805599453,0,11.918397239722838
523,3.912023005428146,4,3.912023005428146,8.517193191416238,1,1,3,3,0,0,0,3,1,2,0,0,6,7,1947,1950,1,1,5,5,2,0.0,3,4,1,3,3,3,0,5.991464547107982,6,0.0,6.406879986069314,1004.0,1,5,1,4,6.911747300251674,6.493753839851686,0.0,7.416979621381154,0,0.0,2,0,3,0.6931471805599453,3,7,6,2,4,5,1950.0,3,2,420,3,3,2,0.0,3.2188758248682006,3.6109179126442243,0.0,0.0,0.0,0,4,1,0.0,10,2006,8,4,159000.0,7.889084407035514,2,59,56,4.04305126783455,13,5.471069472325841,210.0,1.1002135700350837,4.110873864173311,0.0,1,0.6931471805599453,0.6931471805599453,0,11.976665770490767
524,4.0943445622221,3,4.867534450455582,10.59898197616442,1,1,0,0,0,4,0,7,4,4,0,5,10,5,2007,2008,3,1,5,5,3,6.637258031284457,5,3,2,5,3,1,2,7.72356247227797,6,0.0,6.778784897685177,2155.05,1,5,1,4,8.051340933292979,7.338888133838879,0.0,8.450198322591959,1,0.0,3,1,3,0.6931471805599453,5,11,6,1,4,3,2007.0,0,3,884,3,3,2,5.342334251964811,6.008813185442595,0.0,0.0,0.0,0.0,0,4,1,0.0,10,2007,6,5,442567.0100000005,8.829233674277598,5,0,0,0.0,15,6.052303049793588,294.6666666666667,2.1487836535724623,6.421622267806518,0.0,1,0.6931471805599453,0.6931471805599453,1,13.000349426535523
525,4.0943445622221,3,4.553876891600541,9.37475250822657,1,1,0,3,0,4,0,15,2,2,0,5,7,5,1996,1997,1,1,12,13,1,6.38856140554563,4,3,2,4,3,3,2,6.579251212010101,6,0.0,6.493753839851686,1379.0,1,5,1,4,7.232010331664759,6.923628628138427,0.0,7.7823903355874595,1,0.0,2,1,3,0.6931471805599453,4,8,6,1,3,1,1996.0,0,3,834,3,3,2,5.480638923341991,4.110873864173311,0.0,0.0,0.0,0.0,0,4,1,0.0,8,2007,8,4,315750.0,8.236685322712457,4,11,10,2.4849066497880004,12,5.702948793907623,278.0,1.59236217263911,5.703782474656201,0.0,1,0.6931471805599453,0.6931471805599453,1,12.662709207270272
526,2.995732273553991,1,4.127134385045092,8.922658299524402,1,2,3,3,0,4,0,21,2,2,0,2,7,5,2005,2005,1,1,12,13,2,0.0,4,3,2,4,3,3,6,0.0,6,0.0,7.1372784372603855,1257.0,1,5,1,4,7.143617602704121,0.0,0.0,7.143617602704121,0,0.0,2,0,3,0.6931471805599453,4,6,6,1,3,1,2005.0,3,2,453,3,3,2,3.6635616461296463,4.976733742420574,0.0,0.0,0.0,0.0,0,4,1,0.0,4,2006,8,4,176000.0,7.833203948641057,2,1,1,0.6931471805599453,12,5.351858133476067,226.5,1.7790406968202803,5.209486152841421,0.0,1,0.6931471805599453,0.6931471805599453,0,12.07824495582233
527,2.995732273553991,3,4.248495242049359,9.495519314209846,1,1,3,3,0,4,0,12,2,2,0,2,5,7,1956,2000,3,1,13,14,2,0.0,3,3,1,4,3,3,5,5.934894195619588,6,0.0,6.313548046277095,928.0,1,3,1,4,6.833031732786201,0.0,0.0,6.833031732786201,0,0.0,1,0,2,0.6931471805599453,3,4,6,0,0,1,1956.0,3,1,252,3,3,2,5.568344503761097,0.0,5.056245805348308,0.0,0.0,0.0,0,4,1,0.0,6,2007,8,4,132000.0,7.526178913346146,1,51,7,3.9512437185814275,12,5.44673737166631,252.0,2.662487581423645,6.035481432524756,0.0,0,0.6931471805599453,0.6931471805599453,0,11.790564777297387
528,4.0943445622221,3,4.204692619390966,9.612332790605375,1,1,0,3,0,4,0,16,2,2,0,5,9,5,2008,2008,3,1,12,13,3,5.594711379601839,5,3,2,5,3,0,2,7.193685818395112,6,0.0,4.812184355372417,1452.0,1,5,1,4,7.297091005160418,7.121252453244542,0.0,7.905810312658931,1,0.0,2,1,3,0.6931471805599453,5,11,6,1,4,1,2008.0,0,3,858,3,3,2,4.844187086458591,4.204692619390966,0.0,0.0,0.0,0.0,0,4,1,0.0,11,2008,6,5,446261.0,8.334471554600944,4,0,0,0.0,14,5.507915039860561,286.0,1.7065224779464427,5.262690188904886,0.0,1,0.6931471805599453,0.6931471805599453,1,13.008661502470739
529,3.4011973816621555,3,4.060443010546419,9.115809888129949,1,1,0,3,0,4,0,7,2,2,0,2,4,7,1920,2002,1,1,13,14,2,0.0,3,3,0,3,3,2,0,5.855071922202427,6,0.0,5.198497031265826,528.0,1,5,1,4,6.405228458030842,0.0,0.0,6.405228458030842,1,0.0,1,0,2,0.6931471805599453,3,5,6,0,0,6,0.0,1,0,0,0,0,0,0.0,0.0,4.976733742420574,0.0,0.0,0.0,0,4,1,0.0,7,2007,8,4,86000.0,7.0326242610280065,2,87,5,7.60489448081162,11,4.795790545596741,0.0,2.710581430099108,4.976733742420574,0.0,0,0.6931471805599453,0.0,0,11.362114203075018
530,2.995732273553991,3,4.30406509320417,10.394151284478166,1,1,0,3,0,1,0,6,2,2,0,2,6,3,1957,1975,3,1,13,11,2,0.0,4,3,2,3,3,3,5,7.106606137727303,6,0.0,6.705639094860003,2035.0,1,3,1,4,7.83002808253384,0.0,0.0,7.83002808253384,1,0.0,3,0,4,1.0986122886681098,3,9,0,2,3,1,1975.0,2,2,484,3,3,2,0.0,0.0,5.303304908059076,0.0,0.0,0.0,0,4,1,0.0,3,2007,8,2,200624.0,8.422882511944996,4,50,32,3.4965075614664802,9,5.632803505197621,242.0,2.564123201944327,5.303304908059076,0.0,1,0.6931471805599453,0.6931471805599453,0,12.209192772866418
531,4.382026634673881,3,4.442651256490317,9.230142999272362,1,1,3,3,0,4,0,23,2,2,0,7,6,5,1988,1989,1,1,6,6,1,5.393627546352362,4,3,1,4,3,0,2,6.664409020350408,6,0.0,6.520621127558696,1461.0,1,5,1,4,7.319202458767849,0.0,0.0,7.319202458767849,1,0.0,2,0,3,0.6931471805599453,4,5,6,1,2,1,1988.0,2,2,600,3,3,2,5.41610040220442,0.0,0.0,0.0,0.0,0.0,0,4,1,0.0,8,2008,8,0,175000.0,7.996317231796746,3,20,19,3.044522437723423,11,5.709764546333749,300.0,1.9109405405045137,5.41610040220442,0.0,1,0.6931471805599453,0.6931471805599453,1,12.07254696717504
532,4.248495242049359,4,4.0943445622221,8.725020038618554,1,1,0,3,0,3,0,3,8,1,0,5,6,8,1920,1999,1,1,13,14,2,0.0,3,3,0,2,2,2,6,0.0,6,0.0,6.416732282512326,611.0,1,5,1,4,6.621405651764134,6.416732282512326,0.0,7.216709486709457,0,0.0,2,0,3,0.6931471805599453,3,6,6,0,0,5,1920.0,0,2,502,3,2,2,0.0,0.0,4.442651256490317,0.0,0.0,0.0,0,4,1,0.0,6,2008,8,4,128000.0,7.587310506022615,2,88,9,4.48863636973214,14,5.424950017481403,251.0,1.5083105519090962,4.442651256490317,0.0,0,0.6931471805599453,0.6931471805599453,0,11.759793355371237
533,2.995732273553991,3,4.0943445622221,8.881836305004146,1,1,3,3,0,4,0,12,2,2,0,2,5,7,1955,2007,1,1,12,13,2,0.0,3,3,3,0,0,4,4,0.0,4,0.0,0.0,0.0,1,5,1,4,6.717804695023691,0.0,0.0,6.717804695023691,0,0.0,1,0,2,0.6931471805599453,3,5,4,1,1,5,1967.0,3,1,392,3,3,2,0.0,0.0,0.0,0.0,0.0,0.0,0,4,1,0.0,4,2010,8,4,107500.0,6.717804695023691,1,55,3,3.784189633918261,12,5.108366782589591,392.0,2.1640316099804555,0.0,0.0,1,0.0,0.6931471805599453,0,11.58525542883217
534,2.995732273553991,3,3.912023005428146,8.517193191416238,1,1,3,2,0,4,1,3,2,2,0,2,1,3,1946,1950,1,1,12,13,2,0.0,2,2,3,0,0,4,4,0.0,4,0.0,0.0,0.0,1,2,0,1,5.811140992976701,0.0,0.0,5.811140992976701,0,0.0,1,0,1,0.6931471805599453,2,2,6,0,0,6,0.0,1,0,0,0,0,0,0.0,0.0,0.0,0.0,0.0,0.0,0,4,1,0.0,1,2007,8,4,39300.0,5.811140992976701,1,61,57,7.60489448081162,4,5.117993812416755,0.0,2.706052198439537,0.0,0.0,0,0.0,0.0,0,10.579005242826247
535,4.0943445622221,3,4.30406509320417,9.111182800442965,1,1,0,3,0,4,0,8,2,2,0,5,8,5,2004,2004,1,1,12,13,2,0.0,4,3,2,5,4,0,6,0.0,6,0.0,6.56244409369372,707.0,1,5,1,4,6.561030665896573,6.56244409369372,0.0,7.254177846456518,0,0.0,2,1,3,0.6931471805599453,4,6,6,1,4,1,2004.0,0,2,403,3,3,2,4.61512051684126,3.58351893845611,0.0,0.0,0.0,0.0,0,4,1,0.0,10,2006,8,4,178000.0,7.659642954564682,3,2,2,1.0986122886681098,13,5.462418377228463,201.5,1.8570049539864462,4.912654885736052,0.0,1,0.6931471805599453,0.6931471805599453,0,12.08954444723597
536,5.247024072160486,3,4.248495242049359,8.85366542803745,1,1,3,3,0,4,0,7,2,2,1,5,5,7,1910,1991,1,1,8,8,2,0.0,3,3,1,4,3,1,2,6.877296071497429,6,0.0,5.003946305945459,1117.0,1,3,1,4,6.709304340258298,6.269096283706261,0.0,7.205635176410364,1,0.0,1,0,3,0.6931471805599453,3,5,6,0,0,6,0.0,1,0,0,0,0,0,4.454347296253507,0.0,5.003946305945459,0.0,0.0,0.0,0,4,1,0.0,1,2008,8,4,107500.0,7.80954132465341,2,98,17,7.605392364814935,12,5.596197263976263,0.0,1.6480302516270864,5.455321115357702,0.0,0,0.6931471805599453,0.0,0,11.58525542883217
537,4.0943445622221,3,4.04305126783455,9.096499555552423,1,1,0,3,0,1,0,5,2,2,0,5,7,5,1998,1999,1,1,12,13,2,0.0,3,3,2,4,3,0,6,0.0,6,0.0,6.78105762593618,880.0,1,5,1,4,6.779921907472252,6.739336627357174,0.0,7.452402451223638,0,0.0,2,1,3,0.6931471805599453,4,8,6,0,0,1,1998.0,0,2,527,3,3,2,4.795790545596741,5.049856007249537,0.0,0.0,0.0,0.0,0,4,1,0.0,7,2008,8,4,188000.0,7.86480400332846,3,10,9,2.3978952727983707,12,5.372960909543803,263.5,1.6440971043287849,5.62040086571715,0.0,0,0.6931471805599453,0.6931471805599453,0,12.144202560946876
538,2.995732273553991,3,4.290459441148391,9.452109387413557,1,1,0,3,0,2,0,12,2,2,0,2,4,5,1972,1972,3,1,8,8,2,0.0,3,3,1,3,3,3,1,6.398594934535208,6,0.0,5.579729825986222,864.0,1,3,1,4,6.761572768804055,0.0,0.0,6.761572768804055,0,0.0,1,0,3,0.6931471805599453,3,5,6,0,0,5,1980.0,3,2,576,3,3,2,5.37989735354046,0.0,0.0,0.0,0.0,0.0,0,3,1,0.0,4,2008,0,4,111250.0,7.454719949364001,1,36,36,3.367295829986474,9,5.152134856369956,288.0,2.6905366186095017,5.37989735354046,0.0,0,0.6931471805599453,0.6931471805599453,0,11.619544188752133
539,2.995732273553991,3,4.2626798770413155,9.354700422483019,1,1,0,3,0,4,0,19,2,2,0,2,5,5,1968,1968,3,1,9,10,1,5.241747015059643,3,3,1,3,3,3,1,6.513230110912307,6,0.0,5.937536205082426,1051.0,1,3,1,4,7.055312843339752,0.0,0.0,7.055312843339752,0,0.0,1,1,3,0.6931471805599453,3,7,6,1,2,1,1968.0,3,1,336,3,3,2,6.1463292576688975,0.0,0.0,0.0,0.0,0.0,0,4,1,0.0,7,2006,8,4,158000.0,7.700747794511798,2,38,38,3.6635616461296463,10,5.109402694284438,336.0,2.299387579143267,6.1463292576688975,0.0,1,0.6931471805599453,0.6931471805599453,1,11.970356641102999
540,2.995732273553991,3,4.248495242049359,9.343384145733948,1,1,3,3,0,4,0,5,2,2,0,2,8,5,2001,2002,1,1,12,13,1,6.173786103901937,4,3,2,4,3,0,2,7.214504414151143,6,0.0,5.4116460518550396,1581.0,1,5,1,4,7.3783837129967145,0.0,0.0,7.3783837129967145,1,0.0,2,0,3,0.6931471805599453,4,6,6,1,3,1,2001.0,2,2,670,3,3,2,5.198497031265826,0.0,0.0,0.0,0.0,0.0,0,2,3,7.601402334583733,5,2010,8,4,272000.0,8.065265208897733,3,9,8,2.302585092994046,13,5.58662424376866,335.0,1.9650004327372323,5.198497031265826,0.0,1,0.6931471805599453,0.6931471805599453,1,12.513561021741964
541,2.995732273553991,3,4.442651256490317,9.588845298501564,1,1,3,3,0,4,0,23,2,2,0,2,9,5,2006,2006,3,1,12,13,1,6.371611847231857,5,3,2,5,3,0,2,7.13966033596492,6,0.0,6.361302477572996,1838.0,1,5,1,4,7.516433302915632,0.0,0.0,7.516433302915632,1,0.0,2,0,2,0.6931471805599453,5,8,6,1,4,1,2006.0,0,3,765,3,3,2,5.602118820879701,4.23410650459726,0.0,0.0,0.0,0.0,0,4,1,0.0,3,2009,8,4,315000.0,8.209580483475577,3,3,3,1.3862943611198906,14,5.436991761235796,255.0,2.0724119955859317,5.82600010738045,0.0,1,0.6931471805599453,0.6931471805599453,1,12.660331092405906
542,4.0943445622221,3,4.51085950651685,9.305650551780507,1,1,3,3,0,2,0,15,2,2,0,5,8,5,2000,2000,1,1,12,13,1,4.290459441148391,4,3,2,4,3,3,6,0.0,6,0.0,6.877296071497429,969.0,1,5,1,4,6.904750769961838,7.161622002939187,0.0,7.734121303328305,0,0.0,2,1,4,0.6931471805599453,4,8,6,1,3,3,2000.0,0,3,648,3,3,2,0.0,4.04305126783455,0.0,0.0,0.0,0.0,0,4,1,0.0,6,2007,8,4,248000.0,8.087640287778983,3,7,7,2.0794415416798357,13,5.654679761648469,216.0,1.5715292484522025,4.04305126783455,0.0,1,0.6931471805599453,0.6931471805599453,1,12.421188057397055
543,2.995732273553991,3,4.356708826689592,9.224243277145174,1,1,3,3,0,4,0,14,6,2,0,2,7,5,1998,1999,3,1,12,13,2,0.0,4,3,2,5,3,3,3,4.976733742420574,2,7.028201432058005,5.940171252720432,1650.0,1,5,1,4,7.426549072397305,0.0,0.0,7.426549072397305,1,0.0,2,0,3,0.6931471805599453,4,7,0,1,3,1,1998.0,0,2,583,3,3,2,4.3694478524670215,4.30406509320417,0.0,0.0,0.0,0.0,0,4,1,0.0,6,2009,8,4,213250.0,8.110727582974489,3,11,10,2.4849066497880004,12,5.480638923341991,291.5,1.7976942047478695,5.0238805208462765,0.0,1,0.6931471805599453,0.6931471805599453,0,12.270225154674701
544,4.787491742782046,2,3.5263605246161616,8.30844552038576,1,1,3,3,0,4,0,12,2,2,4,6,7,5,1998,1998,1,1,8,8,1,5.209486152841421,3,3,2,4,3,0,2,6.371611847231857,3,4.941642422609304,0.0,723.0,1,5,1,4,6.642486801367256,0.0,0.0,6.642486801367256,1,0.0,1,0,1,0.6931471805599453,3,4,6,0,0,1,1998.0,0,1,367,3,3,2,4.795790545596741,3.713572066704308,0.0,0.0,0.0,0.0,0,4,1,0.0,6,2007,8,4,133000.0,7.306531398939505,2,9,9,2.302585092994046,12,5.256192440247365,367.0,1.665958719018504,5.081404364984463,0.0,0,0.6931471805599453,0.6931471805599453,1,11.798111925972618
545,4.0943445622221,3,4.060443010546419,9.747067633264827,1,1,0,3,0,4,0,8,2,2,0,5,7,5,2006,2006,1,1,12,13,2,0.0,4,3,2,4,4,0,2,6.318968113746434,6,0.0,4.61512051684126,654.0,1,5,1,4,6.498282149476434,6.725033642166843,0.0,7.310550158534422,1,0.0,2,1,3,0.6931471805599453,4,7,6,1,4,1,2006.0,2,2,426,3,3,2,4.61512051684126,3.2188758248682006,0.0,0.0,0.0,0.0,0,4,1,0.0,9,2006,6,5,179665.0,7.673223121121708,4,0,0,0.0,12,5.36464000947911,213.0,2.436517474730404,4.8283137373023015,0.0,1,0.6931471805599453,0.6931471805599453,0,12.098854850641
546,3.912023005428146,3,4.382026634673881,9.535101442669385,1,1,0,3,0,0,0,14,2,2,0,0,7,5,1988,1988,1,1,6,6,1,5.187385805840755,4,4,2,4,4,3,2,6.910750787961936,3,5.313205979041787,0.0,1204.0,1,4,1,4,7.227662498728654,6.693323668269949,0.0,7.688455356549944,0,0.0,2,1,4,0.6931471805599453,4,9,6,0,0,1,1988.0,3,3,786,3,3,2,0.0,0.0,0.0,0.0,0.0,0.0,0,4,1,0.0,2,2006,8,4,229000.0,8.127699852817772,3,18,18,2.9444389791664403,12,5.4912307792137245,262.0,1.8466460861194405,0.0,0.0,0,0.6931471805599453,0.6931471805599453,1,12.34148164933907
547,3.912023005428146,3,4.248495242049359,9.075322160298095,1,1,0,0,0,4,0,3,2,2,0,0,6,7,1923,1950,1,1,3,14,2,0.0,3,3,0,4,3,3,5,5.707110264748875,6,0.0,6.641182169740591,1065.0,1,5,1,0,6.818924065275521,6.580639137284949,0.0,7.399398083331354,0,0.0,1,1,3,0.6931471805599453,3,6,6,1,4,5,1950.0,3,2,440,3,3,2,0.0,3.6635616461296463,0.0,4.976733742420574,0.0,0.0,0,4,1,0.0,5,2007,8,4,210000.0,7.90100705199242,2,84,57,4.060443010546419,13,5.607638614103299,220.0,1.675924076966741,5.209486152841421,0.0,1,0.6931471805599453,0.6931471805599453,0,12.25486757159303
548,4.442651256490317,3,3.9889840465642745,8.887928819003305,1,1,3,3,0,4,0,11,2,2,0,6,5,7,1970,1970,1,1,12,13,2,0.0,3,4,1,4,3,0,0,6.429719478039138,6,0.0,5.0106352940962555,768.0,1,5,1,4,6.643789733147672,0.0,0.0,6.643789733147672,1,0.0,1,0,2,0.6931471805599453,3,5,6,0,0,5,1987.0,3,2,624,3,3,2,4.653960350157523,0.0,0.0,0.0,0.0,0.0,0,4,1,0.0,4,2007,8,4,129500.0,7.336936913707618,2,37,37,3.044522437723423,12,5.034351820713572,312.0,2.2441390858556316,4.653960350157523,0.0,0,0.6931471805599453,0.6931471805599453,0,11.771443882099637
549,2.995732273553991,4,3.8918202981106265,9.016148642611741,1,1,0,1,0,4,0,17,1,7,0,2,5,7,1955,1995,1,1,8,8,2,0.0,3,4,1,3,3,3,3,5.198497031265826,5,6.470799503782602,0.0,825.0,1,3,1,4,6.715383386334681,0.0,0.0,6.715383386334681,1,0.0,1,0,2,0.6931471805599453,3,4,6,0,0,5,1963.0,2,2,720,3,3,2,4.948759890378168,3.9318256327243257,0.0,0.0,0.0,0.0,0,2,1,0.0,6,2008,8,4,125000.0,7.408530566894626,2,53,13,3.828641396489095,12,5.32908902521479,360.0,2.3007652562770597,5.25227342804663,0.0,0,0.6931471805599453,0.6931471805599453,0,11.736077016252437
550,4.0943445622221,1,4.31748811353631,9.14580185083861,1,1,3,3,0,4,0,21,2,2,0,5,7,5,2003,2004,1,1,12,13,2,0.0,4,3,2,4,3,3,6,0.0,6,0.0,6.816735880594968,912.0,1,5,1,4,6.815639990074331,7.075808863978387,0.0,7.646831391430482,0,0.0,2,1,4,0.6931471805599453,4,8,6,1,4,3,2003.0,0,2,615,3,3,2,5.209486152841421,5.209486152841421,0.0,0.0,0.0,0.0,0,4,1,0.0,11,2009,8,4,263000.0,8.00836557031292,3,6,5,1.9459101490553132,12,5.567389849750646,307.5,1.4989704594081295,5.8998973535824915,0.0,1,0.6931471805599453,0.6931471805599453,0,12.479913113434042
551,4.787491742782046,3,3.970291913552122,8.304742269640771,1,1,3,3,0,4,0,13,2,2,4,2,6,6,1977,1977,1,1,9,10,2,0.0,3,3,1,4,3,3,0,6.327936783729195,6,0.0,6.236369590203704,1069.0,1,3,1,4,6.974478911025045,0.0,0.0,6.974478911025045,0,0.0,2,0,2,0.6931471805599453,3,4,6,0,0,1,1977.0,2,2,440,3,3,2,0.0,4.02535169073515,0.0,0.0,5.303304908059076,0.0,0,4,1,0.0,10,2008,0,0,140000.0,7.6676260915849905,2,31,31,3.4657359027997265,12,5.588184549905154,220.0,1.3302633586157258,5.545177444479562,0.0,0,0.6931471805599453,0.6931471805599453,0,11.849404844423074
552,2.995732273553991,4,3.912023005428146,8.699514748210191,1,1,3,3,0,4,0,17,2,2,0,2,5,6,1957,1957,3,1,3,3,2,0.0,3,3,1,3,3,3,5,5.733341276897746,6,0.0,6.431331081933479,928.0,1,4,1,0,6.833031732786201,0.0,0.0,6.833031732786201,0,0.0,1,0,3,0.6931471805599453,3,5,6,0,0,1,1957.0,0,1,288,3,3,2,0.0,0.0,0.0,0.0,0.0,0.0,0,4,1,0.0,6,2008,8,4,112500.0,7.526178913346146,1,51,51,3.9512437185814275,11,5.2235938203521,288.0,1.8664830154239915,0.0,0.0,0,0.6931471805599453,0.6931471805599453,0,11.630717389475995
553,2.995732273553991,3,4.465908118654584,9.318835968129482,1,1,0,3,0,4,0,16,2,2,0,2,8,5,2006,2006,1,1,12,13,3,5.5254529391317835,4,3,2,5,3,0,6,0.0,6,0.0,7.444248649496705,1709.0,1,5,1,4,7.448333860897476,0.0,0.0,7.448333860897476,0,0.0,2,0,3,0.6931471805599453,4,7,6,1,4,1,2006.0,2,3,908,3,3,2,5.135798437050262,3.6888794541139363,0.0,0.0,0.0,0.0,0,4,1,0.0,7,2009,8,4,255500.0,8.139148678884066,2,3,3,1.3862943611198906,13,5.502423711842162,302.6666666666667,1.870502107232006,5.342334251964811,0.0,1,0.6931471805599453,0.6931471805599453,1,12.450981602512561
554,2.995732273553991,3,4.204692619390966,9.079889942592118,1,1,3,3,0,4,0,7,1,2,0,2,4,5,1949,2003,1,1,12,13,2,0.0,3,3,1,0,0,4,4,0.0,4,0.0,0.0,0.0,1,5,1,4,7.026426808699636,0.0,0.0,7.026426808699636,0,0.0,2,0,2,0.6931471805599453,4,5,6,0,0,5,2002.0,0,2,520,3,3,0,0.0,4.574710978503383,0.0,0.0,0.0,0.0,0,2,1,0.0,5,2009,8,4,108000.0,7.026426808699636,2,60,6,2.0794415416798357,9,5.4169888962655355,260.0,2.053463133892482,4.574710978503383,0.0,0,0.0,0.6931471805599453,0,11.58989576532275
555,4.0943445622221,3,4.442651256490317,9.270964993792617,1,1,3,3,0,4,0,16,2,2,0,5,7,5,2003,2004,1,1,12,13,1,5.680172609017068,4,3,2,4,3,3,2,6.7650389767805414,6,0.0,4.890349128221754,998.0,1,5,1,4,6.913737350659685,6.947937068614969,0.0,7.6236419465115715,1,0.0,2,1,3,0.6931471805599453,4,8,6,1,4,3,2003.0,2,3,871,3,3,2,5.771441123130016,4.143134726391533,0.0,0.0,0.0,0.0,0,4,1,0.0,8,2008,8,4,284000.0,8.020927718981577,4,5,4,1.791759469228055,12,5.544200404831736,290.3333333333333,1.6473230472810458,5.948034989180646,0.0,1,0.6931471805599453,0.6931471805599453,1,12.556733038263905
556,3.8066624897703196,4,4.060443010546419,8.760923376338836,1,1,3,3,0,4,0,3,2,2,0,1,5,6,1922,1950,1,1,8,8,2,0.0,3,3,0,3,2,3,6,0.0,6,0.0,6.901737206656574,993.0,1,3,1,0,6.954638864880987,0.0,0.0,6.954638864880987,0,0.0,1,0,2,0.6931471805599453,3,5,6,1,4,5,1922.0,3,1,280,3,3,2,0.0,0.0,4.762173934797756,0.0,0.0,0.0,0,4,1,0.0,8,2006,8,4,113000.0,7.621195162809845,1,84,56,4.442651256490317,11,5.345200952446887,280.0,1.806284511457848,4.762173934797756,0.0,1,0.6931471805599453,0.6931471805599453,0,11.635151947212842
557,2.995732273553991,3,4.23410650459726,9.605755144230846,1,1,0,3,0,4,0,12,2,2,0,2,5,5,1957,1957,1,1,13,14,2,0.0,3,3,1,3,3,3,5,6.79794041297493,6,0.0,5.288267030694535,1092.0,1,3,1,0,6.9957661563048505,0.0,0.0,6.9957661563048505,1,0.0,1,0,2,0.6931471805599453,3,6,6,1,3,1,1957.0,0,1,299,3,3,2,5.594711379601839,0.0,0.0,0.0,4.812184355372417,0.0,0,3,1,0.0,5,2006,8,4,141000.0,7.688913336864796,2,49,49,3.912023005428146,10,5.204006687076795,299.0,2.609988987925995,5.968707559985366,0.0,1,0.6931471805599453,0.6931471805599453,0,11.856522261533737
558,3.912023005428146,0,4.0943445622221,9.309280319831087,1,1,3,2,0,4,1,9,2,2,0,0,4,6,1920,1950,1,1,8,8,2,0.0,3,3,1,3,3,3,5,6.45833828334479,6,0.0,0.0,637.0,1,4,1,4,6.799055862058796,6.0867747269123065,0.0,7.197435354096591,0,0.0,1,1,3,0.6931471805599453,3,7,6,0,0,4,1994.0,3,1,570,3,3,2,0.0,3.871201010907891,4.795790545596741,0.0,0.0,0.0,0,4,1,0.0,9,2006,0,4,108000.0,7.587310506022615,2,86,56,2.5649493574615367,10,5.251525205041278,570.0,2.1118449657344955,5.123963979403259,0.0,0,0.6931471805599453,0.6931471805599453,0,11.58989576532275
559,4.0943445622221,3,4.04305126783455,9.99296255896373,1,1,1,1,0,2,0,8,2,2,0,5,7,5,1996,1997,1,1,6,6,2,0.0,3,3,2,4,3,1,2,6.405228458030842,6,0.0,4.836281906951478,729.0,1,5,1,4,6.591673732008658,6.576469569048224,0.0,7.27655640271871,0,0.6931471805599453,2,1,3,0.6931471805599453,3,6,6,1,3,1,1996.0,3,2,406,3,3,2,5.579729825986222,3.1354942159291497,0.0,0.0,0.0,0.0,0,4,1,0.0,8,2008,8,4,175000.0,7.684783943522785,4,12,11,2.5649493574615367,12,5.484796933490655,203.0,2.7164061562450206,5.659482215759621,0.0,1,0.6931471805599453,0.6931471805599453,0,12.07254696717504
560,4.787491742782046,3,3.7612001156935624,8.069655306886165,1,1,3,3,0,4,0,0,2,2,4,2,7,5,2003,2004,1,1,12,13,1,2.9444389791664403,4,3,2,4,3,1,6,0.0,6,0.0,7.226209010100671,1374.0,1,5,1,4,7.350516171833998,0.0,0.0,7.350516171833998,0,0.0,2,0,2,0.6931471805599453,4,7,6,1,3,1,2003.0,0,2,420,3,3,2,4.969813299576001,3.044522437723423,0.0,0.0,0.0,0.0,0,4,1,0.0,10,2006,8,4,234000.0,7.983098940710892,2,3,2,1.3862943611198906,12,5.404606022778685,210.0,0.7191391350521669,5.099866427824199,0.0,1,0.6931471805599453,0.6931471805599453,1,12.36308066783498
561,2.995732273553991,3,4.2626798770413155,9.33617975681533,1,1,0,3,0,4,0,19,2,2,0,2,5,6,1957,1996,3,1,13,14,1,5.198497031265826,3,3,1,4,3,3,0,7.172424577124845,6,0.0,4.51085950651685,1392.0,1,3,1,4,7.238496840894365,0.0,0.0,7.238496840894365,1,0.0,1,1,3,0.6931471805599453,3,5,4,1,4,5,1957.0,3,2,528,3,3,2,0.0,0.0,0.0,0.0,4.564348191467836,0.0,0,4,1,0.0,5,2010,8,4,121500.0,7.931644021454311,3,53,14,3.9889840465642745,11,5.629058928460265,264.0,2.0976829159209656,4.564348191467836,0.0,1,0.6931471805599453,0.6931471805599453,1,11.707677772181546
562,2.995732273553991,3,4.343805421853684,9.211339872309265,1,1,3,3,0,4,1,11,2,2,0,2,5,5,1974,1975,1,1,6,6,2,0.0,3,3,1,4,3,0,0,6.977281341630747,3,4.820281565605037,5.278114659230517,1389.0,1,4,1,4,7.236339342754344,0.0,0.0,7.236339342754344,1,0.0,1,0,2,0.6931471805599453,3,6,6,1,3,1,1975.0,2,2,418,3,3,2,5.484796933490655,3.6635616461296463,0.0,0.0,0.0,0.0,0,4,1,0.0,4,2006,8,4,170000.0,7.9294865233142895,2,32,31,3.4657359027997265,10,5.444579873526289,209.0,1.9750005295549224,5.631211781821365,0.0,1,0.6931471805599453,0.6931471805599453,0,12.04355959836804
563,3.4011973816621555,3,4.143134726391533,9.540147589478611,1,1,3,3,0,4,0,7,2,2,0,2,5,6,1940,1969,1,1,14,15,2,0.0,3,3,1,3,3,3,1,5.673323267171493,6,0.0,6.561030665896573,996.0,1,5,1,4,6.903747257584598,0.0,0.0,6.903747257584598,1,0.0,1,0,3,0.6931471805599453,3,6,6,1,4,6,0.0,1,0,0,0,0,2,4.976733742420574,0.0,0.0,0.0,0.0,0.0,0,4,1,0.0,7,2008,8,4,108000.0,7.596894438144544,2,68,39,7.605392364814935,11,5.111987788356544,0.0,2.636400331894013,4.976733742420574,0.0,1,0.6931471805599453,0.0,0,11.58989576532275
564,3.912023005428146,3,4.189654742026425,9.988747396486952,1,1,3,3,0,4,0,7,2,2,0,0,6,7,1918,1950,1,1,13,14,2,0.0,3,3,0,4,3,2,6,0.0,6,0.0,7.059617628291383,1163.0,1,5,1,4,7.0587581525186645,6.238324625039508,0.0,7.422971251049421,0,0.0,2,0,4,0.6931471805599453,3,8,6,1,4,5,1955.0,0,2,396,3,3,0,4.290459441148391,3.6109179126442243,0.0,0.0,4.976733742420574,0.0,0,4,1,0.0,7,2008,8,4,185000.0,7.950502434808851,2,90,58,3.9889840465642745,13,5.343529709369585,198.0,2.565776145437531,5.53338948872752,0.0,1,0.6931471805599453,0.6931471805599453,0,12.128116509451258
565,4.0943445622221,3,4.51085950651685,9.498971993463552,1,1,0,3,0,1,0,15,2,2,0,5,7,5,1992,2000,1,1,6,6,2,0.0,4,3,2,4,3,3,2,6.591673732008658,6,0.0,5.908082938168931,1095.0,1,5,1,4,7.061334366910438,7.029972911706386,0.0,7.738488122494646,1,0.0,2,1,4,0.6931471805599453,4,9,6,1,3,1,1992.0,2,2,590,3,3,2,0.0,3.713572066704308,0.0,0.0,0.0,0.0,0,4,1,0.0,7,2006,8,4,268000.0,8.128585200374497,4,14,6,2.70805020110221,12,5.541263545158426,295.0,1.7604838709689064,3.713572066704308,0.0,1,0.6931471805599453,0.6931471805599453,0,12.498745990829315
566,4.248495242049359,3,4.189654742026425,8.833171133022866,1,1,3,0,0,0,0,18,2,2,0,5,6,4,1915,1950,1,1,13,14,2,0.0,3,3,2,4,3,3,6,0.0,6,0.0,6.693323668269949,806.0,1,3,0,1,6.734591659972948,6.693323668269949,0.0,7.4067107301776405,1,0.0,1,1,4,0.6931471805599453,2,6,6,0,0,5,1920.0,3,1,216,3,3,2,0.0,4.204692619390966,4.919980925828125,0.0,0.0,0.0,0,4,1,0.0,5,2010,8,4,128000.0,7.8050670442584895,3,95,60,4.51085950651685,10,5.614951260949585,216.0,1.4264604028452252,5.313205979041787,0.0,0,0.6931471805599453,0.6931471805599453,0,11.759793355371237
567,4.0943445622221,3,4.343805421853684,9.323490469908839,1,1,0,3,0,4,0,22,2,2,0,5,9,5,2005,2007,3,1,12,13,1,5.5053315359323625,4,3,2,4,4,3,6,0.0,6,0.0,7.023758954738443,1122.0,1,5,1,4,7.033506484287697,7.223295679562314,0.0,7.825644732219989,0,0.0,2,1,4,0.6931471805599453,5,11,6,1,4,3,2005.0,0,3,656,3,3,2,4.976733742420574,3.6888794541139363,0.0,0.0,0.0,0.0,0,4,1,0.0,6,2008,8,4,325000.0,8.195885391314796,3,3,1,1.3862943611198906,14,5.4277494594216185,218.66666666666666,1.4978457376888494,5.214935757608986,0.0,1,0.6931471805599453,0.6931471805599453,1,12.691583538230217
568,2.995732273553991,3,4.248495242049359,9.227295812625597,1,1,0,3,0,4,0,16,2,2,0,2,7,5,2004,2004,1,1,12,13,1,5.1298987149230735,4,3,2,4,3,3,2,1.0986122886681098,6,0.0,7.323830566202317,1517.0,1,5,1,4,7.336285660021297,0.0,0.0,7.336285660021297,0,0.0,2,0,3,0.6931471805599453,4,7,6,0,0,1,2004.0,2,2,532,3,3,2,0.0,0.0,0.0,0.0,0.0,0.0,0,4,1,0.0,3,2010,8,4,214000.0,8.023552392404348,2,6,6,1.9459101490553132,12,5.390375510965984,266.0,1.8910101526042986,0.0,0.0,0,0.6931471805599453,0.6931471805599453,1,12.273735966890268
569,3.912023005428146,3,4.3694478524670215,9.41954725755152,1,1,0,2,0,4,1,20,2,2,0,0,8,8,1983,2009,1,1,13,14,2,0.0,4,3,1,4,3,1,2,7.273786317844895,6,0.0,4.02535169073515,1496.0,1,5,1,4,7.310550158534422,6.456769655572163,0.0,7.664815785285735,1,0.0,1,1,1,0.6931471805599453,4,5,3,1,4,3,1983.0,0,2,612,4,3,2,5.857933154483459,3.713572066704308,0.0,0.0,0.0,0.0,0,4,1,0.0,9,2009,8,4,316600.0,8.196436811235028,3,26,0,3.295836866004329,16,6.0553778728516345,306.0,1.7547314722657843,5.966146739123692,0.0,1,0.6931471805599453,0.6931471805599453,0,12.665397584983758
570,4.499809670330265,3,4.290459441148391,8.858226439365012,1,1,0,3,0,0,0,12,2,2,2,6,5,5,1979,1979,1,1,8,8,2,0.0,3,3,1,4,3,1,2,6.8501261661455,6,0.0,0.0,943.0,1,3,1,4,6.849066282633458,0.0,0.0,6.849066282633458,1,0.0,1,0,2,0.6931471805599453,3,4,6,2,3,5,1979.0,3,2,600,3,3,2,3.7612001156935624,0.0,0.0,0.0,0.0,0.0,0,4,1,0.0,12,2006,8,4,135960.0,7.542213463193403,2,27,27,3.332204510175204,10,5.462771921513567,300.0,2.0091601567315553,3.7612001156935624,0.0,1,0.6931471805599453,0.6931471805599453,0,11.820123358887447
571,4.499809670330265,3,4.30406509320417,9.48044384215367,1,1,0,3,0,4,0,12,2,2,2,2,5,5,1965,1965,1,1,6,6,1,4.6913478822291435,3,3,1,3,3,3,3,5.44673737166631,6,0.0,7.311886164077165,1728.0,1,3,1,4,7.454719949364001,0.0,0.0,7.454719949364001,0,0.0,2,0,6,1.0986122886681098,3,10,6,0,0,5,1987.0,3,2,576,3,3,2,0.0,0.0,0.0,0.0,0.0,0.0,0,4,1,0.0,11,2008,8,4,142600.0,8.147867129923947,2,43,43,3.091042453358316,10,5.152134856369956,288.0,2.02572389278967,0.0,0.0,0,0.6931471805599453,0.6931471805599453,1,11.867805799560465
572,2.995732273553991,3,4.0943445622221,8.900003608959596,1,1,3,3,0,4,0,12,2,2,0,2,6,6,1959,1959,1,1,14,15,1,5.337538079701318,3,3,1,3,3,3,1,6.028278520230698,6,0.0,6.111467339502679,864.0,1,5,1,4,6.761572768804055,0.0,0.0,6.761572768804055,1,0.0,1,0,2,0.6931471805599453,4,4,6,0,0,1,1959.0,3,1,288,3,3,2,5.1298987149230735,0.0,0.0,0.0,0.0,0.0,0,4,1,0.0,10,2006,8,0,120000.0,7.454719949364001,2,47,47,3.871201010907891,12,5.375278407684165,288.0,2.13843084015554,5.1298987149230735,0.0,0,0.6931471805599453,0.6931471805599453,1,11.695255355062795
573,4.0943445622221,3,4.418840607796598,9.48486121415014,1,1,0,1,0,0,0,23,2,2,0,5,7,5,2009,2009,1,1,12,13,2,0.0,3,3,2,5,3,0,6,0.0,6,0.0,6.741700694652055,846.0,1,4,1,4,6.740519359606223,6.741700694652055,0.0,7.433666540166168,0,0.0,2,1,3,0.6931471805599453,4,6,6,0,0,1,2009.0,2,2,650,3,3,2,5.342334251964811,4.74493212836325,0.0,0.0,0.0,0.0,0,4,1,0.0,7,2009,6,5,224500.0,7.839131648274333,3,0,0,0.0,12,5.641907070938114,325.0,2.051194673983972,5.777652323222656,0.0,0,0.6931471805599453,0.6931471805599453,0,12.32163544049751
574,4.382026634673881,3,4.330733340286331,9.207034914967457,1,1,0,3,0,4,0,8,2,2,0,7,7,5,2000,2000,1,1,12,13,2,0.0,3,3,2,4,3,3,6,0.0,6,0.0,5.953243334287785,384.0,1,5,1,4,6.651571873589727,6.48768401848461,0.0,7.265429723253953,0,0.0,2,1,3,0.6931471805599453,3,8,6,1,3,3,2000.0,2,2,400,3,3,2,4.61512051684126,0.0,0.0,0.0,0.0,0.0,0,4,1,0.0,12,2007,8,4,170000.0,7.503289630675082,3,7,7,2.0794415416798357,12,5.185988181574117,200.0,1.9416051917135033,4.61512051684126,0.0,1,0.6931471805599453,0.6931471805599453,0,12.04355959836804
575,4.382026634673881,3,4.248495242049359,9.259130536145614,1,1,3,3,0,2,0,12,2,2,0,7,5,7,1971,2005,2,1,8,1,1,4.418840607796598,3,3,1,3,3,0,0,5.857933154483459,6,0.0,3.1780538303479458,372.0,1,3,1,4,6.3561076606958915,6.280395838960195,0.0,7.011213987350367,0,0.6931471805599453,1,0,3,0.6931471805599453,3,5,6,0,0,3,1971.0,3,1,288,3,3,2,3.58351893845611,0.0,0.0,0.0,0.0,0.0,0,1,1,0.0,12,2007,8,4,139000.0,7.300472814267799,2,36,2,3.6109179126442243,12,5.401776074916267,288.0,2.2479165487952475,3.58351893845611,0.0,0,0.6931471805599453,0.6931471805599453,1,11.842236406331555
576,3.912023005428146,3,4.382026634673881,9.045465728785949,1,1,3,3,0,4,0,12,2,2,0,0,5,5,1947,1950,1,1,8,8,2,0.0,3,3,1,3,3,3,5,6.093569770045136,6,0.0,5.968707559985366,832.0,1,3,1,4,6.723832440821209,5.953243334287785,0.0,7.103322062526113,0,0.0,1,0,2,0.6931471805599453,3,6,6,0,0,5,1947.0,3,1,336,3,3,2,5.0689042022202315,0.0,4.634728988229636,0.0,0.0,0.0,0,4,1,0.0,10,2008,0,0,118500.0,7.6246189861593985,1,61,58,4.127134385045092,10,5.311562593298057,336.0,1.9421436662598364,5.564520407322694,0.0,0,0.6931471805599453,0.6931471805599453,0,11.682676678340282
577,3.912023005428146,3,3.9512437185814275,8.747034264178168,1,1,3,3,0,4,0,18,2,2,0,0,7,7,1928,1950,1,1,13,14,2,0.0,3,3,0,3,3,3,6,0.0,6,0.0,6.759255270663693,861.0,1,4,1,4,6.776506992372183,6.398594934535208,0.0,7.29776828253138,0,0.6931471805599453,2,0,3,0.6931471805599453,3,6,6,1,4,5,1928.0,3,1,216,3,3,2,0.0,3.9318256327243257,0.0,0.0,0.0,0.0,0,4,1,0.0,8,2009,8,4,145000.0,7.757051142032013,3,81,59,4.406719247264253,14,5.506008813303325,216.0,1.4492659816467885,3.9318256327243257,0.0,1,0.6931471805599453,0.6931471805599453,0,11.884495917930655
578,4.382026634673881,3,4.564348191467836,9.373903755841548,1,1,0,3,0,4,0,19,2,2,0,7,5,6,1966,1966,1,1,12,13,1,4.584967478670572,3,3,1,3,3,0,3,5.796057750765372,0,6.313548046277095,5.655991810819852,1164.0,1,5,1,4,7.1853870155804165,0.0,0.0,7.1853870155804165,1,0.0,1,0,3,0.6931471805599453,3,6,6,2,2,1,1966.0,2,2,564,3,3,2,5.081404364984463,4.23410650459726,5.484796933490655,0.0,0.0,0.0,0,4,1,0.0,5,2006,8,0,164500.0,7.81762544305337,2,40,40,3.713572066704308,11,5.393627546352362,282.0,2.188516740261132,6.150602768446279,0.0,1,0.6931471805599453,0.6931471805599453,1,12.010671928196443
579,5.075173815233827,1,3.5263605246161616,8.189799618728228,1,2,3,3,0,0,0,21,2,2,4,5,7,5,2007,2007,1,1,12,13,2,0.0,4,3,2,4,3,3,6,0.0,6,0.0,6.536691597591305,689.0,1,5,1,4,6.555356891810665,6.536691597591305,0.0,7.238496840894365,0,0.0,2,0,2,0.6931471805599453,4,5,6,0,0,5,2007.0,3,2,540,3,3,2,0.0,4.634728988229636,0.0,0.0,0.0,0.0,0,4,1,0.0,2,2008,8,0,146000.0,7.640603826393634,2,1,1,0.6931471805599453,12,5.629058928460265,270.0,0.9513027778338635,4.634728988229636,0.0,0,0.6931471805599453,0.6931471805599453,0,11.891368749982085
580,3.912023005428146,4,4.394449154672439,9.405084448768694,1,0,3,3,0,4,0,17,2,2,0,0,5,5,1954,1954,1,1,8,8,1,5.817111159963204,3,3,0,3,3,3,6,0.0,6,0.0,6.957497370876951,1050.0,1,5,0,1,6.956545443151569,6.61472560020376,0.0,7.492760300922379,0,0.0,2,0,4,0.6931471805599453,3,7,6,0,0,1,1954.0,3,1,352,2,3,2,0.0,0.0,0.0,0.0,0.0,0.0,0,4,1,0.0,11,2008,8,4,131500.0,7.953318346560431,2,54,54,4.007333185232471,10,5.546850151867066,352.0,1.9123241478463153,0.0,0.0,0,0.6931471805599453,0.6931471805599453,1,11.78676973513378
581,2.995732273553991,3,4.290459441148391,9.587748882301822,1,1,0,3,0,1,0,12,2,2,0,2,6,6,1960,1987,1,1,13,14,1,4.454347296253507,3,3,1,3,3,3,1,6.38856140554563,5,5.393627546352362,5.805134968916488,1144.0,1,5,1,4,7.264730177929867,0.0,0.0,7.264730177929867,0,0.6931471805599453,1,0,3,0.6931471805599453,4,7,6,2,4,1,1960.0,3,2,572,3,3,2,5.37989735354046,4.709530201312334,0.0,0.0,0.0,0.0,0,4,1,0.0,6,2007,8,4,181900.0,7.8528278122817445,2,47,20,3.871201010907891,12,5.318820028874554,286.0,2.3230187043719543,5.7899601708972535,0.0,1,0.6931471805599453,0.6931471805599453,1,12.111217862017215
582,2.995732273553991,3,4.584967478670572,9.449672183486918,1,1,3,3,0,4,0,16,2,2,0,2,8,5,2008,2009,3,1,12,13,1,5.726847747587197,5,3,2,5,3,3,6,0.0,6,0.0,7.622174594817622,2042.0,1,5,1,4,7.621684998724611,0.0,0.0,7.621684998724611,0,0.0,2,1,3,0.6931471805599453,5,8,6,1,4,1,2009.0,2,3,1390,3,3,2,0.0,4.51085950651685,0.0,0.0,0.0,0.0,0,4,1,0.0,8,2009,6,5,253293.0,8.314832179284556,3,1,0,0.0,13,5.5422434570447745,463.3333333333333,1.8279871847623061,4.51085950651685,0.0,1,0.6931471805599453,0.6931471805599453,1,12.442306148381938
583,4.499809670330265,3,4.394449154672439,9.379323364330956,0,1,3,3,0,4,0,7,2,2,2,6,6,5,1990,1990,1,1,6,6,1,4.653960350157523,3,4,1,4,3,0,2,6.705639094860003,6,0.0,0.0,816.0,1,3,1,4,6.704414354964107,0.0,0.0,6.704414354964107,1,0.0,1,0,3,0.6931471805599453,3,5,6,0,0,6,0.0,1,0,0,0,0,2,0.0,3.4965075614664802,0.0,0.0,0.0,0.0,0,4,1,0.0,5,2007,8,4,118500.0,7.397561535524052,2,17,17,7.60489448081162,11,5.094976442530006,0.0,2.67490900936685,3.4965075614664802,0.0,0,0.6931471805599453,0.0,1,11.682676678340282
584,4.31748811353631,4,4.31748811353631,9.51044496442652,1,1,3,3,0,4,0,17,0,3,0,4,10,9,1893,2000,1,1,13,14,2,0.0,5,5,0,3,3,3,6,0.0,6,0.0,7.121252453244542,1237.0,1,4,1,4,7.327123292259293,7.134890851565884,0.0,7.928406026180535,0,0.0,3,1,3,0.6931471805599453,4,9,6,1,4,5,1988.0,3,2,880,4,3,2,4.663439094112067,6.220590170099739,0.0,0.0,0.0,0.0,0,4,1,0.0,7,2008,8,4,325000.0,8.297045149081827,4,115,8,3.044522437723423,19,5.731181448844316,440.0,1.5820389382459858,6.410174881966167,0.0,1,0.6931471805599453,0.6931471805599453,0,12.691583538230217
585,3.912023005428146,4,3.9318256327243257,8.719317375506371,1,1,3,3,0,4,0,3,2,2,0,0,4,7,1935,1995,1,1,0,0,2,0.0,3,3,0,3,3,3,6,0.0,6,0.0,6.785587645007929,884.0,1,5,1,4,6.8966943316227125,6.371611847231857,0.0,7.360739903058278,0,0.0,1,0,3,0.6931471805599453,4,6,6,0,0,5,1935.0,3,1,240,3,3,2,0.0,0.0,4.007333185232471,0.0,4.795790545596741,0.0,0,4,1,0.0,7,2009,8,4,133000.0,7.806696372521179,1,74,14,4.31748811353631,11,5.568980433830223,240.0,1.358577472448094,5.1647859739235145,0.0,0,0.6931471805599453,0.6931471805599453,0,11.798111925972618
586,2.995732273553991,3,4.477336814478207,9.345133468317714,1,1,3,3,0,4,0,23,2,2,0,2,8,5,2005,2006,3,1,12,13,1,5.342334251964811,4,3,2,5,3,1,2,7.2868764117507,6,0.0,6.013715156042802,1868.0,1,5,1,4,7.614805364711073,0.0,0.0,7.614805364711073,1,0.0,2,0,2,0.6931471805599453,4,7,6,2,4,1,2005.0,2,3,880,3,3,2,5.7899601708972535,4.204692619390966,0.0,0.0,0.0,0.0,0,4,1,0.0,3,2006,6,5,369900.0,8.267705664762426,3,1,0,0.6931471805599453,13,5.668895215655761,293.3333333333333,1.730328103606641,5.973809611869261,0.0,1,0.6931471805599453,0.6931471805599453,1,12.820990681250251
587,3.4011973816621555,3,4.007333185232471,9.236690147298965,1,1,3,3,0,4,0,3,6,2,0,2,6,7,1918,2000,1,1,11,15,2,0.0,3,4,0,3,4,2,5,5.351858133476067,0,6.408528791059498,0.0,816.0,1,5,1,4,6.731018100482083,0.0,0.0,6.731018100482083,1,0.0,1,0,2,0.6931471805599453,2,5,6,0,0,5,1961.0,0,1,275,3,3,0,0.0,0.0,4.727387818712341,0.0,0.0,0.0,0,3,1,0.0,5,2008,8,4,130000.0,7.4109518755836366,2,90,8,3.871201010907891,13,5.121580188047982,275.0,2.5056720468168816,4.727387818712341,0.0,0,0.6931471805599453,0.6931471805599453,0,11.775297421715827
588,4.442651256490317,3,4.30406509320417,9.07566546864958,1,1,0,3,0,4,0,19,2,2,0,6,5,6,1982,1982,3,1,6,6,2,0.0,3,3,1,3,3,0,0,6.511745329644728,6,0.0,5.1298987149230735,840.0,1,3,1,4,6.756932389247553,0.0,0.0,6.756932389247553,1,0.0,1,0,2,0.6931471805599453,3,4,6,0,0,5,1996.0,3,2,528,3,3,2,0.0,0.0,0.0,0.0,0.0,0.0,0,4,1,0.0,7,2009,8,4,137000.0,7.438383530044307,2,27,27,2.6390573296152584,11,5.3706380281276624,264.0,2.3187330794020276,0.0,0.0,0,0.6931471805599453,0.6931471805599453,0,11.827743504053695
589,2.995732273553991,3,4.174387269895637,10.130423902089033,1,1,0,2,0,4,2,4,2,2,0,2,5,8,1968,2003,0,5,13,14,2,0.0,3,3,1,3,3,1,2,7.1891677384203225,6,0.0,4.736198448394496,1437.0,1,5,1,4,7.29505641646263,0.0,0.0,7.29505641646263,2,0.0,1,0,1,0.6931471805599453,5,5,6,2,4,1,1968.0,3,1,452,3,3,2,0.0,3.8918202981106265,0.0,0.0,4.110873864173311,0.0,0,4,1,0.0,6,2009,8,5,143000.0,7.975908360165538,3,41,6,3.7376696182833684,13,5.68561850402853,452.0,2.8353674856264037,4.6913478822291435,0.0,1,0.6931471805599453,0.6931471805599453,0,11.870606902224587
590,3.6888794541139363,4,3.912023005428146,9.116029692504942,1,1,3,3,0,4,0,3,6,1,0,2,5,6,1930,1960,1,1,12,13,2,0.0,3,3,0,3,3,3,6,0.0,6,0.0,6.610696044717759,742.0,1,3,1,0,6.658011045870748,0.0,5.056245805348308,6.840546529288687,0,0.0,1,0,2,0.6931471805599453,3,4,6,0,0,5,1988.0,3,1,308,3,3,1,0.0,0.0,0.0,0.0,0.0,0.0,0,4,3,6.398594934535208,8,2008,8,4,79500.0,7.327123292259293,1,78,48,3.044522437723423,11,5.4542521681687965,308.0,2.275483163216254,0.0,0.0,0,0.6931471805599453,0.6931471805599453,0,11.283524879179666
591,4.0943445622221,3,4.1588830833596715,9.026417533815254,1,1,3,3,0,4,0,5,2,2,0,5,7,5,2004,2004,1,1,12,13,2,0.0,4,3,2,4,3,3,2,6.19644412779452,6,0.0,5.638354669333745,770.0,1,5,1,4,6.646390514847729,6.70073110954781,0.0,7.366445148327599,0,0.0,2,1,3,0.6931471805599453,4,6,6,0,0,1,2004.0,2,2,520,3,3,2,0.0,3.828641396489095,0.0,0.0,0.0,0.0,0,4,1,0.0,9,2008,8,4,185900.0,7.763021309018518,3,4,4,1.6094379124341003,12,5.574685679099544,260.0,1.6599723854876551,3.828641396489095,0.0,0,0.6931471805599453,0.6931471805599453,0,12.132969552931216
592,4.0943445622221,3,4.574710978503383,9.508814005506162,1,1,0,3,0,0,0,16,2,2,0,5,10,5,2008,2008,1,1,5,5,3,6.042632833682381,5,3,2,5,3,1,2,7.199678345691172,6,0.0,5.953243334287785,1722.0,1,5,1,4,7.454719949364001,6.343880434126331,0.0,7.738923757439457,1,0.0,2,1,3,0.6931471805599453,5,10,6,1,4,3,2008.0,2,3,842,3,3,2,5.948034989180646,5.616771097666572,0.0,0.0,0.0,0.0,0,4,1,0.0,6,2009,4,4,451950.0,8.29853954537488,4,1,1,0.6931471805599453,15,5.436338664445412,280.6666666666667,1.7698902480667051,6.48768401848461,0.0,1,0.6931471805599453,0.6931471805599453,1,13.02132904585825
593,2.995732273553991,3,4.0943445622221,8.794824928014517,1,1,3,3,0,4,0,11,2,2,0,2,5,8,1982,2003,1,1,6,6,2,0.0,3,4,2,3,4,3,2,6.705639094860003,6,0.0,0.0,816.0,1,5,1,4,6.704414354964107,0.0,0.0,6.704414354964107,1,0.0,1,0,2,0.6931471805599453,3,4,6,0,0,5,1985.0,0,2,816,3,3,2,0.0,0.0,0.0,0.0,0.0,0.0,0,4,1,0.0,6,2008,8,4,138000.0,7.397561535524052,2,26,5,3.1780538303479458,13,5.318119993844216,408.0,2.0904105730504097,0.0,0.0,0,0.6931471805599453,0.6931471805599453,0,11.835016210489899
594,4.787491742782046,4,4.248495242049359,8.39728289474368,1,1,3,3,0,4,0,5,2,2,4,2,6,5,2003,2003,1,1,12,13,1,5.14166355650266,4,3,2,4,3,0,2,6.530877627725885,6,0.0,5.099866427824199,848.0,1,5,1,4,6.742880635791903,0.0,0.0,6.742880635791903,1,0.0,1,0,1,0.6931471805599453,4,4,6,0,0,1,2003.0,0,2,420,3,3,2,4.948759890378168,0.0,0.0,0.0,0.0,0.0,0,4,1,0.0,5,2009,8,4,140000.0,7.4360278163518485,2,6,6,1.9459101490553132,11,5.356586274672012,210.0,1.6544022589517768,4.948759890378168,0.0,0,0.6931471805599453,0.6931471805599453,1,11.849404844423074
595,2.995732273553991,3,4.477336814478207,8.98594603876032,1,1,0,3,0,4,0,5,2,2,0,2,5,6,1975,1975,3,1,6,6,2,0.0,3,3,1,4,3,3,6,0.0,6,0.0,6.829793737512425,924.0,1,3,1,4,6.828712071641684,0.0,0.0,6.828712071641684,0,0.0,1,0,3,0.6931471805599453,3,5,6,0,0,5,1981.0,3,1,280,3,3,2,0.0,0.0,0.0,0.0,0.0,0.0,0,2,1,0.0,4,2008,8,4,110000.0,7.521859252201629,1,33,33,3.332204510175204,11,5.2192741592075835,280.0,2.157233967118636,0.0,0.0,0,0.6931471805599453,0.6931471805599453,0,11.608244735642321
596,2.995732273553991,3,4.23410650459726,9.33273498018979,1,1,0,3,0,4,0,22,2,2,0,2,8,5,2005,2006,1,1,12,9,1,5.476463551931511,4,3,2,4,3,1,2,7.260522598089852,6,0.0,5.973809611869261,1814.0,1,5,1,4,7.509883061154913,0.0,0.0,7.509883061154913,1,0.0,2,0,3,0.6931471805599453,4,7,6,1,3,1,2005.0,0,3,758,3,3,2,5.198497031265826,4.330733340286331,0.0,0.0,4.795790545596741,0.0,0,4,1,0.0,8,2006,6,5,319000.0,8.199738960630786,3,1,0,0.6931471805599453,13,5.5639729120996,252.66666666666666,1.8228519190348749,5.929589143389895,0.0,1,0.6931471805599453,0.6931471805599453,1,12.672949516558306
597,4.248495242049359,4,4.0943445622221,8.1886891244442,1,0,3,3,0,4,0,17,2,2,0,5,6,7,1910,1993,1,1,12,13,2,0.0,3,3,1,3,3,3,6,0.0,6,0.0,6.529418838262226,684.0,1,5,0,0,6.52795791762255,6.529418838262226,0.0,7.221105098182496,0,0.0,1,0,3,0.6931471805599453,3,7,6,0,0,5,1930.0,3,1,216,3,2,0,0.0,5.0689042022202315,0.0,0.0,0.0,0.0,0,4,1,0.0,10,2006,8,4,114504.0,7.62657020629066,1,96,13,4.343805421853684,13,5.275194949127182,216.0,0.9675840262617057,5.0689042022202315,0.0,0,0.6931471805599453,0.6931471805599453,0,11.648373769145277
598,4.787491742782046,3,3.970291913552122,8.274357006756292,1,1,3,3,0,4,0,0,2,2,4,2,7,5,2006,2007,1,1,12,13,1,4.290459441148391,4,3,2,5,3,0,6,0.0,6,0.0,7.138073034044347,1258.0,1,5,1,4,7.2456550675945355,0.0,0.0,7.2456550675945355,0,1.0986122886681098,0,2,2,0.6931471805599453,4,7,6,1,4,1,2006.0,0,3,648,3,3,2,4.795790545596741,2.833213344056216,0.0,0.0,0.0,0.0,0,4,1,0.0,2,2007,6,5,194201.0,7.886081401775745,4,1,0,0.6931471805599453,12,5.299744918539222,216.0,1.0287019391617562,4.919980925828125,0.0,1,0.6931471805599453,0.6931471805599453,1,12.176654133447505
599,2.995732273553991,3,4.382026634673881,9.471473109194427,1,1,3,0,0,4,0,6,2,2,0,2,5,6,1977,1977,1,1,9,10,1,6.131226489483141,3,3,1,4,3,2,0,7.157735484249907,3,4.997212273764115,0.0,1430.0,1,5,1,4,7.4067107301776405,0.0,0.0,7.4067107301776405,1,0.0,2,0,3,0.6931471805599453,4,7,6,1,3,1,1977.0,0,2,621,3,3,2,0.0,0.0,0.0,0.0,0.0,0.0,0,4,1,0.0,3,2006,8,4,217500.0,8.031710375322042,3,29,29,3.4011973816621555,11,5.460800581122327,310.5,2.064762379016787,0.0,0.0,1,0.6931471805599453,0.6931471805599453,1,12.289958727201455
600,5.075173815233827,4,3.1780538303479458,7.575584651557793,1,1,3,3,0,4,0,1,2,2,3,5,6,6,1980,1980,1,1,8,8,2,0.0,3,4,1,4,3,3,3,4.406719247264253,2,6.418364935936212,3.1780538303479458,716.0,1,3,1,4,6.573680166960646,6.734591659972948,0.0,7.349873704738337,1,0.0,2,1,3,0.6931471805599453,3,6,6,1,3,1,1980.0,0,2,452,3,3,2,5.087596335232384,0.0,0.0,0.0,0.0,0.0,0,0,1,0.0,7,2008,0,4,151000.0,7.7284157798410416,4,28,28,3.367295829986474,12,5.558114235510282,226.0,0.22571094681945558,5.087596335232384,0.0,1,0.6931471805599453,0.6931471805599453,0,11.92504173829169
601,4.0943445622221,3,4.30406509320417,9.298992069570746,1,1,3,3,0,4,0,16,2,2,0,5,8,5,2005,2005,1,1,12,13,1,5.638354669333745,4,3,2,4,3,0,2,6.304448802421981,6,0.0,6.240275845170769,1058.0,1,5,1,4,6.964135612418245,6.741700694652055,0.0,7.55171221535131,1,0.0,2,1,3,0.6931471805599453,5,8,6,1,4,3,2003.0,0,2,736,3,3,2,5.19295685089021,4.110873864173311,0.0,0.0,0.0,0.0,0,4,1,0.0,6,2006,8,4,275000.0,7.993619994827744,4,1,1,1.3862943611198906,13,5.472270673671475,368.0,1.7472798542194348,5.480638923341991,0.0,1,0.6931471805599453,0.6931471805599453,1,12.524530013005734
602,3.912023005428146,4,3.912023005428146,9.104979856318357,1,1,3,0,0,4,0,9,2,2,0,0,6,6,1937,1950,1,1,13,14,2,0.0,3,4,2,3,3,3,6,0.0,6,0.0,6.660575149839686,780.0,1,3,1,4,6.659293919683638,6.39024066706535,0.0,7.226209010100671,0,0.0,1,1,3,0.6931471805599453,4,6,6,1,4,5,1979.0,3,1,544,3,3,1,0.0,5.093750200806762,0.0,0.0,4.844187086458591,0.0,0,4,1,0.0,12,2007,8,4,141000.0,7.675546002537848,2,70,57,3.367295829986474,12,5.434449540872617,544.0,1.8787708462176849,5.666426688112432,0.0,1,0.6931471805599453,0.6931471805599453,0,11.856522261533737
603,4.0943445622221,3,4.382026634673881,9.214431989879436,1,1,0,3,0,4,0,20,2,2,0,5,8,5,1992,1992,1,1,6,6,2,0.0,4,3,2,4,3,2,2,6.672032945461067,6,0.0,4.787491742782046,908.0,1,5,1,4,6.831953565565855,6.8966943316227125,0.0,7.557472901614746,1,0.0,2,1,3,0.6931471805599453,4,8,6,1,3,1,1992.0,0,2,506,3,3,2,4.795790545596741,5.017279836814924,0.0,0.0,0.0,0.0,0,4,1,0.0,2,2006,8,0,220000.0,7.945555428253489,4,14,14,2.70805020110221,13,5.478031359934911,253.0,1.6569590882646898,5.602118820879701,0.0,1,0.6931471805599453,0.6931471805599453,0,12.301387370778713
604,5.075173815233827,1,3.4011973816621555,8.065265208897733,1,2,3,3,0,4,0,21,2,2,4,5,7,5,2004,2005,1,1,8,8,2,0.0,4,3,2,4,3,3,6,0.0,6,0.0,6.398594934535208,600.0,1,5,1,4,6.396929655216146,6.398594934535208,0.0,7.090076835776092,0,0.0,2,1,2,0.6931471805599453,4,4,6,0,0,5,2004.0,2,2,480,3,3,2,0.0,5.153291594497779,0.0,0.0,0.0,0.0,0,4,1,0.0,6,2010,8,4,151000.0,7.495541943884256,3,6,5,1.9459101490553132,12,5.703782474656201,240.0,0.9751883731216405,5.153291594497779,0.0,0,0.6931471805599453,0.6931471805599453,0,11.92504173829169
605,2.995732273553991,3,4.477336814478207,9.45743479744618,1,1,0,3,0,4,0,5,2,2,0,2,7,5,2002,2002,1,1,12,13,1,4.605170185988092,4,3,2,4,3,2,2,6.827629234502852,6,0.0,6.35088571671474,1494.0,1,5,1,4,7.309212365692763,0.0,0.0,7.309212365692763,1,0.0,2,0,3,0.6931471805599453,4,6,6,1,3,1,2002.0,2,2,530,3,3,2,5.262690188904886,3.6109179126442243,0.0,0.0,0.0,0.0,0,4,1,0.0,9,2008,8,4,221000.0,8.002359546252707,3,6,6,1.9459101490553132,12,5.517452896464707,265.0,2.1482224317534167,5.43372200355424,0.0,1,0.6931471805599453,0.6931471805599453,1,12.30592250537653
606,4.0943445622221,3,4.442651256490317,9.517825071724143,1,1,3,3,0,4,0,12,2,2,0,5,7,6,1965,1990,1,1,6,6,1,5.176149732573829,3,3,1,3,3,3,1,6.12029741895095,6,0.0,5.752572638825633,768.0,1,3,1,4,7.078341579557671,6.68586094706836,0.0,7.593877844605118,0,0.0,2,1,3,0.6931471805599453,3,7,6,3,2,1,1965.0,3,2,486,3,3,2,0.0,3.7612001156935624,0.0,0.0,5.247024072160486,0.0,0,4,1,0.0,10,2009,8,4,205000.0,7.9208096792886,3,44,19,3.8066624897703196,13,5.647967695549805,243.0,1.9239472271190254,5.44673737166631,0.0,1,0.6931471805599453,0.6931471805599453,1,12.230770136157428
607,2.995732273553991,3,4.406719247264253,9.430599768110529,1,1,1,2,0,0,1,5,2,2,0,2,5,5,1996,1996,1,1,12,13,2,0.0,3,4,2,4,3,3,2,6.597145701886651,6,0.0,5.733341276897746,1040.0,1,4,1,4,6.946975992135418,0.0,0.0,6.946975992135418,1,0.0,1,0,3,0.6931471805599453,4,6,6,0,0,5,2000.0,3,2,576,3,3,2,5.1298987149230735,0.0,0.0,0.0,0.0,0.0,0,0,1,0.0,11,2009,8,4,152000.0,7.640123172695364,2,13,13,2.302585092994046,10,5.155216522907363,288.0,2.483623775975111,5.1298987149230735,0.0,0,0.6931471805599453,0.6931471805599453,0,11.931642378754141
608,2.995732273553991,3,4.356708826689592,8.961879012677683,1,1,3,0,0,4,1,7,2,2,0,5,5,8,1948,2002,1,1,8,8,2,0.0,3,4,1,3,4,3,2,6.403574197934815,6,0.0,5.683579767338681,896.0,1,5,1,4,7.013915474810528,6.799055862058796,0.0,7.60489448081162,1,0.0,3,0,3,0.6931471805599453,5,8,6,0,0,1,1948.0,3,1,230,3,3,2,4.6443908991413725,0.0,0.0,0.0,0.0,0.0,0,4,1,0.0,8,2006,8,4,225000.0,7.973844375944687,4,58,4,4.07753744390572,13,5.5254529391317835,230.0,1.3569845318660634,4.6443908991413725,0.0,0,0.6931471805599453,0.6931471805599453,0,12.323860125621126
609,4.248495242049359,3,4.356708826689592,9.406564833939129,1,1,3,1,0,4,1,6,2,2,0,5,8,6,1934,1998,1,1,3,14,2,0.0,3,3,2,4,3,2,1,6.061456918928017,6,0.0,6.2878585601617845,965.0,1,3,1,4,7.570443252057374,7.134890851565884,0.0,8.069029328774958,0,0.0,2,1,4,0.6931471805599453,3,10,6,2,4,2,1934.0,3,2,380,3,3,2,0.0,0.0,0.0,0.0,0.0,0.0,0,4,1,0.0,9,2007,8,2,359100.0,8.33302993974291,3,73,9,4.30406509320417,14,5.766444235780912,190.0,1.337535505164171,0.0,0.0,1,0.6931471805599453,0.6931471805599453,0,12.791358964949923
610,2.995732273553991,3,4.110873864173311,8.980046316633132,1,1,3,3,0,4,0,19,1,2,0,2,4,5,1961,1961,1,1,12,13,0,5.262690188904886,3,2,1,3,3,2,5,6.806829360392176,6,0.0,4.844187086458591,1029.0,1,4,1,4,6.9363427358340495,0.0,0.0,6.9363427358340495,1,0.0,1,0,3,0.6931471805599453,3,5,6,0,0,1,1961.0,3,1,261,3,3,2,4.174387269895637,0.0,3.6888794541139363,0.0,0.0,0.0,0,4,1,0.0,4,2007,8,4,118500.0,7.629489916393995,2,46,46,3.8501476017100584,9,5.326904823399949,261.0,2.0437035807990824,4.6443908991413725,0.0,0,0.6931471805599453,0.6931471805599453,1,11.682676678340282
611,4.0943445622221,3,4.248495242049359,9.3101857069459,1,1,3,3,0,4,0,5,4,2,0,5,9,5,2000,2000,3,1,12,13,1,5.3230099791384085,4,3,2,5,3,2,2,6.807934943699926,6,0.0,6.285998094508865,1440.0,1,5,1,4,7.297091005160418,6.519147287940395,0.0,7.674617497364363,1,0.0,2,1,3,0.6931471805599453,5,8,6,2,5,1,2000.0,0,3,736,3,3,2,5.537334267018537,4.962844630259907,0.0,0.0,0.0,0.0,0,4,1,0.0,5,2009,8,4,313000.0,8.186742787113518,4,9,9,2.302585092994046,14,5.595175955684527,245.33333333333334,1.6355682095815358,5.981414211254481,0.0,1,0.6931471805599453,0.6931471805599453,1,12.653961664405365
612,4.382026634673881,3,4.382026634673881,9.249080200292113,1,1,0,3,0,2,0,14,2,2,0,7,6,6,1978,1978,1,1,6,6,1,5.455321115357702,3,3,1,4,3,0,0,6.406879986069314,6,0.0,6.059123195581797,1032.0,1,3,1,4,6.939253946041508,0.0,0.0,6.939253946041508,0,0.6931471805599453,2,0,3,0.6931471805599453,3,6,6,1,3,1,1978.0,3,2,564,3,3,2,0.0,0.0,0.0,0.0,0.0,0.0,0,2,3,6.2166061010848646,7,2007,8,4,148000.0,7.6324011266014535,3,29,29,3.4011973816621555,12,5.147494476813453,282.0,2.309826254250605,0.0,0.0,1,0.6931471805599453,0.6931471805599453,1,11.904974309480183
613,4.0943445622221,3,4.248495242049359,9.383032379794294,1,1,3,3,0,4,0,5,2,2,0,5,8,5,2001,2001,1,1,12,13,1,4.6913478822291435,4,3,2,4,3,0,2,6.898714534329988,6,0.0,5.736572297479192,1299.0,1,5,1,4,7.1693500166706,6.352629396319567,0.0,7.534762657037537,1,0.0,2,1,3,0.6931471805599453,5,7,6,1,3,3,2001.0,2,2,531,3,3,2,5.081404364984463,4.812184355372417,0.0,0.0,0.0,0.0,0,4,1,0.0,11,2009,8,4,261500.0,8.061802274538348,4,8,8,2.1972245773362196,13,5.588852507982224,265.5,1.8482697227567568,5.645446897643238,0.0,1,0.6931471805599453,0.6931471805599453,1,12.474193386571581
614,2.995732273553991,3,4.248495242049359,9.036225051729327,1,1,3,3,0,4,0,11,1,2,0,2,5,5,2007,2007,1,1,12,13,2,0.0,3,3,2,4,3,3,0,5.332718793265369,6,0.0,6.818924065275521,1120.0,1,5,1,4,7.02108396428914,0.0,0.0,7.02108396428914,0,0.0,1,0,3,0.6931471805599453,3,6,6,0,0,6,0.0,1,0,0,0,0,2,0.0,3.4339872044851463,0.0,0.0,0.0,0.0,0,4,1,0.0,12,2007,6,5,147000.0,7.7142311448490855,1,0,0,7.60489448081162,10,5.2293244950610855,0.0,2.015141087440187,3.4339872044851463,0.0,0,0.6931471805599453,0.0,0,11.898194668458823
615,5.19295685089021,4,3.044522437723423,7.307202314764738,1,1,3,3,0,4,0,10,2,2,4,6,4,6,1972,1972,1,1,5,5,2,0.0,3,3,1,4,3,0,3,5.017279836814924,2,6.175867270105761,0.0,630.0,1,5,1,4,6.4457198193855785,0.0,0.0,6.4457198193855785,1,0.0,1,0,1,0.6931471805599453,3,3,6,0,0,6,0.0,1,0,0,0,0,2,4.574710978503383,3.2188758248682006,0.0,0.0,0.0,0.0,0,4,1,0.0,5,2010,8,4,75500.0,7.138866999945524,2,38,38,7.606387389772652,10,5.3471075307174685,0.0,0.8614824953791601,4.795790545596741,0.0,0,0.6931471805599453,0.0,0,11.231901180182515
616,4.442651256490317,3,4.382026634673881,9.082507000466299,1,1,3,3,0,4,0,12,1,2,0,6,6,7,1963,1963,1,1,8,8,1,5.056245805348308,3,4,2,3,3,1,2,6.638567789166521,6,0.0,5.159055299214529,936.0,1,5,1,4,6.960347729101308,0.0,0.0,6.960347729101308,1,0.0,1,0,3,0.6931471805599453,4,6,6,0,0,1,1963.0,2,2,480,3,3,2,4.795790545596741,0.0,0.0,0.0,0.0,0.0,0,2,1,0.0,5,2010,8,0,137500.0,7.595889917718538,2,47,47,3.871201010907891,13,5.168588259873252,240.0,2.1221592713649904,4.795790545596741,0.0,0,0.6931471805599453,0.6931471805599453,1,11.83138646878959
617,4.0943445622221,3,4.174387269895637,8.969669103793757,1,1,0,3,0,4,0,8,2,2,0,5,6,5,2002,2003,1,1,12,13,2,0.0,4,3,2,4,3,3,2,6.126869184114185,6,0.0,5.7899601708972535,783.0,1,5,1,4,6.693323668269949,6.555356891810665,0.0,7.319202458767849,1,0.0,2,1,3,0.6931471805599453,4,7,6,1,4,1,2002.0,0,2,393,3,3,2,4.61512051684126,4.330733340286331,0.0,0.0,0.0,0.0,0,4,1,0.0,6,2006,8,4,183200.0,7.73718007783463,4,4,3,1.6094379124341003,11,5.373292309712536,196.5,1.6504666450259076,5.170483995038151,0.0,1,0.6931471805599453,0.6931471805599453,0,12.118339189722553
618,3.8066624897703196,3,4.07753744390572,8.885579291282982,1,1,3,1,0,0,1,12,0,2,0,1,6,6,1954,1954,1,1,8,8,2,0.0,3,3,1,3,3,3,6,0.0,6,0.0,6.725033642166843,832.0,1,4,1,4,6.723832440821209,0.0,0.0,6.723832440821209,0,0.0,1,0,2,0.6931471805599453,4,4,6,0,0,5,1962.0,3,2,528,3,3,2,0.0,0.0,0.0,0.0,0.0,0.0,0,4,1,0.0,6,2008,8,4,105500.0,7.416979621381154,1,54,54,3.8501476017100584,12,5.337538079701318,264.0,2.1617468504617725,0.0,0.0,0,0.6931471805599453,0.6931471805599453,0,11.566475710526321
619,2.995732273553991,3,4.499809670330265,9.366831168735615,1,1,3,3,0,4,0,16,2,2,0,2,9,5,2007,2007,3,1,5,5,1,6.115892125483034,5,3,2,5,3,0,2,3.8918202981106265,6,0.0,7.4815557019095165,1822.0,1,5,1,4,7.510977752014095,0.0,0.0,7.510977752014095,0,0.0,2,0,3,0.6931471805599453,4,9,6,1,4,1,2007.0,3,3,774,3,3,2,0.0,4.6913478822291435,0.0,0.0,5.564520407322694,0.0,0,4,1,0.0,7,2007,6,5,314813.0,8.202482446576537,2,0,0,0.0,14,5.313753174677876,258.0,1.8558534167215204,5.910796644040527,0.0,1,0.6931471805599453,0.6931471805599453,1,12.659737267217572
620,4.0943445622221,3,4.442651256490317,9.412791300065303,1,1,3,3,0,4,0,23,2,2,0,5,8,5,2003,2003,3,1,12,13,3,5.424950017481403,4,3,2,4,3,1,2,6.77078942390898,6,0.0,6.416732282512326,1482.0,1,5,1,4,7.301147805856032,6.660575149839686,0.0,7.724004656676065,1,0.0,2,1,4,0.6931471805599453,4,10,6,2,4,1,2003.0,0,3,749,3,3,2,5.1298987149230735,0.0,0.0,0.0,0.0,0.0,0,4,1,0.0,8,2008,8,4,305000.0,8.227909837597483,4,5,5,1.791759469228055,13,5.42141956368202,249.66666666666666,1.6887866433892373,5.1298987149230735,0.0,1,0.6931471805599453,0.6931471805599453,1,12.628070334272698
621,3.4011973816621555,3,3.8066624897703196,9.017726025696795,1,0,3,3,0,4,0,7,2,2,0,2,3,3,1914,1950,1,1,11,12,2,0.0,3,3,0,3,3,3,1,3.7376696182833684,6,0.0,6.714170529909472,864.0,1,3,0,1,6.761572768804055,0.0,0.0,6.761572768804055,1,0.0,1,0,2,0.6931471805599453,3,5,6,0,0,6,0.0,1,0,0,0,0,0,0.0,0.0,4.61512051684126,0.0,0.0,0.0,0,4,1,0.0,9,2008,8,4,67000.0,7.454719949364001,2,94,58,7.605392364814935,6,5.152134856369956,0.0,2.2561532568927403,4.61512051684126,0.0,0,0.6931471805599453,0.0,0,11.112462823634855
622,4.0943445622221,3,4.499809670330265,9.287301413112312,1,1,3,3,0,4,0,14,2,2,0,5,6,7,1974,1997,1,1,6,6,2,0.0,3,3,1,3,3,3,0,6.863803391452954,5,5.209486152841421,5.953243334287785,1522.0,1,3,1,4,7.344719054149673,6.9726062513017535,0.0,7.868636894184167,0,0.0,2,1,4,0.6931471805599453,3,9,6,1,3,1,1974.0,2,2,624,3,3,2,3.6635616461296463,5.497168225293202,0.0,0.0,0.0,0.0,0,4,1,0.0,6,2008,8,4,240000.0,8.327484416188264,3,34,11,3.5553480614894135,13,5.671412316847948,312.0,1.418664518928144,5.641907070938114,0.0,1,0.6931471805599453,0.6931471805599453,0,12.388398368982115
623,2.995732273553991,3,4.2626798770413155,8.862766742283796,1,1,3,3,0,4,0,19,2,2,0,2,5,6,1977,1977,1,1,9,10,1,5.0369526024136295,3,3,1,3,3,3,1,6.329720905522696,6,0.0,6.042632833682381,980.0,1,3,1,4,6.887552571664617,0.0,0.0,6.887552571664617,0,0.0,1,0,3,0.6931471805599453,3,6,6,0,0,5,1986.0,3,2,484,3,3,2,5.262690188904886,0.0,0.0,0.0,0.0,0.0,0,4,1,0.0,7,2009,8,4,135000.0,7.580699752224563,1,32,32,3.1780538303479458,11,5.095793102436563,242.0,1.9752141706191784,5.262690188904886,0.0,0,0.6931471805599453,0.6931471805599453,1,11.813037464800539
624,5.075173815233827,1,4.297285406218791,7.6577552711348655,1,1,3,3,0,4,0,21,2,2,4,5,6,5,2000,2000,1,1,8,8,1,6.2422232654551655,4,3,2,4,3,3,2,6.042632833682381,6,0.0,5.820082930352362,756.0,1,5,1,4,6.628041376179533,6.6293632534374485,0.0,7.321188556739478,0,0.0,2,1,2,0.6931471805599453,4,4,6,1,3,5,2000.0,3,2,440,3,3,2,0.0,3.4965075614664802,0.0,0.0,0.0,0.0,0,4,1,0.0,6,2007,8,4,168500.0,7.7266536648476425,3,7,7,2.0794415416798357,11,5.934894195619588,220.0,0.3365667143953868,3.4965075614664802,0.0,1,0.6931471805599453,0.6931471805599453,1,12.034696963475044
625,4.0943445622221,3,4.382026634673881,9.249561085129464,1,1,3,3,0,4,0,14,2,2,0,5,6,5,1972,1972,1,1,12,13,2,5.666426688112432,3,3,1,3,3,3,5,5.5134287461649825,6,0.0,6.186208623900494,732.0,1,4,1,4,6.919683849847411,6.658011045870748,0.0,7.489970898834801,1,0.0,1,2,4,0.6931471805599453,3,8,3,1,3,1,1972.0,2,2,484,3,3,2,5.003946305945459,0.0,0.0,0.0,4.997212273764115,0.0,0,4,1,0.0,11,2006,8,4,165150.0,7.8328075165248645,4,34,34,3.5553480614894135,11,5.410529357154965,242.0,1.7595901862946635,5.69035945432406,0.0,1,0.6931471805599453,0.6931471805599453,1,12.014615485902027
626,2.995732273553991,3,4.465908118654584,9.210340371976184,1,1,0,3,0,0,0,12,2,2,0,2,6,6,1962,1962,3,1,13,14,1,5.568344503761097,3,3,1,3,3,3,6,0.0,6,0.0,7.018401799069201,1116.0,1,3,1,4,7.017506142941256,0.0,0.0,7.017506142941256,0,0.0,1,1,3,0.6931471805599453,3,5,6,0,0,1,1962.0,3,2,440,3,3,2,0.0,0.0,0.0,0.0,5.955837369464831,0.0,0,4,1,0.0,2,2010,8,4,160000.0,7.710653323501202,2,48,48,3.8918202981106265,12,5.408068230507156,220.0,2.1928342290349265,5.955837369464831,0.0,0,0.6931471805599453,0.6931471805599453,1,11.982935344196433
627,2.995732273553991,3,4.290459441148391,9.420763358881013,1,1,0,3,0,4,0,12,2,2,0,2,5,5,1960,1978,3,1,13,14,2,0.0,3,3,1,3,3,3,6,0.0,6,0.0,6.88653164253051,978.0,1,3,1,4,7.259819610363186,0.0,0.0,7.259819610363186,0,0.0,1,0,3,0.6931471805599453,3,6,2,1,3,1,1960.0,2,1,286,3,3,2,0.0,0.0,3.6109179126442243,0.0,0.0,0.0,0,1,3,6.398594934535208,8,2007,8,4,139900.0,7.783224016336037,1,47,29,3.871201010907891,10,5.4680601411351315,286.0,2.160943748517826,3.6109179126442243,0.0,1,0.6931471805599453,0.6931471805599453,0,11.848690308590857
628,4.382026634673881,3,4.382026634673881,9.169518377455928,1,1,3,3,0,4,0,12,2,2,0,7,6,6,1955,1972,1,1,0,0,1,5.10594547390058,3,3,1,3,3,0,1,6.51471269087253,3,4.890349128221754,5.860786223465865,1156.0,1,5,1,4,7.326465613840322,0.0,0.0,7.326465613840322,1,0.0,1,0,3,0.6931471805599453,3,7,6,2,4,2,1955.0,2,1,364,3,3,2,0.0,0.0,5.247024072160486,0.0,0.0,0.0,0,4,1,0.0,3,2010,8,4,153000.0,7.892078421248119,2,55,38,4.02535169073515,12,5.380555464785009,364.0,1.8430527636156055,5.247024072160486,0.0,1,0.6931471805599453,0.6931471805599453,1,11.938199736300925
629,4.0943445622221,3,4.248495242049359,9.359277484750553,1,1,0,1,0,4,2,12,2,2,0,5,5,5,1969,1969,1,1,9,10,1,5.262690188904886,3,3,2,4,3,0,5,6.478509642208569,6,0.0,5.968707559985366,1040.0,1,3,1,4,6.946975992135418,6.947937068614969,0.0,7.640123172695364,0,0.6931471805599453,1,2,5,0.6931471805599453,2,9,6,2,3,1,1969.0,3,2,504,3,3,2,5.817111159963204,0.0,0.0,0.0,0.0,0.0,0,4,1,0.0,9,2007,8,3,135000.0,8.045588280803528,4,38,38,3.6635616461296463,10,5.442898595359145,252.0,1.71915431205519,5.817111159963204,0.0,1,0.6931471805599453,0.6931471805599453,1,11.813037464800539
630,4.382026634673881,3,4.406719247264253,9.10719961305667,1,1,3,3,0,0,0,12,1,2,0,7,6,5,1964,1964,1,7,9,14,1,5.560681631015528,3,3,1,3,3,1,2,6.437751649736401,5,5.820082930352362,5.666426688112432,1248.0,1,3,1,4,7.2078598714324755,0.0,0.0,7.2078598714324755,1,0.0,1,1,3,0.6931471805599453,3,6,6,0,0,1,1964.0,2,2,520,3,3,2,5.176149732573829,0.0,0.0,0.0,0.0,0.0,0,0,1,0.0,6,2008,8,4,168500.0,7.862497197230545,3,44,44,3.8066624897703196,11,5.41610040220442,260.0,1.8993397416241942,5.176149732573829,0.0,0,0.6931471805599453,0.6931471805599453,1,12.034696963475044
631,4.248495242049359,4,3.912023005428146,9.104979856318357,1,0,3,3,0,0,0,17,0,2,0,5,5,6,1880,1991,1,1,12,13,2,0.0,3,3,0,2,2,3,6,0.0,6,0.0,6.456769655572163,636.0,1,3,1,0,6.9930151229329605,6.495265555937008,0.0,7.4673710669175595,0,0.0,1,0,3,0.6931471805599453,5,8,6,0,0,5,1937.0,3,1,240,2,1,0,0.0,0.0,5.683579767338681,0.0,0.0,0.0,0,2,1,0.0,6,2006,8,0,124000.0,7.777373602657861,1,126,15,4.248495242049359,11,5.387929525237724,240.0,1.6376087894007967,5.683579767338681,0.0,0,0.6931471805599453,0.6931471805599453,0,11.728044909070785
632,4.787491742782046,3,3.5263605246161616,8.431635303054591,1,1,3,3,0,4,0,16,2,2,3,2,8,5,2006,2006,1,1,12,13,3,4.6913478822291435,4,3,2,4,4,2,2,3.2188758248682006,6,0.0,7.333676395657684,1554.0,1,5,1,4,7.348587530927593,0.0,0.0,7.348587530927593,0,0.0,2,0,2,0.6931471805599453,4,6,6,1,4,1,2006.0,2,2,627,3,3,2,5.056245805348308,4.30406509320417,0.0,0.0,0.0,0.0,0,4,1,0.0,8,2007,8,4,209500.0,8.041734711487537,2,1,1,0.6931471805599453,13,5.556828061699537,313.5,1.0830477721269982,5.438079308923196,0.0,1,0.6931471805599453,0.6931471805599453,1,12.252483791602627
633,2.995732273553991,3,4.442651256490317,9.38429367909962,1,1,3,3,0,4,0,14,2,2,0,2,7,5,1977,1977,3,1,9,10,1,5.3471075307174685,3,4,1,3,3,3,0,6.71295620067707,6,0.0,6.336825731146441,1386.0,1,3,1,4,7.252053951852814,0.0,0.0,7.252053951852814,0,0.0,2,0,3,0.6931471805599453,3,6,6,1,3,1,1977.0,0,2,544,3,3,2,5.262690188904886,0.0,0.0,0.0,0.0,0.0,0,4,1,0.0,4,2009,8,3,82500.0,7.936302693201959,2,32,32,3.4965075614664802,12,5.460294482624759,272.0,2.1322397272468065,5.262690188904886,0.0,1,0.6931471805599453,0.6931471805599453,1,11.320565693461432
634,2.995732273553991,3,4.382026634673881,9.132378830506472,1,1,3,3,0,0,0,12,2,2,0,2,5,7,1954,2005,1,1,13,14,2,0.0,3,3,1,3,3,3,1,6.175867270105761,3,6.150602768446279,4.6913478822291435,1056.0,1,3,1,4,6.962243464266207,0.0,0.0,6.962243464266207,0,0.6931471805599453,1,0,3,0.6931471805599453,3,6,6,0,0,1,1954.0,3,1,260,3,3,2,5.968707559985366,0.0,0.0,0.0,0.0,0.0,0,4,1,0.0,7,2007,8,4,139400.0,7.655390644826152,2,53,2,3.9889840465642745,12,5.170483995038151,260.0,2.170135366240264,5.968707559985366,0.0,0,0.6931471805599453,0.6931471805599453,0,11.845109950883979
635,4.499809670330265,3,4.1588830833596715,8.850660919017152,1,1,3,3,0,4,0,17,2,2,2,6,6,5,1980,1980,1,1,9,10,2,0.0,3,3,1,3,3,3,2,6.963189985870238,6,0.0,0.0,1056.0,1,4,1,4,6.962243464266207,0.0,0.0,6.962243464266207,2,0.0,0,0,0,1.0986122886681098,3,4,6,0,0,5,1980.0,3,2,576,3,3,2,5.579729825986222,4.04305126783455,0.0,0.0,0.0,0.0,0,0,3,6.398594934535208,6,2010,8,4,144000.0,7.655390644826152,2,30,30,3.4339872044851463,11,5.575949103146316,288.0,1.888417454750945,5.771441123130016,0.0,0,0.6931471805599453,0.6931471805599453,0,11.87757552297847
636,5.247024072160486,2,4.0943445622221,9.296151028389293,1,2,3,0,0,4,0,18,1,2,1,3,6,7,1914,1995,3,1,12,13,2,0.0,2,3,1,3,2,3,3,5.54907608489522,6,0.0,7.077498053569231,1440.0,1,5,1,0,7.272398392570047,7.273092595999522,6.246106765481563,8.130059039992796,0,0.0,2,0,8,1.0986122886681098,2,14,6,0,0,6,0.0,1,0,0,0,0,0,0.0,4.709530201312334,0.0,0.0,0.0,0.0,0,4,1,0.0,3,2007,8,0,200000.0,8.371010681238156,2,93,12,7.60489448081162,13,5.491001710377538,0.0,1.166091988396497,4.709530201312334,0.0,0,0.6931471805599453,0.0,0,12.206077645517674
637,3.4011973816621555,4,3.9318256327243257,8.719317375506371,1,1,3,3,0,4,0,3,2,2,0,2,2,3,1936,1950,1,1,0,0,2,0.0,2,2,0,3,2,3,6,0.0,6,0.0,5.579729825986222,264.0,3,2,0,0,6.684611727667927,0.0,0.0,6.684611727667927,0,0.0,1,0,1,0.6931471805599453,2,4,0,1,1,6,0.0,1,0,0,0,0,0,0.0,0.0,0.0,0.0,0.0,0.0,0,4,1,0.0,1,2009,5,4,60000.0,6.96979066990159,1,73,59,7.605890001053122,5,5.298317366548036,0.0,2.0347056478384444,0.0,0.0,1,0.6931471805599453,0.0,0,11.002116507732017
638,5.247024072160486,4,3.912023005428146,8.699514748210191,1,1,3,3,0,4,0,17,2,2,1,0,5,4,1954,1954,1,1,13,14,2,0.0,3,3,1,3,3,3,6,0.0,6,0.0,6.699500340161678,811.0,1,3,1,0,6.698268054115413,6.3578422665081,0.0,7.234898420314831,0,0.0,2,0,3,1.0986122886681098,4,7,6,0,0,3,1954.0,3,1,256,3,3,2,0.0,0.0,0.0,0.0,0.0,0.0,0,4,1,0.0,11,2009,8,4,93000.0,7.6953031349635665,2,55,55,4.02535169073515,9,5.288988271259519,256.0,1.4646163278953603,0.0,0.0,0,0.6931471805599453,0.6931471805599453,0,11.440365524765756
639,3.4011973816621555,3,4.204692619390966,9.079889942592118,1,1,3,3,0,4,0,7,1,2,0,2,5,7,1910,1950,1,1,8,14,2,0.0,3,3,1,2,3,3,6,0.0,6,0.0,6.680854678790215,796.0,1,4,1,0,6.679599185844383,0.0,0.0,6.679599185844383,0,0.0,1,0,2,0.6931471805599453,3,4,6,0,0,6,0.0,1,0,0,0,0,1,5.796057750765372,0.0,5.10594547390058,0.0,0.0,0.0,0,2,1,0.0,5,2008,8,4,85000.0,7.3727463664043285,1,98,58,7.605392364814935,12,5.293304824724492,0.0,2.4002907567477347,6.20050917404269,0.0,0,0.6931471805599453,0.0,0,11.350418300109132
640,4.787491742782046,3,3.970291913552122,8.289539484624141,1,1,3,3,0,4,0,0,2,2,4,2,8,5,2006,2006,3,1,12,13,2,0.0,4,3,2,4,4,0,2,7.051855622955894,6,0.0,5.905361848054571,1520.0,1,5,1,4,7.356918242356021,0.0,0.0,7.356918242356021,1,0.0,2,0,1,0.6931471805599453,5,7,6,1,4,1,2006.0,0,3,648,3,3,2,5.746203190540153,0.0,0.0,0.0,0.0,0.0,0,4,1,0.0,10,2006,6,5,264561.0,8.034955024502159,3,0,0,0.0,13,5.411008093300707,216.0,0.9326212422681208,5.746203190540153,0.0,1,0.6931471805599453,0.6931471805599453,0,12.485830907348902
641,4.787491742782046,3,4.127134385045092,9.447544606938727,1,1,0,3,0,4,0,16,2,2,4,2,8,5,2003,2004,3,1,8,8,1,6.159095388491933,5,3,2,5,3,1,2,7.105786129481271,6,0.0,5.707110264748875,1518.0,1,5,1,4,7.325148957955575,0.0,0.0,7.325148957955575,0,0.0,1,1,1,0.6931471805599453,5,6,6,1,4,1,2003.0,2,2,588,3,3,2,5.225746673713202,4.948759890378168,0.0,0.0,0.0,0.0,0,4,1,0.0,4,2008,8,4,274000.0,8.01829613851552,2,5,4,1.791759469228055,13,5.53338948872752,294.0,2.1223956489831517,5.786897381366708,0.0,1,0.6931471805599453,0.6931471805599453,1,12.520887034998584
642,4.0943445622221,1,4.297285406218791,8.860782895806315,1,1,3,3,0,4,0,21,2,2,0,5,7,5,2001,2001,1,1,12,13,2,0.0,4,3,2,4,3,3,2,6.6052979209482015,6,0.0,5.768320995793772,1057.0,1,5,1,4,6.963189985870238,6.771935555839602,0.0,7.564757012905729,1,0.0,2,1,3,0.6931471805599453,4,7,6,1,3,1,2001.0,0,2,650,3,3,2,0.0,5.4638318050256105,0.0,0.0,0.0,0.0,0,4,1,0.0,5,2007,8,4,226000.0,8.001689978099135,4,6,6,1.9459101490553132,12,5.618846863850416,325.0,1.2960258829005853,5.4638318050256105,0.0,1,0.6931471805599453,0.6931471805599453,0,12.328294703023394
643,4.382026634673881,3,4.31748811353631,9.536762272743895,1,1,3,3,0,4,0,12,2,2,0,7,8,7,1972,1995,1,1,9,14,2,0.0,4,3,1,4,3,1,2,7.252053951852814,6,0.0,6.297109319933935,1952.0,1,4,1,4,7.600902459542082,6.558197802812269,0.0,7.902487437162855,1,0.0,2,1,4,0.6931471805599453,5,9,6,3,3,1,1972.0,0,2,538,3,3,2,5.598421958998375,4.718498871295094,0.0,0.0,0.0,0.0,0,2,1,0.0,7,2009,8,4,345000.0,8.445911989411274,4,37,14,3.6375861597263857,15,5.705262859826635,269.0,1.6342748355810395,5.942799375126701,0.0,1,0.6931471805599453,0.6931471805599453,0,12.75130259456002
644,4.0943445622221,3,4.382026634673881,9.286653054825347,1,1,3,3,0,4,0,14,6,2,0,5,5,5,1969,1969,4,1,14,6,1,5.575949103146316,3,3,1,3,3,3,5,6.202535517187923,1,5.662960480135946,0.0,780.0,1,5,1,4,6.659293919683638,6.734591659972948,0.0,7.3901814282264295,0,0.0,2,1,4,0.6931471805599453,3,7,2,0,0,1,1969.0,0,2,462,3,3,2,5.342334251964811,0.0,0.0,0.0,0.0,0.0,0,1,1,0.0,4,2007,8,4,152000.0,7.783224016336037,3,38,38,3.6635616461296463,10,5.444271279171116,231.0,1.8964716265989165,5.342334251964811,0.0,0,0.6931471805599453,0.6931471805599453,1,11.931642378754141
645,2.995732273553991,1,4.442651256490317,9.125544720271467,1,1,3,3,0,4,0,21,2,2,0,2,9,5,2009,2009,1,1,5,5,3,5.093750200806762,5,3,2,5,3,2,2,7.022868086082641,6,0.0,6.470799503782602,1766.0,1,5,1,4,7.476472381163905,0.0,0.0,7.476472381163905,1,0.0,2,1,2,0.6931471805599453,5,7,6,1,4,1,2009.0,0,3,478,3,3,2,5.278114659230517,4.875197323201151,0.0,0.0,0.0,0.0,0,4,1,0.0,10,2009,6,5,370878.0,8.16961956172385,4,0,0,0.0,14,5.530562232108592,159.33333333333334,1.649072339107561,5.786897381366708,0.0,1,0.6931471805599453,0.6931471805599453,1,12.823631142839984
646,2.995732273553991,3,4.290459441148391,9.261983605128021,1,1,0,3,0,0,0,12,2,2,0,2,6,5,1971,1971,3,1,9,10,2,0.0,3,3,1,3,3,3,0,5.645446897643238,3,3.58351893845611,6.499787040655854,981.0,1,3,1,4,6.8885724595653635,0.0,0.0,6.8885724595653635,1,0.0,1,1,3,0.6931471805599453,3,5,6,0,0,5,1979.0,3,2,576,3,3,2,0.0,5.746203190540153,3.713572066704308,0.0,0.0,0.0,0,4,1,0.0,3,2007,8,4,143250.0,7.581719640125308,3,36,36,3.367295829986474,11,5.279134547131263,288.0,2.373411145562658,5.8664680569332965,0.0,0,0.6931471805599453,0.6931471805599453,0,11.872353615355413
647,2.995732273553991,3,4.0943445622221,8.881836305004146,1,1,3,3,0,4,0,12,2,2,0,2,5,5,1950,1950,3,1,8,8,2,0.0,3,3,1,0,0,4,4,0.0,4,0.0,0.0,0.0,1,4,1,4,6.954638864880987,0.0,0.0,6.954638864880987,0,0.0,1,0,3,0.6931471805599453,3,7,2,0,0,5,1950.0,3,2,420,3,3,2,0.0,3.332204510175204,0.0,0.0,0.0,0.0,0,4,1,0.0,7,2008,8,4,98300.0,6.954638864880987,1,58,58,4.07753744390572,10,5.008728715825674,210.0,1.9271974401231593,3.332204510175204,0.0,0,0.0,0.6931471805599453,0,11.495789479023493
648,2.995732273553991,3,4.442651256490317,9.254548626640503,1,1,0,3,0,4,0,7,2,2,0,2,6,5,1953,1953,3,1,13,14,3,5.37989735354046,3,3,1,3,3,2,5,6.2166061010848646,6,0.0,6.38856140554563,1094.0,1,5,1,4,6.9975959829819265,0.0,0.0,6.9975959829819265,0,0.0,1,0,3,0.6931471805599453,3,5,6,2,4,1,1953.0,2,2,495,3,3,2,0.0,0.0,0.0,0.0,5.662960480135946,0.0,0,4,1,0.0,6,2008,8,4,155000.0,7.690743163541872,1,55,55,4.02535169073515,11,5.388158070547826,247.5,2.2569526436585767,5.662960480135946,0.0,1,0.6931471805599453,0.6931471805599453,1,11.951186847493476
649,4.0943445622221,3,4.248495242049359,8.948975607841776,1,1,3,3,0,4,0,12,4,2,0,5,6,5,1966,1966,1,1,8,8,1,5.863631175598097,3,3,1,3,3,3,6,0.0,6,0.0,6.6293632534374485,756.0,1,3,1,4,6.957497370876951,6.670766320845874,0.0,7.516977224604321,0,0.0,1,1,4,0.6931471805599453,3,7,6,1,3,1,1966.0,3,2,442,3,3,2,0.0,4.8283137373023015,5.37989735354046,0.0,0.0,0.0,0,4,1,0.0,6,2010,8,4,155000.0,7.861341795599989,2,44,44,3.8066624897703196,11,5.571067075549008,221.0,1.431998383237454,5.831882477283517,0.0,1,0.6931471805599453,0.6931471805599453,1,11.951186847493476
650,5.19295685089021,4,3.044522437723423,7.568379267836522,1,1,3,3,0,4,0,10,2,2,3,6,4,6,1970,1970,1,1,5,5,2,0.0,3,3,1,4,3,0,1,4.882801922586371,2,6.214608098422191,0.0,630.0,1,4,1,4,6.4457198193855785,0.0,0.0,6.4457198193855785,1,0.0,1,0,1,0.6931471805599453,3,3,6,0,0,6,0.0,1,0,0,0,0,2,0.0,0.0,0.0,0.0,0.0,0.0,0,2,1,0.0,12,2007,8,4,84500.0,7.138866999945524,2,37,37,7.60489448081162,10,5.3471075307174685,0.0,1.122659448450944,0.0,0.0,0,0.6931471805599453,0.0,0,11.344518647594766
651,4.0943445622221,1,4.174387269895637,9.002701007197938,1,1,3,3,0,4,0,21,2,2,0,5,7,6,2007,2007,1,1,5,5,2,0.0,4,3,2,4,3,3,6,0.0,6,0.0,6.70196036600254,813.0,1,5,1,4,6.71174039505618,6.738152494595957,0.0,7.417580402414544,0,0.0,2,1,3,0.6931471805599453,4,7,6,0,0,1,2007.0,2,2,562,3,3,2,0.0,0.0,0.0,0.0,0.0,0.0,0,4,1,0.0,5,2008,8,4,205950.0,7.815207062189088,3,1,1,0.6931471805599453,13,5.471670253359231,281.0,1.5851206047833941,0.0,0.0,0,0.6931471805599453,0.6931471805599453,0,12.235393555399902
652,4.248495242049359,3,4.0943445622221,9.114269903225448,1,1,3,3,0,4,0,7,0,2,0,5,4,5,1940,1950,1,1,8,8,2,0.0,3,3,1,3,3,2,6,0.0,6,0.0,6.628041376179533,755.0,1,3,1,4,6.626717749249025,6.628041376179533,0.0,7.31986492980897,1,0.0,1,0,4,0.6931471805599453,3,7,6,1,4,5,1940.0,3,1,296,2,1,1,4.795790545596741,0.0,0.0,0.0,0.0,0.0,0,2,1,0.0,10,2009,8,4,108000.0,7.725330037917135,2,69,59,4.248495242049359,9,5.373954780753657,296.0,1.794404973416479,4.795790545596741,0.0,1,0.6931471805599453,0.6931471805599453,0,11.58989576532275
653,4.0943445622221,3,4.248495242049359,9.07680897935166,1,1,3,3,0,4,0,5,2,2,0,5,7,5,1996,1996,1,1,12,13,2,0.0,4,3,2,4,3,3,6,0.0,6,0.0,6.78105762593618,880.0,1,5,1,4,6.812345094177479,6.694562058521095,0.0,7.447751280047908,0,0.0,2,1,2,0.6931471805599453,4,7,6,1,3,1,1996.0,2,2,512,3,3,2,0.0,4.795790545596741,0.0,0.0,0.0,0.0,0,4,1,0.0,7,2009,8,4,191000.0,7.86172707782398,3,13,13,2.6390573296152584,12,5.501841130992594,256.0,1.6290576993037524,4.795790545596741,0.0,1,0.6931471805599453,0.6931471805599453,0,12.160033942617156
654,3.912023005428146,4,4.0943445622221,9.241839039035554,1,0,3,3,0,4,0,9,2,2,0,0,6,7,1906,1995,1,1,8,8,2,0.0,3,3,1,3,3,3,6,0.0,6,0.0,6.6293632534374485,756.0,1,5,1,4,6.628041376179533,6.570882962339584,0.0,7.292337176173877,0,0.0,1,0,3,0.6931471805599453,3,7,6,0,0,5,1906.0,3,1,216,3,3,2,4.060443010546419,0.0,5.480638923341991,0.0,0.0,0.0,0,2,1,0.0,6,2008,8,4,135000.0,7.707512194600341,1,102,13,4.634728988229636,13,5.346427027118564,216.0,1.9495018628616765,5.6937321388027,0.0,0,0.6931471805599453,0.6931471805599453,0,11.813037464800539
655,2.995732273553991,3,4.51085950651685,9.253112463820052,1,1,0,3,0,4,0,15,2,2,0,2,8,6,1995,1995,3,1,8,8,1,6.493753839851686,4,4,2,4,3,1,2,7.436617265234227,6,0.0,6.025865973825314,2109.0,1,5,1,4,7.655864017616056,0.0,0.0,7.655864017616056,1,0.0,2,1,2,0.6931471805599453,4,7,6,1,3,1,1995.0,0,3,839,3,3,2,5.4680601411351315,3.8501476017100584,0.0,0.0,0.0,0.0,0,4,1,0.0,8,2008,8,4,350000.0,8.348064228408266,4,13,13,2.6390573296152584,14,5.709953868560743,279.6666666666667,1.597248446203995,5.645446897643238,0.0,1,0.6931471805599453,0.6931471805599453,1,12.765691290604371
656,5.075173815233827,4,3.044522437723423,7.426549072397305,1,1,3,3,0,4,0,2,2,2,3,5,6,5,1971,1971,1,1,6,7,1,5.945420608606575,3,3,1,3,3,3,6,0.0,6,0.0,6.26530121273771,525.0,1,3,1,4,6.263398262591624,6.342121418721152,0.0,6.9957661563048505,0,0.0,1,1,3,0.6931471805599453,3,6,6,0,0,5,1971.0,3,1,264,3,3,2,0.0,0.0,0.0,0.0,0.0,0.0,0,4,1,0.0,3,2010,8,3,88000.0,7.388327859577107,2,39,39,3.6888794541139363,11,5.204006687076795,264.0,0.43078291609245434,0.0,0.0,0,0.6931471805599453,0.6931471805599453,1,11.385103457032141
657,2.995732273553991,3,4.276666119016055,9.211040127090456,1,1,0,3,0,4,0,12,2,2,0,2,5,7,1959,2006,1,1,6,6,1,4.007333185232471,4,3,1,3,3,3,0,6.693323668269949,6,0.0,5.5134287461649825,1053.0,1,5,1,4,6.959398512133975,0.0,0.0,6.959398512133975,1,0.0,1,1,3,0.6931471805599453,4,5,6,0,0,1,1959.0,2,1,312,3,3,2,0.0,0.0,0.0,0.0,0.0,0.0,0,2,1,0.0,8,2008,8,4,145500.0,7.652545692693921,3,49,2,3.912023005428146,12,5.349960599699875,312.0,2.2516416149564806,0.0,0.0,0,0.6931471805599453,0.6931471805599453,1,11.8879382384223
658,4.248495242049359,3,4.0943445622221,8.881836305004146,1,1,3,1,0,4,1,6,2,2,0,5,7,6,1931,2000,1,1,11,15,2,0.0,3,2,0,4,3,3,6,0.0,6,0.0,6.655440350367647,776.0,1,3,1,4,6.7464121285733745,6.480044561926653,0.0,7.31455283232408,0,0.0,1,1,3,0.6931471805599453,3,6,6,1,4,1,1931.0,2,1,270,3,3,1,0.0,0.0,4.727387818712341,0.0,0.0,0.0,0,2,1,0.0,2,2008,8,4,149000.0,7.731053144007127,2,77,8,4.356708826689592,13,5.522793363096025,270.0,1.5672834726800666,4.727387818712341,0.0,1,0.6931471805599453,0.6931471805599453,0,11.91170829631447
659,3.912023005428146,3,4.356708826689592,9.770127573790836,1,1,3,3,0,4,0,12,0,2,0,0,6,5,1948,1950,1,1,12,13,2,0.0,3,3,1,3,3,3,6,0.0,6,0.0,6.816735880594968,912.0,1,3,1,4,6.815639990074331,6.304448802421981,0.0,7.284820912568604,0,0.6931471805599453,1,0,3,0.6931471805599453,3,6,6,1,4,1,1948.0,3,1,330,3,3,2,5.262690188904886,0.0,0.0,0.0,0.0,0.0,0,4,1,0.0,1,2010,8,0,97500.0,7.7706452341291765,2,62,60,4.143134726391533,11,5.493061443340548,330.0,2.485306661222232,5.262690188904886,0.0,1,0.6931471805599453,0.6931471805599453,0,11.487617913343598
660,2.995732273553991,3,4.31748811353631,9.204020443231363,1,1,3,3,0,0,0,7,2,2,0,2,5,7,1964,1999,3,1,8,8,2,0.0,3,4,2,3,3,3,1,6.45833828334479,6,0.0,6.745236349484363,1486.0,1,5,1,4,7.303843225277705,0.0,0.0,7.303843225277705,1,0.0,1,0,3,0.6931471805599453,3,7,6,0,0,5,1968.0,0,2,480,3,3,2,0.0,0.0,0.0,0.0,0.0,0.0,0,2,1,0.0,3,2009,8,4,167000.0,7.99699040583765,2,45,10,3.7376696182833684,12,5.357933076222391,240.0,1.900177217953659,0.0,0.0,0,0.6931471805599453,0.6931471805599453,0,12.025755079404917
661,4.0943445622221,3,4.382026634673881,9.424160595829509,1,1,3,3,0,1,0,14,2,2,0,5,7,7,1976,1976,1,1,9,10,1,5.455321115357702,3,3,1,4,3,3,6,0.0,6,0.0,6.677083461247136,793.0,1,3,1,4,7.040536390215956,6.677083461247136,0.0,7.5678626054638825,0,0.0,2,1,3,0.6931471805599453,3,7,6,1,3,1,1976.0,2,2,550,3,3,2,0.0,4.736198448394496,5.53338948872752,0.0,0.0,0.0,0,4,1,0.0,11,2007,8,4,197900.0,7.911324018963353,3,31,31,3.4657359027997265,14,5.621952456408569,275.0,1.8562979903656263,5.902633333401366,0.0,1,0.6931471805599453,0.6931471805599453,1,12.19552218463499
662,4.0943445622221,3,3.9512437185814275,10.74911974074705,1,1,1,3,0,1,0,15,2,2,0,5,8,7,1994,2005,3,1,12,13,1,6.270988431858299,4,3,2,4,4,3,2,7.216709486709457,5,5.198497031265826,4.48863636973214,1629.0,1,5,1,4,7.430114138561801,6.637258031284457,0.0,7.803026643632217,1,0.0,2,1,4,0.6931471805599453,4,8,6,1,3,1,1994.0,2,3,711,3,3,2,6.249975242259483,4.343805421853684,0.0,0.0,0.0,0.0,0,4,1,0.0,7,2009,8,4,402000.0,8.313116702819253,4,15,4,2.772588722239781,15,5.723585101952381,237.0,2.946093097114834,6.386879319362645,0.0,1,0.6931471805599453,0.6931471805599453,1,12.904209855160254
663,2.995732273553991,3,4.787491742782046,9.514879561494386,1,1,3,3,0,0,0,12,2,2,0,2,6,3,1968,1968,3,1,13,14,1,5.37989735354046,3,3,1,2,2,3,6,0.0,6,0.0,7.239214973779806,1392.0,1,4,1,4,7.238496840894365,0.0,0.0,7.238496840894365,1,0.0,1,0,2,0.6931471805599453,3,5,1,2,3,1,1968.0,2,2,576,3,3,2,0.0,0.0,5.484796933490655,0.0,0.0,0.0,0,4,1,0.0,7,2009,8,4,110000.0,7.931644021454311,2,41,41,3.7376696182833684,9,5.629058928460265,288.0,2.276382720600022,5.484796933490655,0.0,1,0.6931471805599453,0.6931471805599453,1,11.608244735642321
664,4.442651256490317,3,4.499809670330265,9.211539652551664,1,1,3,3,0,4,0,7,2,2,0,6,4,5,1972,1972,1,1,9,10,2,0.0,3,3,1,4,3,0,1,6.825460036255307,5,5.198497031265826,3.6635616461296463,1138.0,1,3,1,4,7.074116816197362,0.0,0.0,7.074116816197362,1,0.0,2,0,3,0.6931471805599453,3,6,6,0,0,5,1974.0,2,2,588,3,3,2,0.0,0.0,5.198497031265826,0.0,0.0,0.0,0,2,1,0.0,4,2008,8,4,137500.0,7.7488913372555315,3,36,36,3.5553480614894135,9,5.282357346969308,294.0,2.1374228363543026,5.198497031265826,0.0,0,0.6931471805599453,0.6931471805599453,0,11.83138646878959
665,2.995732273553991,3,3.8918202981106265,9.947313032076158,1,1,1,3,0,1,0,21,6,2,0,2,8,5,2005,2006,1,1,12,13,2,0.0,4,3,2,5,3,2,2,7.451241684987676,6,0.0,5.877735781779639,2077.0,1,5,1,4,7.64826303090192,0.0,0.0,7.64826303090192,1,0.0,1,1,1,0.6931471805599453,5,8,6,1,5,1,2005.0,0,3,1134,3,3,2,5.262690188904886,5.5909869805108565,0.0,0.0,0.0,0.0,0,4,1,0.0,1,2006,6,5,423000.0,8.336630087637147,3,1,0,0.6931471805599453,13,5.568821489222084,378.0,2.299050001174238,6.131226489483141,0.0,1,0.6931471805599453,0.6931471805599453,0,12.955129822091815
666,4.0943445622221,3,4.663439094112067,9.323133199451306,1,1,0,3,0,0,0,8,2,2,0,5,8,5,2000,2000,1,1,12,13,1,3.713572066704308,4,3,2,4,3,3,6,0.0,6,0.0,7.249215057114389,1406.0,1,5,1,4,7.282073658093465,6.180016653652572,0.0,7.568379267836522,0,0.0,2,1,3,0.6931471805599453,4,7,6,1,3,1,2000.0,2,2,504,3,3,2,5.241747015059643,4.8283137373023015,0.0,0.0,0.0,0.0,0,4,1,0.0,11,2006,8,4,230500.0,8.114324709155339,3,6,6,1.9459101490553132,13,5.622469118781209,252.0,1.7547539316147824,5.746203190540153,0.0,1,0.6931471805599453,0.6931471805599453,1,12.348010479804223
667,4.0943445622221,3,4.290459441148391,9.822819649468673,1,1,0,3,0,4,0,12,2,2,0,5,6,5,1965,1979,0,5,9,10,0,4.736198448394496,3,4,1,4,3,3,3,5.236441962829949,5,6.584791392385716,4.718498871295094,1021.0,1,3,1,4,7.289610521451167,6.82001636467413,0.0,7.77485576666552,0,0.0,2,1,3,0.6931471805599453,3,7,5,1,1,4,1965.0,3,2,596,3,3,2,0.0,5.583496308781699,0.0,0.0,0.0,0.0,0,4,1,0.0,8,2007,8,0,129000.0,8.131824785007195,3,42,28,3.7612001156935624,11,5.8289456176102075,298.0,2.047963882803153,5.583496308781699,0.0,1,0.6931471805599453,0.6931471805599453,1,11.767575435251748
668,2.995732273553991,3,4.174387269895637,9.002701007197938,1,1,3,3,0,4,0,20,2,2,0,2,6,5,1994,1998,1,1,6,6,1,5.556828061699537,3,3,2,4,3,3,2,7.037905963447182,6,0.0,5.602118820879701,1408.0,1,5,1,4,7.425953657077541,0.0,0.0,7.425953657077541,1,0.0,2,0,3,0.6931471805599453,4,7,6,1,2,1,1994.0,2,2,575,3,3,2,5.41610040220442,3.7612001156935624,0.0,0.0,0.0,0.0,0,4,1,0.0,10,2008,8,4,193500.0,8.034955024502159,3,14,10,2.70805020110221,11,5.480043508022227,287.5,1.5767473501203975,5.58724865840025,0.0,1,0.6931471805599453,0.6931471805599453,1,12.173037959397275
669,2.995732273553991,3,4.2626798770413155,9.559235128595953,1,1,3,0,0,0,1,19,2,2,0,2,5,6,1956,1987,1,1,5,14,2,0.0,3,3,1,3,3,3,5,6.8966943316227125,6,0.0,5.303304908059076,1188.0,1,4,1,4,7.270312886079025,0.0,0.0,7.270312886079025,1,0.0,1,1,3,0.6931471805599453,3,6,3,1,3,5,1999.0,3,2,576,3,3,2,5.720311776607412,0.0,0.0,0.0,0.0,0.0,0,4,1,0.0,11,2006,8,4,168000.0,7.872836175025724,3,50,19,2.0794415416798357,11,5.4785534168509695,288.0,2.2889222425169278,5.720311776607412,0.0,1,0.6931471805599453,0.6931471805599453,0,12.031725210748633
670,3.4011973816621555,3,4.382026634673881,9.358760377094455,1,1,3,3,0,4,0,6,2,2,0,2,4,5,1922,1950,1,1,8,8,2,0.0,3,3,0,2,3,3,6,0.0,6,0.0,6.55250788703459,700.0,1,5,1,4,7.07326971745971,0.0,0.0,7.07326971745971,0,0.0,1,0,2,0.6931471805599453,2,5,6,1,4,5,1922.0,3,1,252,3,2,2,0.0,0.0,4.219507705176107,0.0,0.0,0.0,0,4,1,0.0,7,2006,8,4,137500.0,7.539027055823995,1,84,56,4.442651256490317,9,5.4638318050256105,252.0,2.2854906596347457,4.219507705176107,0.0,1,0.6931471805599453,0.6931471805599453,0,11.83138646878959
671,4.0943445622221,3,4.1588830833596715,9.063347348235522,1,1,3,3,0,2,0,5,2,2,0,5,6,5,2005,2005,1,1,12,13,2,0.0,4,3,2,4,3,3,2,5.267858159063328,6,0.0,6.302618975744905,738.0,1,5,1,4,6.6039438246004725,6.6052979209482015,0.0,7.297091005160418,1,0.0,2,1,3,0.6931471805599453,4,7,6,0,0,1,2005.0,0,2,540,3,3,2,4.61512051684126,3.58351893845611,0.0,0.0,0.0,0.0,0,4,1,0.0,2,2009,8,4,173500.0,7.7025561132685825,4,4,4,1.6094379124341003,11,5.351180856105104,270.0,1.7662563430751048,4.912654885736052,0.0,0,0.6931471805599453,0.6931471805599453,0,12.063938642041201
672,4.248495242049359,2,3.9889840465642745,8.79920924224139,1,1,3,3,0,4,0,7,0,2,0,5,6,6,1925,1950,2,1,13,14,2,0.0,3,4,0,3,3,3,1,6.313548046277095,6,0.0,4.804021044733257,672.0,1,3,0,4,6.546785410760524,6.511745329644728,0.0,7.221835825288449,1,0.0,2,0,3,0.6931471805599453,3,6,6,0,0,5,1930.0,3,1,300,3,3,2,4.997212273764115,0.0,0.0,0.0,0.0,0.0,0,4,1,0.0,7,2009,8,4,103600.0,7.621195162809845,3,84,59,4.382026634673881,12,5.430076356060394,300.0,1.5773734169529428,4.997212273764115,0.0,0,0.6931471805599453,0.6931471805599453,0,11.548302261270587
673,2.995732273553991,3,4.219507705176107,9.328123407632566,1,1,0,3,0,4,0,24,2,2,0,2,6,6,1977,1977,1,1,9,10,2,0.0,4,3,1,4,3,3,0,6.643789733147672,6,0.0,6.091309882077698,1208.0,1,3,1,4,7.0967213784947605,0.0,0.0,7.0967213784947605,1,0.0,1,1,3,0.6931471805599453,3,6,6,1,3,1,1977.0,2,2,546,3,3,2,5.293304824724492,3.7612001156935624,0.0,0.0,0.0,0.0,0,4,1,0.0,6,2006,8,4,165000.0,7.789868559054706,3,29,29,3.4011973816621555,12,5.304961909266705,273.0,2.231402029137806,5.484796933490655,0.0,1,0.6931471805599453,0.6931471805599453,0,12.013706813470414
674,2.995732273553991,3,4.700480365792417,9.577895907011127,1,1,3,3,0,4,0,6,2,2,0,2,6,7,1957,2004,3,1,5,5,1,4.672828834461906,3,3,2,3,3,3,2,7.079184394609668,6,0.0,5.676753802268282,1477.0,1,5,1,4,7.516977224604321,0.0,0.0,7.516977224604321,1,0.0,2,0,3,0.6931471805599453,4,7,6,2,3,1,1957.0,0,2,416,3,3,2,0.0,4.477336814478207,0.0,0.0,5.303304908059076,0.0,0,4,1,0.0,6,2007,8,4,257500.0,8.106514516255185,3,50,3,3.9318256327243257,13,5.571067075549008,208.0,2.0609186824068058,5.662960480135946,0.0,1,0.6931471805599453,0.6931471805599453,1,12.458778882573533
675,2.995732273553991,3,4.382026634673881,9.126958763037132,1,1,3,3,0,4,0,12,2,2,0,2,6,6,1965,1965,1,1,6,6,2,0.0,3,3,1,3,3,3,5,6.794586580876499,6,0.0,5.501258210544727,1136.0,1,3,1,4,7.035268599281097,0.0,0.0,7.035268599281097,1,0.0,1,0,3,0.6931471805599453,3,5,6,1,4,1,1965.0,2,1,384,3,3,2,6.056784013228625,0.0,0.0,0.0,0.0,0.0,0,4,1,0.0,7,2008,8,4,140000.0,7.7284157798410416,2,43,43,3.784189633918261,12,5.4258306868469965,384.0,2.091690163756035,6.056784013228625,0.0,1,0.6931471805599453,0.6931471805599453,0,11.849404844423074
676,5.075173815233827,3,3.1780538303479458,7.735870319952567,1,1,3,3,0,4,0,13,2,2,3,5,6,6,1978,1978,1,1,9,2,2,0.0,3,3,1,3,3,3,0,5.7430031878094825,6,0.0,6.300785794663244,855.0,1,3,1,4,6.75110146893676,6.375024819828097,0.0,7.273092595999522,0,0.0,2,1,3,0.6931471805599453,3,7,6,1,3,1,1978.0,3,2,440,3,3,2,3.367295829986474,0.0,0.0,0.0,0.0,0.0,0,4,1,0.0,4,2009,8,4,148500.0,7.738923757439457,3,31,31,3.4657359027997265,12,5.327182446944208,220.0,0.4627777239530446,3.367295829986474,0.0,1,0.6931471805599453,0.6931471805599453,0,11.908346971208951
677,4.248495242049359,4,4.0943445622221,9.169518377455928,1,0,3,3,0,4,0,17,2,2,0,5,4,2,1900,1950,1,1,0,12,2,0.0,3,3,0,3,2,3,6,0.0,6,0.0,6.999422467507961,1095.0,2,2,0,4,6.9985096422506015,6.522092798170152,0.0,7.480992162869525,1,0.0,2,0,4,1.0986122886681098,3,8,3,0,0,0,1920.0,3,3,779,2,2,0,0.0,0.0,4.51085950651685,0.0,0.0,0.0,0,4,1,0.0,5,2006,8,4,87000.0,7.9617188159813645,3,106,56,4.465908118654584,6,5.401550621189688,259.6666666666667,1.6885262145864028,4.51085950651685,0.0,0,0.6931471805599453,0.6931471805599453,0,11.373674891823535
678,3.4011973816621555,3,3.9512437185814275,9.107421317968342,1,1,3,3,0,4,0,17,2,2,0,2,5,8,1924,2006,1,1,12,13,2,0.0,4,3,0,3,3,3,6,0.0,6,0.0,6.645090969505644,768.0,1,5,1,4,6.674561391814426,0.0,0.0,6.674561391814426,0,0.0,1,0,2,0.6931471805599453,4,5,6,0,0,5,1924.0,3,1,240,2,2,0,5.75890177387728,0.0,4.795790545596741,0.0,0.0,0.0,0,4,1,0.0,5,2009,8,4,109500.0,7.352441100243583,1,85,3,4.454347296253507,13,5.0651234793803255,240.0,2.4328599261539154,6.07993319509559,0.0,0,0.6931471805599453,0.6931471805599453,0,11.603688960617083
679,2.995732273553991,3,4.382026634673881,9.379576689221482,1,1,0,3,0,4,0,22,2,2,0,2,8,5,2008,2008,3,1,12,13,3,6.142037405587356,4,3,2,5,3,2,6,0.0,6,0.0,7.624130585661289,2046.0,1,5,1,4,7.6236419465115715,0.0,0.0,7.6236419465115715,0,0.0,2,1,3,0.6931471805599453,4,7,6,1,4,1,2008.0,0,3,834,3,3,2,5.777652323222656,4.418840607796598,0.0,0.0,0.0,0.0,0,4,1,0.0,7,2009,6,5,372500.0,8.316789127071518,3,1,1,0.6931471805599453,13,5.677731797456259,278.0,1.7559347427099101,6.003887067106539,0.0,1,0.6931471805599453,0.6931471805599453,1,12.827995001361906
680,2.995732273553991,3,4.2626798770413155,9.204825191288073,1,1,0,3,0,4,0,19,2,2,0,2,5,5,1961,1961,3,1,13,14,1,4.060443010546419,3,3,1,3,3,3,5,6.71901315438526,6,0.0,5.087596335232384,988.0,1,3,1,4,6.895682697747868,0.0,0.0,6.895682697747868,1,0.0,1,0,3,0.6931471805599453,3,5,6,0,0,5,1963.0,3,2,572,3,3,2,0.0,0.0,0.0,0.0,0.0,0.0,0,4,1,0.0,10,2007,8,4,128500.0,7.588829878307813,2,46,46,3.8066624897703196,10,5.286244785313768,286.0,2.3091424935402047,0.0,0.0,0,0.6931471805599453,0.6931471805599453,1,11.763691965388299
681,4.787491742782046,3,3.912023005428146,8.988695696785708,1,1,3,3,0,4,0,20,2,2,4,2,6,5,1980,1980,1,1,9,10,2,0.0,3,3,1,4,3,3,1,6.298949246855942,1,4.787491742782046,5.568344503761097,923.0,1,3,1,4,6.827629234502852,0.0,0.0,6.827629234502852,0,0.0,2,0,2,0.6931471805599453,3,5,6,1,3,1,1980.0,2,1,264,3,3,2,4.394449154672439,0.0,0.0,0.0,0.0,0.0,0,4,1,0.0,5,2010,8,4,143000.0,7.520776415062797,2,30,30,3.4339872044851463,11,5.218191322068752,264.0,2.161066462282857,4.394449154672439,0.0,1,0.6931471805599453,0.6931471805599453,0,11.870606902224587
682,3.912023005428146,2,4.007333185232471,8.411832675758411,1,2,1,0,0,4,0,18,2,2,0,0,5,5,1932,2000,1,1,12,12,2,0.0,3,3,0,3,3,3,5,5.209486152841421,6,0.0,6.416732282512326,793.0,1,5,1,4,6.742880635791903,6.511745329644728,0.0,7.326465613840322,0,0.0,1,0,3,0.6931471805599453,3,6,6,0,0,5,1968.0,3,1,281,3,3,2,0.0,0.0,4.04305126783455,0.0,0.0,0.0,0,4,1,0.0,7,2009,8,0,159434.0,7.746300662231439,1,77,9,3.7376696182833684,10,5.534706144612267,281.0,1.085367061918089,4.04305126783455,0.0,0,0.6931471805599453,0.6931471805599453,0,11.979391594635791
683,4.787491742782046,3,4.382026634673881,7.967973179662935,1,1,3,1,0,4,0,4,2,2,0,2,6,5,1996,1997,1,1,13,14,2,0.0,3,3,2,4,3,2,2,6.911747300251674,6,0.0,5.666426688112432,1291.0,1,5,1,4,7.1631723908466425,0.0,0.0,7.1631723908466425,1,0.0,1,0,2,0.6931471805599453,4,6,6,1,4,1,1996.0,3,2,431,3,3,2,5.730099782973574,0.0,0.0,0.0,0.0,0.0,0,4,1,0.0,11,2008,8,4,173000.0,7.856319571406588,2,12,11,2.5649493574615367,11,5.371412921618587,215.5,0.8048007888162926,5.730099782973574,0.0,1,0.6931471805599453,0.6931471805599453,0,12.06105265381003
684,2.995732273553991,3,4.499809670330265,9.327945614050446,1,1,0,3,0,0,0,5,2,2,0,2,9,5,2002,2002,3,1,12,13,3,5.375278407684165,4,3,2,4,3,0,2,6.966024187106113,6,0.0,6.342121418721152,1626.0,1,5,1,4,7.419380582918692,0.0,0.0,7.419380582918692,1,0.0,2,0,3,0.6931471805599453,4,7,6,1,3,1,2002.0,0,3,702,3,3,2,5.552959584921617,3.828641396489095,0.0,0.0,0.0,0.0,0,4,1,0.0,7,2007,8,4,285000.0,8.099857910737585,3,5,5,1.791759469228055,14,5.473470433863379,234.0,1.9085650311317541,5.713732805509369,0.0,1,0.6931471805599453,0.6931471805599453,1,12.560247968016562
685,4.0943445622221,3,4.060443010546419,9.727346854817254,1,1,1,3,0,1,0,15,2,2,0,5,7,5,1998,1998,1,1,12,13,1,3.4339872044851463,4,3,2,4,3,3,6,0.0,6,0.0,7.086737934510577,1195.0,1,4,1,4,7.085901464365611,6.4692503167957724,0.0,7.516977224604321,0,0.0,2,1,4,0.6931471805599453,3,7,6,0,0,1,1998.0,0,2,486,3,3,2,0.0,4.406719247264253,0.0,0.0,0.0,0.0,0,4,1,0.0,6,2010,8,4,221000.0,8.017637159908478,3,12,12,2.5649493574615367,12,5.571067075549008,243.0,2.2103696302129334,4.406719247264253,0.0,0,0.6931471805599453,0.6931471805599453,1,12.30592250537653
686,5.075173815233827,3,4.119037174812473,8.529516941105069,1,1,0,3,0,1,0,22,2,2,4,5,7,5,1984,1984,1,1,6,6,2,0.0,4,3,1,4,3,2,2,6.720220155135295,3,5.209486152841421,5.198497031265826,1190.0,1,4,1,4,7.081708586105575,6.803505257608338,0.0,7.644919344958857,1,0.0,2,0,3,0.6931471805599453,4,6,2,1,3,1,1984.0,0,2,577,3,3,2,5.393627546352362,0.0,0.0,0.0,0.0,0.0,0,4,1,0.0,9,2007,8,4,207500.0,8.09559870137819,3,23,23,3.1780538303479458,12,5.853159875730801,288.5,0.8845975961462127,5.393627546352362,0.0,1,0.6931471805599453,0.6931471805599453,0,12.242891437918386
687,4.0943445622221,1,4.430816798843313,9.230829038403499,1,1,3,3,0,4,0,21,2,2,0,5,7,6,2007,2007,1,1,12,13,2,0.0,4,3,2,4,3,3,6,0.0,6,0.0,6.774223886357614,874.0,1,5,1,4,6.773080375655535,6.78897174299217,0.0,7.473637108496206,0,0.0,3,0,3,0.6931471805599453,4,7,6,0,0,1,2007.0,0,2,578,3,3,2,4.976733742420574,4.663439094112067,0.0,0.0,0.0,0.0,0,4,1,0.0,8,2007,6,5,227875.0,7.876638460975463,3,0,0,0.0,13,5.527726959440893,289.0,1.7571919299072922,5.521460917862246,0.0,0,0.6931471805599453,0.6931471805599453,0,12.336556900342153
688,5.075173815233827,1,4.297285406218791,8.537975730598767,1,1,1,3,0,2,0,21,2,2,4,5,7,5,2004,2004,1,1,8,8,2,0.0,4,3,2,4,3,3,2,5.480638923341991,6,0.0,5.746203190540153,551.0,1,5,1,4,6.311734809152915,6.313548046277095,0.0,7.004881989712859,0,0.0,2,1,2,0.6931471805599453,4,4,6,0,0,5,2004.0,3,2,480,3,3,2,0.0,4.110873864173311,0.0,0.0,0.0,0.0,0,4,1,0.0,3,2007,8,4,148800.0,7.410347097821024,3,3,3,1.3862943611198906,12,5.6185876285929695,240.0,1.533093740885906,4.110873864173311,0.0,0,0.6931471805599453,0.6931471805599453,0,11.910365121788654
689,2.995732273553991,3,4.0943445622221,8.998260393017953,1,1,3,1,0,4,0,22,2,2,0,2,8,6,2007,2007,1,1,8,8,1,0.0,4,3,2,4,3,0,2,6.852242569051878,6,0.0,6.163314804034641,1419.0,1,5,1,4,7.257707677160043,0.0,0.0,7.257707677160043,1,0.0,2,0,2,0.6931471805599453,4,7,6,1,4,1,2007.0,2,2,567,3,3,2,4.948759890378168,0.0,0.0,0.0,0.0,0.0,0,4,1,0.0,10,2007,6,5,392000.0,7.950854857719988,3,0,0,0.0,14,5.311797528104729,283.5,1.74055271585791,4.948759890378168,0.0,1,0.6931471805599453,0.6931471805599453,0,12.879019669789754
690,4.787491742782046,3,4.110873864173311,8.932872621931374,1,1,0,3,0,0,0,16,2,2,4,2,6,5,2005,2006,1,1,12,13,3,5.54907608489522,4,3,2,4,3,0,0,3.044522437723423,6,0.0,7.202661196523238,1362.0,1,5,1,4,7.216709486709457,0.0,0.0,7.216709486709457,0,0.0,2,0,2,0.6931471805599453,4,6,6,1,4,1,2005.0,2,2,460,3,3,2,5.262690188904886,3.367295829986474,0.0,0.0,0.0,0.0,0,4,1,0.0,6,2007,8,4,194700.0,7.909856667269403,2,2,1,1.0986122886681098,11,5.424950017481403,230.0,1.7161631352219158,5.3981627015177525,0.0,1,0.6931471805599453,0.6931471805599453,1,12.179220327453931
691,4.787491742782046,4,4.248495242049359,8.395251520610994,1,1,3,3,0,4,0,5,2,2,4,2,6,5,2004,2004,1,1,12,13,1,4.997212273764115,4,3,2,4,3,1,2,6.548219102762372,6,0.0,5.0238805208462765,848.0,1,5,1,4,6.742880635791903,0.0,0.0,6.742880635791903,1,0.0,1,0,1,0.6931471805599453,4,3,6,1,3,1,2004.0,2,2,420,3,3,2,5.0106352940962555,0.0,0.0,0.0,0.0,0.0,0,4,1,0.0,5,2008,8,4,141000.0,7.4360278163518485,2,4,4,1.6094379124341003,11,5.644268347123793,210.0,1.652370884819092,5.0106352940962555,0.0,1,0.6931471805599453,0.6931471805599453,1,11.856522261533737
692,4.0943445622221,3,4.6443908991413725,9.977434797488211,1,1,0,3,0,0,0,15,2,2,0,5,10,6,1994,1995,1,7,6,6,1,7.065613363597717,5,3,2,5,3,1,2,7.283448228756631,6,0.0,6.897704943128636,2444.0,1,5,1,4,7.8013913202914855,7.5352967024440884,0.0,8.370084326378025,0,0.6931471805599453,3,1,4,0.6931471805599453,5,10,6,2,5,1,1994.0,0,3,832,3,3,2,5.948034989180646,3.9318256327243257,0.0,0.0,0.0,0.0,0,4,1,0.0,1,2007,8,4,755000.0,8.81877816903701,5,13,12,2.6390573296152584,16,6.0674992333839795,277.3333333333333,1.6073504711101856,6.07073772800249,0.0,1,0.6931471805599453,0.6931471805599453,1,13.534474352733596
693,4.0943445622221,3,3.7376696182833684,10.172674642351664,1,1,0,3,0,4,1,23,2,2,0,5,7,5,1989,1990,3,1,8,8,1,5.683579767338681,4,3,2,4,3,1,2,6.873163834212518,6,0.0,5.5053315359323625,1210.0,1,5,1,4,7.121252453244542,7.156176637480615,0.0,7.831617276352611,1,0.0,2,1,4,0.6931471805599453,4,9,6,2,4,1,1989.0,2,2,628,3,3,2,5.771441123130016,3.332204510175204,0.0,0.0,0.0,0.0,0,4,1,0.0,4,2006,8,4,335000.0,8.22389538017882,4,17,16,2.8903717578961645,12,5.634392699016391,314.0,2.3410573659990543,5.8522024797744745,0.0,1,0.6931471805599453,0.6931471805599453,1,12.721888795877375
694,3.4011973816621555,3,4.0943445622221,8.594154232552366,1,1,3,3,0,0,2,17,2,2,0,2,5,6,1921,1968,1,1,8,8,2,0.0,3,3,0,3,3,3,6,0.0,6,0.0,6.97914527506881,1073.0,1,5,1,4,6.9782137426306985,0.0,0.0,6.9782137426306985,0,0.0,1,0,2,0.6931471805599453,3,4,6,0,0,5,1968.0,3,1,326,3,3,2,0.0,0.0,4.727387818712341,0.0,0.0,0.0,0,4,1,0.0,12,2006,8,0,108480.0,7.671360923190644,1,85,38,3.6635616461296463,11,5.591919381510808,326.0,1.6159404899216672,4.727387818712341,0.0,0,0.6931471805599453,0.6931471805599453,0,11.59433032142082
695,3.912023005428146,4,3.9318256327243257,8.719317375506371,1,1,3,3,0,0,0,3,2,2,0,0,5,6,1936,1950,1,1,13,14,2,0.0,3,2,0,3,3,3,6,0.0,6,0.0,6.833031732786201,927.0,1,3,1,4,6.9726062513017535,6.159095388491933,0.0,7.338888133838879,0,0.0,1,1,3,0.6931471805599453,3,5,6,0,0,5,1995.0,3,2,576,3,3,2,4.727387818712341,0.0,0.0,0.0,0.0,0.0,0,2,1,0.0,4,2009,8,4,141500.0,7.81035268372429,2,73,59,2.70805020110221,11,5.729450221404779,288.0,1.3804292416674926,4.727387818712341,0.0,0,0.6931471805599453,0.6931471805599453,0,11.860062063178267
696,2.995732273553991,3,3.9889840465642745,9.533220655077928,1,1,0,3,0,4,0,23,2,2,0,2,6,6,1987,1987,1,1,6,6,1,4.290459441148391,3,3,1,4,4,3,2,6.8885724595653635,3,3.713572066704308,4.532599493153256,1112.0,1,4,1,4,7.036148493750536,0.0,0.0,7.036148493750536,1,0.0,2,0,2,0.6931471805599453,4,5,6,1,3,1,1987.0,3,2,551,3,3,2,4.836281906951478,0.0,0.0,0.0,0.0,0.0,0,4,1,0.0,7,2006,8,4,176000.0,7.718240951959316,3,19,19,2.995732273553991,12,5.426710581316436,275.5,2.4970721613273925,4.836281906951478,0.0,1,0.6931471805599453,0.6931471805599453,1,12.07824495582233
697,3.4011973816621555,4,3.912023005428146,8.699514748210191,1,1,3,3,0,4,0,3,2,2,0,2,5,7,1921,1950,1,1,13,15,2,0.0,3,3,1,3,3,3,3,6.424869023905388,6,0.0,0.0,616.0,1,4,1,4,6.423246963533519,0.0,0.0,6.423246963533519,0,0.0,1,0,2,0.6931471805599453,3,4,6,0,0,5,1921.0,3,1,205,3,3,2,0.0,0.0,4.867534450455582,0.0,0.0,0.0,0,4,1,0.0,6,2006,8,4,89000.0,7.116394144093465,1,85,56,4.454347296253507,12,5.0369526024136295,205.0,2.2762677846766723,4.867534450455582,0.0,0,0.6931471805599453,0.6931471805599453,0,11.39640288460621
698,2.995732273553991,3,4.04305126783455,8.767173396684006,1,1,0,3,0,4,0,7,2,2,0,2,5,7,1952,1952,1,1,13,14,2,0.0,3,3,2,5,4,2,3,5.351858133476067,0,6.313548046277095,5.393627546352362,980.0,1,2,1,0,7.045776576879511,0.0,0.0,7.045776576879511,0,0.6931471805599453,1,0,2,0.6931471805599453,3,6,6,0,0,5,1952.0,3,1,308,3,3,2,0.0,0.0,0.0,0.0,0.0,0.0,0,4,1,0.0,9,2006,8,4,123500.0,7.662937850461535,2,54,54,4.007333185232471,12,5.254017107651457,308.0,1.721396819804495,0.0,0.0,0,0.6931471805599453,0.6931471805599453,0,11.724004532183379
699,2.995732273553991,3,4.174387269895637,9.041921720351219,1,1,3,3,0,4,0,19,5,2,0,2,5,8,1965,2009,1,1,8,8,2,0.0,3,4,1,3,3,3,2,6.317164686747284,1,4.770684624465665,5.41610040220442,894.0,1,5,1,4,6.795705775173514,0.0,0.0,6.795705775173514,1,0.0,1,0,3,0.6931471805599453,3,5,6,1,4,5,1973.0,3,1,336,3,3,2,6.0330862217988015,4.976733742420574,0.0,0.0,0.0,0.0,0,2,1,0.0,4,2010,8,4,138500.0,7.488852955733459,2,45,1,3.6375861597263857,13,5.186267862739414,336.0,2.2462159451777053,6.329720905522696,0.0,1,0.6931471805599453,0.6931471805599453,0,11.83863282480007
700,4.787491742782046,1,4.07753744390572,8.362175469149628,1,2,1,3,0,4,0,21,2,2,4,2,7,5,2004,2004,1,1,8,8,2,0.0,4,3,2,4,3,2,2,2.833213344056216,6,0.0,7.226936018493289,1391.0,1,5,1,4,7.237778191923443,0.0,0.0,7.237778191923443,0,0.0,2,0,2,0.6931471805599453,4,5,6,0,0,1,2004.0,2,2,530,3,3,2,5.056245805348308,5.0689042022202315,0.0,0.0,0.0,0.0,0,4,1,0.0,7,2008,8,4,196000.0,7.930925372483388,2,4,4,1.6094379124341003,12,5.6283402794893425,265.0,1.1243972772261852,5.752572638825633,0.0,0,0.6931471805599453,0.6931471805599453,0,12.185875040240456
701,2.995732273553991,3,4.442651256490317,9.570180302058072,1,1,3,3,0,4,0,23,2,2,0,2,8,5,2002,2002,3,1,12,13,1,6.447305862541213,4,3,2,5,3,1,2,7.150701457592526,6,0.0,6.267200548541362,1800.0,1,5,1,4,7.495541943884256,0.0,0.0,7.495541943884256,1,0.0,2,0,3,0.6931471805599453,4,7,6,1,4,1,2002.0,0,3,765,3,3,2,5.602118820879701,4.3694478524670215,0.0,0.0,0.0,0.0,0,4,1,0.0,5,2006,8,4,312500.0,8.1886891244442,3,4,4,1.6094379124341003,13,5.549631794828943,255.0,2.0746383581738157,5.855071922202427,0.0,1,0.6931471805599453,0.6931471805599453,1,12.652362948153474
702,2.995732273553991,3,4.382026634673881,9.169518377455928,1,1,3,3,0,4,0,14,2,2,0,2,7,5,1969,1969,3,1,6,6,1,5.1298987149230735,3,3,1,3,3,3,6,0.0,6,0.0,7.060476365999801,1164.0,1,3,1,4,7.059617628291383,0.0,0.0,7.059617628291383,0,0.0,1,1,3,0.6931471805599453,3,6,6,0,0,1,1969.0,3,2,528,3,3,2,0.0,0.0,0.0,0.0,0.0,0.0,0,4,1,0.0,7,2006,0,4,140000.0,7.752764808851328,2,37,37,3.6375861597263857,12,5.267858159063328,264.0,2.1099007491645443,0.0,0.0,0,0.6931471805599453,0.6931471805599453,1,11.849404844423074
703,4.0943445622221,3,4.406719247264253,9.428511581663834,1,1,0,3,0,4,0,22,2,2,0,5,8,5,2006,2006,3,1,12,13,1,6.1463292576688975,5,3,2,5,4,3,6,0.0,6,0.0,7.118826249062078,1234.0,1,5,1,4,7.142036574706803,7.180069874302796,0.0,7.853993087224244,0,0.0,2,1,4,0.6931471805599453,5,10,6,1,4,3,2006.0,0,3,666,3,3,2,5.783825182329737,4.61512051684126,0.0,0.0,0.0,0.0,0,4,1,0.0,7,2006,6,5,361919.0,8.245384468120747,3,0,0,0.0,13,5.551407994230199,222.0,1.5745184944395902,6.052089168924417,0.0,1,0.6931471805599453,0.6931471805599453,1,12.799178471909892
704,5.247024072160486,4,4.330733340286331,8.939843124278502,1,1,3,3,0,4,0,17,1,2,1,5,5,9,1900,1996,1,1,13,14,2,0.0,3,4,0,4,3,3,6,0.0,6,0.0,5.8888779583328805,360.0,1,4,1,4,6.939253946041508,6.660575149839686,0.0,7.502186486602924,0,0.0,2,0,4,1.0986122886681098,4,8,6,1,1,5,1999.0,3,2,672,3,3,0,5.84354441703136,0.0,3.713572066704308,0.0,0.0,0.0,0,2,1,0.0,5,2010,8,4,140000.0,7.683403681053826,2,110,14,2.4849066497880004,14,5.422744944923089,336.0,1.437656637675578,5.953243334287785,0.0,1,0.6931471805599453,0.6931471805599453,0,11.849404844423074
705,2.995732273553991,3,4.248495242049359,9.035986984831405,1,1,3,3,0,4,0,5,2,2,0,2,7,5,2004,2005,1,1,12,13,1,4.700480365792417,4,3,2,4,3,0,2,6.569481420414296,6,0.0,6.635946555686647,1473.0,1,5,1,4,7.302496423727326,0.0,0.0,7.302496423727326,1,0.0,2,0,3,0.6931471805599453,4,7,6,0,0,1,2004.0,2,2,606,3,3,2,0.0,3.58351893845611,0.0,4.976733742420574,0.0,0.0,0,4,1,0.0,5,2010,8,4,213000.0,7.9919305198524775,3,6,5,1.9459101490553132,12,5.356586274672012,303.0,1.7334905611040792,5.19295685089021,0.0,0,0.6931471805599453,0.6931471805599453,1,12.269052139516223
706,5.247024072160486,4,4.248495242049359,8.630521876723241,1,1,3,3,0,4,0,9,2,2,1,5,4,5,1930,1950,3,1,12,15,2,0.0,2,2,3,0,0,4,4,0.0,4,0.0,0.0,0.0,1,2,0,4,5.918893854273146,6.580639137284949,0.0,6.9957661563048505,0,0.0,2,0,3,1.0986122886681098,2,7,4,0,0,6,0.0,1,0,0,0,0,0,0.0,0.0,0.0,0.0,0.0,0.0,0,4,2,8.160803920954665,7,2010,8,4,55000.0,6.9957661563048505,2,80,60,7.606387389772652,9,5.049856007249537,0.0,1.6347557204183902,0.0,0.0,0,0.0,0.0,0,10.915106645867503
707,2.995732273553991,3,4.382026634673881,11.653982220886329,1,1,1,2,0,1,2,4,2,2,0,2,7,5,1971,2002,1,1,9,10,3,5.863631175598097,3,3,1,4,3,1,2,7.106606137727303,6,0.0,6.052089168924417,1643.0,1,3,1,4,7.508787170634276,0.0,0.0,7.508787170634276,1,0.0,2,0,2,0.6931471805599453,4,5,6,2,3,1,1971.0,3,2,739,3,3,2,5.942799375126701,3.8918202981106265,0.0,0.0,0.0,0.0,0,4,1,0.0,6,2007,8,4,302000.0,8.151044945685024,3,36,5,3.6109179126442243,12,5.899349258200177,369.5,4.145195050252052,6.061456918928017,0.0,1,0.6931471805599453,0.6931471805599453,1,12.618185607609803
708,4.787491742782046,3,3.871201010907891,8.738735461363474,1,1,3,3,0,4,0,16,2,2,4,2,8,5,2006,2006,3,1,8,8,1,5.176149732573829,4,3,2,4,3,3,2,6.761572768804055,6,0.0,6.135564891081739,1324.0,1,5,1,4,7.188412736496954,0.0,0.0,7.188412736496954,1,0.0,2,0,2,0.6931471805599453,4,6,6,1,4,1,2006.0,0,2,550,3,3,2,5.262690188904886,3.6635616461296463,0.0,0.0,0.0,0.0,0,4,1,0.0,12,2009,8,4,254000.0,7.881559917056899,3,3,3,1.3862943611198906,13,5.396653267268898,275.0,1.55032272486652,5.442417710521793,0.0,1,0.6931471805599453,0.6931471805599453,1,12.445093483000798
709,4.0943445622221,3,4.174387269895637,9.106977858981029,1,1,0,3,0,4,0,8,2,2,0,5,7,5,2007,2007,3,1,12,13,2,0.0,4,3,2,4,3,0,6,0.0,6,0.0,6.591673732008658,728.0,1,5,1,4,6.590301048196686,6.591673732008658,0.0,7.283448228756631,0,0.0,2,1,3,0.6931471805599453,4,8,6,1,4,1,2007.0,0,2,400,3,3,2,4.61512051684126,3.2188758248682006,0.0,0.0,0.0,0.0,0,4,1,0.0,7,2007,6,5,179540.0,7.688913336864796,3,0,0,0.0,12,5.204006687076795,200.0,1.8235296302243982,4.8283137373023015,0.0,1,0.6931471805599453,0.6931471805599453,0,12.09815887308463
710,2.995732273553991,3,4.2626798770413155,8.876544550558378,1,1,0,3,0,4,0,19,2,2,0,2,5,7,1966,1966,1,1,6,6,0,3.7376696182833684,3,3,2,3,3,3,6,0.0,6,0.0,6.776506992372183,876.0,1,3,1,4,6.806829360392176,0.0,0.0,6.806829360392176,0,0.0,1,0,3,0.6931471805599453,3,6,6,0,0,1,1966.0,3,1,408,3,3,2,0.0,0.0,0.0,0.0,0.0,0.0,0,2,1,0.0,12,2008,8,0,109900.0,7.484368643286131,1,42,42,3.7612001156935624,12,5.015069891164122,408.0,2.0697151901662014,0.0,0.0,0,0.6931471805599453,0.6931471805599453,1,11.60733523953139
711,3.4011973816621555,3,4.02535169073515,8.326032685955079,1,1,0,3,0,4,0,3,2,2,0,2,3,6,1935,2003,1,1,12,13,2,0.0,4,3,1,3,3,3,6,0.0,6,0.0,5.602118820879701,270.0,1,4,1,4,6.591673732008658,0.0,0.0,6.591673732008658,0,0.0,1,0,2,0.6931471805599453,3,5,1,0,0,6,0.0,1,0,0,0,0,0,0.0,0.0,0.0,0.0,0.0,0.0,0,4,1,0.0,7,2008,8,4,52000.0,6.906754778648554,1,73,5,7.605392364814935,9,4.982235819574558,0.0,1.7343589539464204,0.0,0.0,0,0.6931471805599453,0.0,0,10.859018228147887
712,3.912023005428146,0,4.189654742026425,9.072456664612796,1,2,3,1,0,4,1,9,2,2,0,0,4,7,1900,1950,1,1,8,8,2,0.0,3,3,4,3,3,2,6,0.0,6,0.0,6.756932389247553,859.0,1,4,1,4,6.755768921984255,5.768320995793772,0.0,7.071573364211532,0,0.0,1,0,2,0.6931471805599453,3,7,6,0,0,5,1964.0,2,1,384,3,3,0,4.23410650459726,0.0,4.59511985013459,0.0,0.0,0.0,0,4,1,0.0,1,2010,8,0,102776.0,7.619233416226805,1,110,60,3.8501476017100584,11,5.1256632151562185,384.0,2.0008833004012643,5.117993812416755,0.0,0,0.6931471805599453,0.6931471805599453,0,11.54031687156214
713,4.787491742782046,3,3.6888794541139363,8.449128460502108,1,1,0,1,0,4,0,22,2,2,4,2,8,5,1988,1989,1,1,6,6,2,0.0,4,3,2,4,3,2,2,6.643789733147672,6,0.0,6.135564891081739,1228.0,1,4,1,4,7.113142108707088,0.0,0.0,7.113142108707088,1,0.0,2,0,2,0.6931471805599453,4,5,6,1,4,1,1988.0,0,2,472,3,3,2,5.1298987149230735,4.795790545596741,0.0,0.0,0.0,0.0,0,4,1,0.0,10,2008,8,4,189000.0,7.806289289267033,3,20,19,3.044522437723423,13,5.503704196272987,236.0,1.3359863517950201,5.666426688112432,0.0,1,0.6931471805599453,0.6931471805599453,0,12.149507585033072
714,5.247024072160486,3,4.0943445622221,9.19755903761145,1,1,3,3,0,4,0,3,6,2,1,2,4,5,1970,1970,1,1,6,6,1,5.081404364984463,3,3,1,3,3,0,0,6.672032945461067,6,0.0,5.147494476813453,960.0,2,3,0,4,6.866933284461882,0.0,0.0,6.866933284461882,1,0.0,1,0,3,0.6931471805599453,3,6,6,0,0,5,1970.0,3,2,576,3,3,2,0.0,5.666426688112432,0.0,0.0,0.0,0.0,0,4,1,0.0,5,2006,8,4,129000.0,7.560080465021827,2,36,36,3.6109179126442243,9,5.075173815233827,288.0,2.330625753149568,5.666426688112432,0.0,0,0.6931471805599453,0.6931471805599453,1,11.767575435251748
715,4.0943445622221,3,4.2626798770413155,9.511703431483827,1,1,0,3,0,1,0,19,5,2,0,5,6,8,1976,2005,1,1,6,10,1,5.66988092298052,4,3,1,3,3,3,2,6.280395838960195,6,0.0,5.262690188904886,725.0,1,5,1,4,6.586171654854675,6.626717749249025,0.0,7.2991214627108,0,0.0,2,1,3,0.6931471805599453,4,6,6,0,0,1,1976.0,2,2,475,3,3,2,0.0,3.8066624897703196,0.0,0.0,0.0,0.0,0,4,1,0.0,3,2010,8,4,130500.0,7.698029170272805,3,34,5,3.5553480614894135,14,5.5073619934827445,237.5,2.2125819687730277,3.8066624897703196,0.0,0,0.6931471805599453,0.6931471805599453,1,11.779136168550774
716,2.995732273553991,3,4.356708826689592,9.224243277145174,1,1,3,3,0,4,0,14,2,2,0,2,6,5,1974,1974,3,1,6,6,1,5.1647859739235145,3,3,1,4,3,3,6,0.0,6,0.0,6.970730078143525,1064.0,1,3,1,4,7.2078598714324755,0.0,0.0,7.2078598714324755,0,0.0,2,0,3,0.6931471805599453,3,7,6,1,3,1,1974.0,2,2,478,3,3,2,0.0,0.0,0.0,0.0,0.0,0.0,0,2,1,0.0,8,2009,8,4,165000.0,7.789040401657477,2,35,35,3.58351893845611,11,5.261949722377162,239.0,2.016383405712699,0.0,0.0,1,0.6931471805599453,0.6931471805599453,1,12.013706813470414
717,4.248495242049359,4,4.0943445622221,9.287301413112312,1,0,3,0,0,4,0,17,2,2,0,5,7,8,1890,1998,1,1,13,13,2,0.0,3,4,0,3,3,3,6,0.0,6,0.0,6.577861357721047,718.0,1,5,1,4,7.362645270417825,6.88653164253051,0.0,7.845416036592485,0,0.0,1,1,3,0.6931471805599453,3,8,6,0,0,5,1996.0,3,2,704,3,3,1,0.0,3.8918202981106265,4.969813299576001,0.0,0.0,0.0,0,4,1,0.0,7,2007,8,4,159500.0,8.093156697722637,2,117,9,2.4849066497880004,15,5.765974494912649,352.0,1.4418853765198263,5.2574953720277815,0.0,0,0.6931471805599453,0.6931471805599453,0,11.979805470779858
718,2.995732273553991,3,4.382026634673881,9.210340371976184,1,1,3,3,0,4,0,14,2,2,0,2,5,6,1973,2000,1,1,6,6,2,0.0,3,3,1,4,3,3,1,6.98933526597456,6,0.0,4.532599493153256,1176.0,1,4,1,4,7.071573364211532,0.0,0.0,7.071573364211532,0,0.6931471805599453,1,1,3,0.6931471805599453,4,5,6,1,2,1,1973.0,3,2,439,3,3,2,5.41610040220442,0.0,0.0,0.0,0.0,0.0,0,2,1,0.0,11,2008,8,4,157000.0,7.763871287820222,3,35,8,3.58351893845611,11,5.462135451777431,219.5,2.138767007764651,5.41610040220442,0.0,1,0.6931471805599453,0.6931471805599453,0,11.964007453736912
719,4.0943445622221,3,4.564348191467836,9.263122557415151,1,1,3,3,0,4,0,15,2,2,0,5,7,5,1993,1994,3,1,13,7,1,6.480044561926653,4,3,2,4,3,1,2,7.068172000388042,6,0.0,4.9344739331306915,1311.0,1,5,1,4,7.1891677384203225,6.9975959829819265,0.0,7.790696031174738,1,0.0,2,1,3,0.6931471805599453,4,9,6,1,3,1,1993.0,2,3,983,3,3,2,5.5254529391317835,5.043425116919247,5.37989735354046,0.0,0.0,0.0,0,4,1,0.0,8,2008,8,4,341000.0,8.22389538017882,4,15,14,2.772588722239781,12,5.593471453838519,327.6666666666667,1.4724265262404141,6.431331081933479,0.0,1,0.6931471805599453,0.6931471805599453,1,12.739640688812674
720,2.995732273553991,3,4.23410650459726,9.20230820027892,1,1,0,3,0,4,0,5,2,2,0,2,5,6,1969,1969,1,1,6,10,2,0.0,3,3,1,4,3,1,0,6.261491684321042,6,0.0,6.1070228877422545,971.0,1,3,1,4,6.878326468291325,0.0,0.0,6.878326468291325,0,0.0,1,1,3,0.6931471805599453,3,5,6,1,1,1,1969.0,3,1,300,3,3,2,0.0,0.0,0.0,0.0,0.0,0.0,0,4,1,0.0,5,2006,8,4,128500.0,7.571473648851271,2,37,37,3.6375861597263857,11,5.268888555857225,300.0,2.3239817319875935,0.0,0.0,1,0.6931471805599453,0.6931471805599453,0,11.763691965388299
721,4.787491742782046,3,4.119037174812473,8.789203094473724,1,1,0,2,0,1,1,22,2,2,0,2,8,5,1985,1985,1,1,6,6,2,0.0,4,3,2,4,3,1,2,7.046647277848756,6,0.0,6.38856140554563,1742.0,1,3,1,4,7.462789157412448,0.0,0.0,7.462789157412448,1,0.0,2,0,2,0.6931471805599453,4,5,6,1,3,1,1985.0,2,2,564,3,3,2,4.74493212836325,3.367295829986474,5.459585514144159,0.0,0.0,0.0,0,4,1,0.0,12,2006,8,4,275000.0,8.155936337972394,3,21,21,3.091042453358316,13,5.853351244978348,282.0,1.3264139370612746,5.932245187448011,0.0,1,0.6931471805599453,0.6931471805599453,0,12.524530013005734
722,4.787491742782046,4,4.248495242049359,8.395251520610994,1,1,3,3,0,4,0,5,2,2,4,2,6,5,2004,2004,1,1,12,13,1,5.135798437050262,4,3,2,4,3,0,2,6.4967749901858625,6,0.0,5.231108616854587,848.0,1,5,1,4,6.742880635791903,0.0,0.0,6.742880635791903,1,0.0,1,0,1,0.6931471805599453,4,3,6,0,0,1,2004.0,2,2,420,3,3,2,5.081404364984463,0.0,0.0,0.0,0.0,0.0,0,4,1,0.0,5,2010,8,4,143000.0,7.4360278163518485,2,6,6,1.9459101490553132,11,5.644268347123793,210.0,1.652370884819092,5.081404364984463,0.0,0,0.6931471805599453,0.6931471805599453,1,11.870606902224587
723,2.995732273553991,3,4.248495242049359,9.002085433155724,1,1,3,3,0,4,0,12,2,2,0,2,4,7,1970,1970,1,1,8,8,2,0.0,3,4,1,3,3,3,0,5.2574953720277815,6,0.0,6.513230110912307,864.0,1,5,1,4,6.761572768804055,0.0,0.0,6.761572768804055,0,0.0,1,0,3,0.6931471805599453,3,5,6,0,0,5,1994.0,3,2,463,3,3,2,0.0,0.0,0.0,0.0,0.0,0.0,0,4,1,0.0,7,2009,8,4,124500.0,7.454719949364001,1,39,39,2.772588722239781,11,5.152134856369956,231.5,2.240512664351668,0.0,0.0,0,0.6931471805599453,0.6931471805599453,0,11.732069026983156
724,3.912023005428146,3,4.0943445622221,9.008468955937513,1,1,3,3,0,4,0,7,2,2,0,0,4,6,1954,1972,1,1,8,8,2,0.0,3,3,2,3,3,3,6,0.0,6,0.0,6.848005274576363,941.0,1,5,1,4,6.904750769961838,6.161207321695077,0.0,7.293017679772782,0,0.0,2,0,4,0.6931471805599453,3,7,6,0,0,5,1958.0,3,1,548,3,3,2,0.0,0.0,0.0,0.0,5.056245805348308,0.0,0,4,1,0.0,5,2008,8,4,135000.0,7.787796878181171,2,54,36,3.9318256327243257,10,5.3471075307174685,548.0,1.7154512761647307,5.056245805348308,0.0,0,0.6931471805599453,0.6931471805599453,0,11.813037464800539
725,2.995732273553991,3,4.454347296253507,9.494466128225186,1,1,0,3,0,4,0,7,2,2,0,2,9,5,2007,2008,3,1,5,5,3,5.831882477283517,5,3,2,5,3,3,2,7.118826249062078,6,0.0,6.142037405587356,1698.0,1,5,1,4,7.437206366871292,0.0,0.0,7.437206366871292,1,0.0,2,0,3,0.6931471805599453,5,8,6,1,4,1,2007.0,0,3,768,3,3,2,5.793013608384144,4.174387269895637,0.0,0.0,0.0,0.0,0,4,1,0.0,2,2009,8,4,320000.0,8.130353547431238,3,2,1,1.0986122886681098,14,5.357764825191457,256.0,2.057259761353894,5.971261839790462,0.0,1,0.6931471805599453,0.6931471805599453,1,12.676079399771027
726,2.995732273553991,3,4.0943445622221,8.847934753328465,1,1,3,3,0,4,0,12,2,2,0,2,4,6,1970,1970,1,1,6,10,2,0.0,3,3,1,3,3,3,0,5.929589143389895,1,5.480638923341991,5.5254529391317835,864.0,1,3,1,4,6.761572768804055,0.0,0.0,6.761572768804055,0,0.0,1,0,3,0.6931471805599453,4,5,6,0,0,5,1989.0,3,2,660,3,3,2,4.574710978503383,0.0,0.0,0.0,0.0,0.0,0,4,3,6.2166061010848646,11,2009,8,4,120500.0,7.454719949364001,1,39,39,3.044522437723423,10,5.152134856369956,330.0,2.0863619845244097,4.574710978503383,0.0,0,0.6931471805599453,0.6931471805599453,0,11.699413330633599
727,2.995732273553991,3,4.30406509320417,9.98483709823245,1,1,0,3,0,0,0,6,2,2,0,2,6,9,1988,2007,3,1,13,10,1,5.564520407322694,4,4,1,4,3,3,2,6.695798917058491,6,0.0,4.290459441148391,880.0,1,5,1,4,7.426549072397305,0.0,0.0,7.426549072397305,1,0.0,2,0,3,0.6931471805599453,4,5,6,1,4,1,1988.0,0,2,540,3,3,2,5.680172609017068,3.8066624897703196,0.0,5.209486152841421,0.0,0.0,0,4,1,0.0,12,2009,8,4,222000.0,7.847762537473608,3,21,2,3.091042453358316,15,5.817111159963204,270.0,2.5582880258351466,6.251903883165888,0.0,1,0.6931471805599453,0.6931471805599453,1,12.310437165348775
728,2.995732273553991,3,4.1588830833596715,8.897545598709327,1,1,3,3,0,4,0,5,2,2,0,2,7,5,2007,2007,1,1,12,13,3,4.418840607796598,4,3,2,4,3,0,2,6.586171654854675,6,0.0,6.2324480165505225,1232.0,1,5,1,4,7.116394144093465,0.0,0.0,7.116394144093465,1,0.0,2,0,2,0.6931471805599453,4,6,6,0,0,1,2007.0,2,2,632,3,3,2,4.890349128221754,0.0,0.0,0.0,0.0,0.0,0,4,1,0.0,2,2009,8,4,194500.0,7.80954132465341,3,2,2,1.0986122886681098,12,5.32463467486541,316.0,1.7811514546158616,4.890349128221754,0.0,0,0.6931471805599453,0.6931471805599453,1,12.178192583415596
729,4.499809670330265,3,4.442651256490317,9.347926034928745,1,1,3,3,0,0,0,12,2,2,2,2,5,5,1958,1958,1,1,12,13,1,4.564348191467836,3,3,1,3,3,3,6,0.0,6,0.0,7.368339686311381,1584.0,1,3,1,4,7.4821189235521155,0.0,0.0,7.4821189235521155,1,0.0,2,0,4,1.0986122886681098,3,9,6,0,0,5,1968.0,3,3,888,3,3,2,0.0,3.258096538021482,0.0,0.0,0.0,0.0,0,4,1,0.0,7,2009,0,0,110000.0,8.11969625295725,3,51,51,3.7376696182833684,10,5.284894346215896,296.0,1.8658071113766304,3.258096538021482,0.0,0,0.6931471805599453,0.6931471805599453,1,11.608244735642321
730,3.4011973816621555,4,3.9512437185814275,8.738735461363474,1,0,3,3,0,4,0,9,2,2,0,0,4,5,1925,1950,1,1,8,8,2,0.0,3,3,1,3,3,3,1,5.030437921392435,6,0.0,6.444131256700441,780.0,1,3,1,0,6.742880635791903,0.0,5.8888779583328805,7.0967213784947605,0,0.0,1,0,2,0.6931471805599453,3,5,6,0,0,5,1962.0,3,2,539,3,3,2,0.0,3.1780538303479458,4.727387818712341,0.0,0.0,0.0,0,4,1,0.0,1,2009,8,4,103000.0,7.395107546562485,1,84,59,3.871201010907891,9,5.48728346606066,269.5,1.642014082868713,4.912654885736052,0.0,0,0.6931471805599453,0.6931471805599453,0,11.542493975902508
731,4.787491742782046,3,3.6635616461296463,8.592115117933497,1,1,0,3,0,4,0,22,2,2,4,2,8,5,1995,1996,1,1,5,5,2,0.0,4,3,2,4,3,3,2,7.074116816197362,6,0.0,6.030685260261263,1595.0,1,5,1,4,7.38770923908104,0.0,0.0,7.38770923908104,1,0.0,2,0,2,0.6931471805599453,4,5,6,1,3,1,1995.0,2,2,608,3,3,2,5.472270673671475,5.030437921392435,0.0,0.0,0.0,0.0,0,4,1,0.0,3,2010,8,4,236500.0,8.074337694089515,3,15,14,2.772588722239781,13,5.77827132664694,304.0,1.2044058788524559,5.966146739123692,0.0,1,0.6931471805599453,0.6931471805599453,0,12.373707715234994
732,4.382026634673881,3,4.290459441148391,9.168476167877484,1,1,0,3,0,0,0,23,2,2,0,7,7,5,2003,2003,1,1,12,13,1,6.093569770045136,4,3,2,5,3,0,2,6.668228248417403,6,0.0,4.418840607796598,868.0,1,5,1,4,7.044032897274685,0.0,0.0,7.044032897274685,1,0.0,2,0,3,0.6931471805599453,4,6,6,1,4,1,2003.0,0,2,438,3,3,2,5.081404364984463,3.1354942159291497,0.0,0.0,0.0,0.0,0,4,1,0.0,5,2007,8,4,187500.0,7.607878073278507,3,4,4,1.6094379124341003,12,5.25227342804663,219.0,2.124443270602799,5.209486152841421,0.0,1,0.6931471805599453,0.6931471805599453,1,12.141539457711714
733,4.0943445622221,3,4.31748811353631,9.341719450032562,1,1,0,3,0,4,0,5,2,2,0,5,7,5,1998,1999,1,1,12,13,1,5.313205979041787,4,3,2,4,3,0,0,5.53338948872752,6,0.0,6.804614520062624,1153.0,1,5,1,4,7.050122520269059,6.778784897685177,0.0,7.616283561580385,0,0.0,2,1,3,0.6931471805599453,4,8,6,1,3,1,1998.0,0,2,541,3,3,2,5.262690188904886,4.442651256490317,0.0,0.0,0.0,0.0,0,4,1,0.0,7,2008,8,4,222500.0,8.065893546964274,3,10,9,2.3978952727983707,12,5.536842019900549,270.5,1.7254358884521779,5.6240175061873385,0.0,1,0.6931471805599453,0.6931471805599453,1,12.312686874960354
734,2.995732273553991,3,4.382026634673881,9.210340371976184,1,1,3,3,0,0,0,19,1,2,0,2,5,6,1961,1983,3,1,6,6,2,0.0,3,3,1,3,3,3,1,6.38856140554563,6,0.0,5.602118820879701,864.0,1,5,1,4,7.042286171939743,0.0,0.0,7.042286171939743,1,0.0,1,0,3,0.6931471805599453,3,6,6,1,3,1,1961.0,2,1,264,3,3,2,5.111987788356544,0.0,0.0,0.0,0.0,0.0,0,1,3,5.993961427306569,3,2009,8,4,131400.0,7.60489448081162,2,48,26,3.8918202981106265,11,5.250526702711688,264.0,2.1680542000364396,5.111987788356544,0.0,1,0.6931471805599453,0.6931471805599453,0,11.786008995353765
735,2.995732273553991,3,4.2626798770413155,9.102532419341877,1,1,0,3,0,0,0,19,2,2,0,2,5,5,1968,1968,1,1,9,10,2,0.0,3,3,2,3,3,3,6,0.0,6,0.0,6.855408798609928,948.0,1,3,1,4,6.854354502255021,0.0,0.0,6.854354502255021,0,0.0,1,0,3,0.6931471805599453,3,6,6,0,0,1,1968.0,3,1,300,3,3,2,4.997212273764115,0.0,0.0,0.0,0.0,0.0,0,4,1,0.0,5,2007,8,3,108000.0,7.547501682814967,1,39,39,3.6888794541139363,10,5.062595033026967,300.0,2.2481779170868554,4.997212273764115,0.0,0,0.6931471805599453,0.6931471805599453,0,11.58989576532275
736,4.31748811353631,4,4.0943445622221,9.287301413112312,1,1,3,3,0,4,0,17,2,2,0,4,7,7,1914,1970,1,1,13,14,2,0.0,3,3,0,4,3,2,5,5.968707559985366,6,0.0,6.19644412779452,880.0,2,2,0,4,6.779921907472252,6.790097235513905,0.0,7.477604243197589,0,0.0,1,1,2,0.6931471805599453,3,6,6,2,3,5,1914.0,3,2,320,3,3,0,0.0,5.834810737062605,0.0,0.0,0.0,0.0,0,4,1,0.0,10,2006,8,4,163000.0,7.881559917056899,2,92,36,4.532599493153256,14,5.685844773969534,160.0,1.8096971699147222,5.834810737062605,0.0,1,0.6931471805599453,0.6931471805599453,0,12.001511614739405
737,4.499809670330265,3,4.0943445622221,9.052984561199976,1,1,3,3,0,4,0,12,2,2,2,2,3,4,1950,1950,1,1,11,11,2,0.0,3,3,1,0,0,4,4,0.0,4,0.0,0.0,0.0,1,4,0,1,6.946975992135418,0.0,0.0,6.946975992135418,0,0.0,2,0,2,1.0986122886681098,3,6,6,0,0,5,1949.0,3,2,400,3,3,2,0.0,0.0,0.0,0.0,0.0,0.0,0,4,1,0.0,7,2006,8,4,93500.0,6.946975992135418,2,56,56,4.060443010546419,7,5.155216522907363,200.0,2.106008569064558,0.0,0.0,0,0.0,0.6931471805599453,0,11.445727410406752
738,4.0943445622221,3,4.276666119016055,9.255600503381046,1,1,0,1,0,1,0,8,2,2,0,5,8,5,2005,2005,1,1,12,13,2,0.0,4,3,2,4,3,3,6,0.0,6,0.0,6.795705775173514,893.0,1,5,1,4,6.803505257608338,6.803505257608338,0.0,7.496097345175956,0,0.0,2,1,3,0.6931471805599453,4,8,6,1,4,1,2005.0,0,3,800,3,3,2,0.0,4.762173934797756,0.0,0.0,0.0,0.0,0,4,1,0.0,6,2006,8,4,239900.0,7.898782356970309,3,1,1,0.6931471805599453,13,5.41665580349612,266.6666666666667,1.7595031582050913,4.762173934797756,0.0,1,0.6931471805599453,0.6931471805599453,0,12.3879816172226
739,4.499809670330265,3,4.0943445622221,9.287301413112312,1,1,3,3,0,4,0,7,2,2,2,2,5,5,1987,1988,1,1,9,10,2,0.0,3,3,1,4,4,1,2,7.0909098220799835,6,0.0,0.0,1200.0,1,3,1,4,7.090076835776092,0.0,0.0,7.090076835776092,3,0.0,3,0,3,0.6931471805599453,3,5,6,0,0,6,0.0,1,0,0,0,0,2,4.795790545596741,0.0,0.0,0.0,0.0,0.0,0,4,1,0.0,3,2009,8,2,179000.0,7.783224016336037,6,22,21,7.605890001053122,10,5.480638923341991,0.0,2.1972245773362196,4.795790545596741,0.0,0,0.6931471805599453,0.0,0,12.095146671399466
740,4.0943445622221,3,4.174387269895637,9.139166552521658,1,1,0,3,0,4,0,5,2,2,0,5,7,5,2004,2004,1,1,12,13,2,0.0,4,3,2,4,3,3,6,0.0,6,0.0,6.762729506931879,864.0,1,5,1,4,6.761572768804055,6.762729506931879,0.0,7.454719949364001,0,0.0,2,1,3,0.6931471805599453,4,7,6,0,0,1,2004.0,2,2,572,3,3,2,5.236441962829949,4.04305126783455,0.0,0.0,0.0,0.0,0,4,1,0.0,4,2009,8,4,190000.0,7.860185057472165,3,5,5,1.791759469228055,12,5.508809800308688,286.0,1.6844466031576568,5.497168225293202,0.0,0,0.6931471805599453,0.6931471805599453,0,12.154784614286667
741,4.248495242049359,4,4.0943445622221,9.169518377455928,1,0,3,3,0,4,0,17,2,2,0,5,5,7,1910,2002,1,1,13,15,2,0.0,3,4,0,2,2,3,6,0.0,6,0.0,5.579729825986222,264.0,1,5,1,4,6.643789733147672,6.499787040655854,0.0,7.266827347520591,0,0.0,2,0,2,0.6931471805599453,3,7,6,0,0,5,1910.0,3,2,360,3,4,2,5.602118820879701,0.0,4.727387818712341,0.0,0.0,0.0,0,0,1,0.0,5,2007,8,0,132000.0,7.4360278163518485,2,97,5,4.584967478670572,12,5.320917198465278,180.0,1.9026910299353368,5.948034989180646,0.0,0,0.6931471805599453,0.6931471805599453,0,11.790564777297387
742,2.995732273553991,3,4.174387269895637,8.81996090128606,1,1,0,3,0,4,0,19,1,2,0,2,6,8,1961,1996,3,1,6,6,2,0.0,3,4,1,3,3,2,2,6.725033642166843,6,0.0,4.394449154672439,912.0,1,4,1,4,6.815639990074331,0.0,0.0,6.815639990074331,1,0.6931471805599453,1,0,3,0.6931471805599453,4,5,6,0,0,5,1962.0,3,1,288,3,3,2,5.1298987149230735,0.0,0.0,0.0,0.0,0.0,0,0,1,0.0,5,2008,8,4,142000.0,7.508787170634276,3,47,12,3.8501476017100584,14,5.206202077640231,288.0,2.0043209112117277,5.1298987149230735,0.0,0,0.6931471805599453,0.6931471805599453,0,11.863589378812122
743,2.995732273553991,3,4.174387269895637,9.041921720351219,1,1,3,3,0,4,0,20,2,2,0,2,7,5,2000,2001,1,1,12,13,1,4.6913478822291435,3,3,2,4,3,3,6,0.0,6,0.0,7.2078598714324755,1349.0,1,5,1,4,7.207118856207756,0.0,0.0,7.207118856207756,0,0.0,2,0,3,0.6931471805599453,3,6,6,0,0,1,2000.0,3,2,539,3,3,2,4.795790545596741,4.02535169073515,0.0,0.0,0.0,0.0,0,0,1,0.0,12,2007,8,4,179000.0,7.900266036767701,2,7,6,2.0794415416798357,12,5.415359386979701,269.5,1.8348028641434637,5.170483995038151,0.0,0,0.6931471805599453,0.6931471805599453,1,12.095146671399466
744,4.382026634673881,3,4.248495242049359,9.463896729698588,1,1,0,3,0,4,0,19,2,2,0,7,5,6,1963,1999,1,1,6,6,2,0.0,3,3,1,4,3,0,0,6.09807428216624,6,0.0,4.343805421853684,520.0,1,5,1,4,7.288927694521257,0.0,0.0,7.288927694521257,0,0.6931471805599453,2,0,3,0.6931471805599453,3,6,3,1,3,1,1997.0,2,2,480,3,3,2,5.713732805509369,0.0,0.0,0.0,4.61512051684126,0.0,0,4,1,0.0,10,2009,8,4,175000.0,7.592870287844818,3,46,10,2.5649493574615367,11,5.497168225293202,240.0,2.1749690351773308,5.998936561946683,0.0,1,0.6931471805599453,0.6931471805599453,0,12.07254696717504
745,4.787491742782046,3,3.713572066704308,8.593227877692234,1,1,0,1,0,4,0,22,2,2,4,2,8,5,1993,1993,1,1,6,6,2,0.0,4,3,2,4,3,3,2,6.598509028614515,6,0.0,6.405228458030842,1337.0,1,4,1,4,7.198183577101943,0.0,0.0,7.198183577101943,1,0.0,2,0,2,0.6931471805599453,4,5,6,1,3,1,1993.0,2,2,462,3,3,2,4.574710978503383,0.0,4.2626798770413155,5.1298987149230735,0.0,0.0,0,4,1,0.0,10,2008,8,4,180000.0,7.891330757661889,3,15,15,2.772588722239781,13,5.588745664667843,231.0,1.395044300590292,5.814130531825066,0.0,1,0.6931471805599453,0.6931471805599453,0,12.100717685412471
746,4.0943445622221,3,4.382026634673881,9.100860271357362,1,1,0,3,0,4,0,14,2,2,0,5,8,9,1976,1996,3,1,12,13,1,5.66988092298052,5,4,1,3,4,3,2,6.3561076606958915,0,4.394449154672439,6.1903154058531475,1142.0,1,5,1,4,7.069023426578259,7.340186835320115,0.0,7.906547232368036,0,0.6931471805599453,3,1,4,0.6931471805599453,4,11,6,2,3,3,1994.0,0,2,831,3,3,2,0.0,5.3230099791384085,0.0,0.0,0.0,0.0,0,4,1,0.0,7,2008,8,4,299800.0,8.257644958208228,5,32,12,2.70805020110221,17,5.508651959569665,415.5,1.1943130389893257,5.3230099791384085,0.0,1,0.6931471805599453,0.6931471805599453,1,12.61087420020211
747,4.0943445622221,3,4.174387269895637,9.081938657171658,1,1,0,3,0,4,0,8,2,2,0,5,7,5,2000,2000,1,1,12,13,2,0.0,4,3,2,4,3,3,2,5.707110264748875,6,0.0,6.481577129276431,952.0,1,5,1,4,6.887552571664617,7.152268856032539,0.0,7.721348612617949,0,0.0,2,1,4,0.6931471805599453,4,8,6,1,3,3,2000.0,0,2,554,3,3,2,5.41610040220442,4.007333185232471,0.0,0.0,0.0,0.0,0,4,1,0.0,4,2009,8,4,236000.0,8.073402968986406,3,9,9,2.302585092994046,12,5.641907070938114,277.0,1.3605900445537091,5.631211781821365,0.0,1,0.6931471805599453,0.6931471805599453,0,12.371591321286905
748,4.248495242049359,4,4.174387269895637,9.367344120785848,1,2,0,3,0,0,0,17,2,2,0,5,7,7,1880,2003,4,1,11,12,2,0.0,4,3,4,3,2,3,6,0.0,6,0.0,7.123672785204607,1240.0,2,3,0,4,7.1853870155804165,7.186144304522325,0.0,7.878534196140362,0,0.0,1,1,4,0.6931471805599453,4,8,6,1,4,5,1950.0,3,4,864,3,3,0,5.204006687076795,0.0,5.958424693029782,0.0,0.0,0.0,0,4,1,0.0,5,2009,8,4,265979.0,8.263590432617319,2,129,6,4.0943445622221,14,5.799092654460526,216.0,1.4888099246454856,6.342121418721152,0.0,1,0.6931471805599453,0.6931471805599453,0,12.491176396967154
749,2.995732273553991,3,4.07753744390572,9.267948684596496,1,1,0,3,0,4,0,15,2,2,0,2,7,5,1996,1996,3,1,12,13,1,5.82600010738045,4,3,2,4,3,3,2,6.824373670043086,6,0.0,6.687108607866515,1720.0,1,5,1,4,7.450079569807499,0.0,0.0,7.450079569807499,1,0.0,2,0,3,0.6931471805599453,4,7,6,1,3,1,1996.0,0,2,527,3,3,2,5.484796933490655,4.04305126783455,5.043425116919247,0.0,0.0,0.0,0,4,1,0.0,3,2010,8,4,260400.0,8.143226750367445,3,14,14,2.70805020110221,12,5.504169420752185,263.5,1.8178691147889974,6.111467339502679,0.0,1,0.6931471805599453,0.6931471805599453,1,12.469978029554953
750,3.912023005428146,3,3.912023005428146,9.036582045842716,1,1,3,3,0,4,0,7,2,2,0,0,4,3,1945,1950,1,1,14,15,2,0.0,3,3,3,0,0,4,4,0.0,4,0.0,0.0,0.0,5,3,0,1,6.992096427415888,6.091309882077698,0.0,7.332369205929062,0,0.0,2,0,4,0.6931471805599453,3,9,4,0,0,5,1945.0,3,1,240,3,3,0,4.532599493153256,0.0,5.225746673713202,0.0,0.0,0.0,0,4,1,0.0,4,2009,8,4,98000.0,7.332369205929062,2,64,59,4.174387269895637,7,5.135144628592843,240.0,1.7042128399136536,5.627621113690637,0.0,0,0.0,0.6931471805599453,0,11.49273296168228
751,3.912023005428146,4,4.007333185232471,9.082507000466299,1,0,3,3,0,0,0,17,2,2,0,0,4,7,1910,2004,1,1,13,14,2,0.0,3,3,0,3,2,3,6,0.0,6,0.0,6.3578422665081,576.0,1,4,1,4,6.674561391814426,5.855071922202427,0.0,7.038783541388542,0,0.0,1,0,3,0.6931471805599453,3,7,3,0,0,6,0.0,1,0,0,0,0,0,0.0,5.081404364984463,0.0,0.0,0.0,0.0,0,4,1,0.0,6,2010,8,4,96500.0,7.447751280047908,1,100,6,7.606387389772652,11,5.092873392333228,0.0,2.0437234590777567,5.081404364984463,0.0,0,0.6931471805599453,0.0,0,11.477308649967686
752,4.0943445622221,3,4.174387269895637,8.955448122347393,1,1,3,3,0,4,0,8,6,2,0,5,7,5,2003,2003,1,1,12,13,2,0.0,4,3,2,4,3,3,6,0.0,6,0.0,6.493753839851686,660.0,1,5,1,4,6.492239835020471,6.493753839851686,0.0,7.1853870155804165,0,0.0,2,1,3,0.6931471805599453,4,6,6,0,0,1,2003.0,0,2,400,3,3,2,0.0,3.8918202981106265,0.0,0.0,0.0,0.0,0,4,1,0.0,8,2007,8,4,162000.0,7.590852123688581,3,4,4,1.6094379124341003,12,5.393627546352362,200.0,1.770061106766976,3.8918202981106265,0.0,0,0.6931471805599453,0.6931471805599453,0,11.995357787034976
753,2.995732273553991,3,4.3694478524670215,9.130864170474386,1,1,0,3,0,4,0,5,2,2,0,2,6,5,1997,1997,1,1,12,13,2,0.0,3,4,2,4,3,1,2,7.0909098220799835,6,0.0,5.634789603169249,1479.0,1,5,1,4,7.309212365692763,0.0,0.0,7.309212365692763,1,0.0,2,0,3,0.6931471805599453,4,6,6,0,0,1,1997.0,2,2,576,3,3,2,5.1298987149230735,3.332204510175204,0.0,0.0,0.0,0.0,0,4,1,0.0,7,2006,8,4,217000.0,7.997326822998097,3,9,9,2.302585092994046,11,5.517452896464707,288.0,1.8216518047816233,5.278114659230517,0.0,0,0.6931471805599453,0.6931471805599453,0,12.28765724080691
754,4.0943445622221,3,4.382026634673881,9.234056898593499,1,1,3,3,0,4,0,16,2,2,0,5,8,5,2005,2005,1,1,12,13,1,5.187385805840755,4,3,2,4,3,2,6,0.0,6,0.0,6.93828448401696,1030.0,1,4,1,4,6.945051063725834,6.966967138613983,0.0,7.6487397889562425,0,0.0,2,1,3,0.6931471805599453,5,8,6,1,4,1,2005.0,2,3,878,3,3,2,5.262690188904886,3.970291913552122,0.0,0.0,0.0,0.0,0,4,1,0.0,3,2006,8,4,275500.0,8.048149101665201,3,1,1,0.6931471805599453,13,5.569298247276406,292.6666666666667,1.5853171096372562,5.501258210544727,0.0,1,0.6931471805599453,0.6931471805599453,1,12.526346537332584
755,2.995732273553991,3,4.110873864173311,8.978408314628894,1,1,3,3,0,4,0,12,2,2,0,2,6,8,1969,2005,1,1,9,10,2,0.0,3,3,1,3,3,3,2,6.0867747269123065,3,6.159095388491933,4.7535901911063645,1026.0,1,4,1,4,6.933423025730715,0.0,0.0,6.933423025730715,1,0.0,1,0,3,0.6931471805599453,4,5,6,0,0,5,1969.0,2,2,440,3,3,2,5.147494476813453,3.8918202981106265,0.0,0.0,0.0,0.0,0,4,1,0.0,7,2009,8,4,156000.0,7.62657020629066,2,40,4,3.713572066704308,14,5.323985113296614,220.0,2.0449852888981788,5.393627546352362,0.0,0,0.6931471805599453,0.6931471805599453,0,11.957617696467539
756,5.075173815233827,1,3.5263605246161616,8.080237416216702,1,2,3,3,0,4,0,21,2,2,4,5,6,5,1999,1999,1,1,8,8,1,6.796823718274855,3,3,2,4,3,3,2,5.945420608606575,6,0.0,5.855071922202427,729.0,1,4,1,4,6.60934924316738,6.593044534142437,0.0,7.293697720601438,0,0.0,2,1,3,0.6931471805599453,3,6,6,0,0,5,1999.0,3,2,440,3,3,2,0.0,3.2188758248682006,0.0,0.0,0.0,0.0,0,4,1,0.0,3,2009,8,4,172500.0,7.696212639346407,3,10,10,2.3978952727983707,11,5.5019382513733825,220.0,0.7865396956152648,3.2188758248682006,0.0,0,0.6931471805599453,0.6931471805599453,1,12.058158312538197
757,4.0943445622221,3,4.219507705176107,9.284426915328881,1,1,0,3,0,4,0,5,2,2,0,5,8,5,2007,2007,1,1,12,13,2,0.0,4,3,2,4,3,0,2,3.044522437723423,6,0.0,6.741700694652055,866.0,1,5,1,4,6.763884908562435,6.805722553416985,0.0,7.477604243197589,0,0.0,2,1,3,0.6931471805599453,4,7,6,0,0,1,2007.0,2,2,578,3,3,2,4.976733742420574,4.663439094112067,0.0,0.0,0.0,0.0,0,4,1,0.0,4,2009,8,4,212000.0,7.876258882303226,3,2,2,1.0986122886681098,13,5.531694094142275,289.0,1.806822672131292,5.521460917862246,0.0,0,0.6931471805599453,0.6931471805599453,0,12.264346270624157
758,4.0943445622221,3,4.2626798770413155,9.360138737064577,1,1,0,3,0,1,0,19,2,2,0,5,6,5,1978,1978,3,1,6,6,0,5.796057750765372,3,3,1,3,3,2,5,6.0844994130751715,6,0.0,5.459585514144159,672.0,1,3,1,4,6.51025834052315,6.5722825426940075,0.0,7.234177179749849,0,0.0,2,1,3,0.6931471805599453,3,6,6,1,3,1,1978.0,0,2,440,3,3,2,5.817111159963204,0.0,0.0,0.0,0.0,0.0,0,0,1,0.0,4,2010,8,0,158900.0,7.629489916393995,3,32,32,3.4965075614664802,11,5.442417710521793,220.0,2.125961557314729,5.817111159963204,0.0,1,0.6931471805599453,0.6931471805599453,1,11.97603664577121
759,5.075173815233827,1,3.1780538303479458,7.731930721948486,1,2,3,3,0,4,0,21,2,2,3,5,7,5,1999,1999,1,1,8,8,1,5.8888779583328805,3,3,2,4,3,3,0,6.309918278226516,6,0.0,5.278114659230517,744.0,1,4,1,4,6.6293632534374485,6.61338421837956,0.0,7.313886831633462,0,0.0,2,1,3,0.6931471805599453,3,6,6,0,0,5,1999.0,3,2,440,3,3,2,0.0,0.0,0.0,0.0,0.0,0.0,0,4,1,0.0,8,2008,8,4,179400.0,7.716460800176355,3,9,9,2.302585092994046,12,5.522127362405407,220.0,0.4180438903150246,0.0,0.0,0,0.6931471805599453,0.6931471805599453,1,12.097378802727306
760,4.0943445622221,3,4.174387269895637,9.413852481341165,1,1,0,3,0,4,0,15,2,2,0,5,8,5,1995,1995,1,1,12,13,1,6.2422232654551655,4,3,2,4,3,0,3,4.04305126783455,0,4.174387269895637,7.089243155027514,1318.0,1,5,1,4,7.191429330036379,7.093404625868766,0.0,7.836369760545124,0,0.0,2,1,4,0.6931471805599453,4,9,6,1,3,1,1995.0,2,3,752,3,3,2,5.407171771460119,4.59511985013459,0.0,0.0,0.0,0.0,0,4,1,0.0,11,2007,8,4,290000.0,8.255568653283746,3,12,12,2.5649493574615367,13,5.639145183208905,250.66666666666666,1.5774827207960411,5.771441123130016,0.0,1,0.6931471805599453,0.6931471805599453,1,12.577639650232573
761,2.995732273553991,3,4.248495242049359,9.116029692504942,1,1,3,3,0,4,0,12,2,2,0,2,6,6,1959,1959,3,1,13,14,2,0.0,3,3,1,3,3,3,5,6.418364935936212,6,0.0,5.53338948872752,864.0,1,5,1,4,6.761572768804055,0.0,0.0,6.761572768804055,0,0.0,1,0,2,0.6931471805599453,3,5,6,0,0,5,2008.0,3,1,300,5,5,2,0.0,0.0,0.0,0.0,0.0,0.0,0,4,3,6.111467339502679,10,2009,8,4,127500.0,7.454719949364001,1,50,50,0.6931471805599453,12,5.152134856369956,300.0,2.354456923700886,0.0,0.0,0,0.6931471805599453,0.6931471805599453,0,11.755879486687116
762,3.4011973816621555,4,4.0943445622221,8.840869624091395,1,1,3,3,0,2,0,3,1,2,0,2,5,5,1924,1950,1,1,13,14,2,0.0,3,3,2,3,3,2,3,6.0063531596017325,6,0.0,6.608000625296087,1145.0,1,3,1,4,7.170888478512505,0.0,0.0,7.170888478512505,0,0.0,1,0,2,0.6931471805599453,2,5,2,0,0,5,1965.0,3,2,440,3,3,2,0.0,0.0,0.0,0.0,0.0,0.0,0,4,1,0.0,10,2009,8,4,100000.0,7.802209316247118,1,85,59,3.8066624897703196,10,5.561450566078405,220.0,1.669981145578889,0.0,0.0,0,0.6931471805599453,0.6931471805599453,0,11.51293546492023
763,4.0943445622221,1,4.276666119016055,9.064157861798101,1,1,3,3,0,4,0,21,2,2,0,5,7,5,2009,2009,1,1,12,13,2,0.0,3,3,2,4,3,2,2,3.2188758248682006,6,0.0,6.597145701886651,756.0,1,5,1,4,6.638567789166521,6.664409020350408,0.0,7.344072850573066,0,0.0,2,1,3,0.6931471805599453,4,7,6,0,0,1,2009.0,3,2,614,3,3,2,5.135798437050262,3.828641396489095,0.0,0.0,0.0,0.0,0,4,1,0.0,6,2010,2,4,215200.0,7.741967899820685,3,1,1,0.6931471805599453,12,5.3981627015177525,307.0,1.7200850112250352,5.3706380281276624,0.0,0,0.6931471805599453,0.6931471805599453,0,12.279327754099118
764,4.0943445622221,3,4.406719247264253,9.151651375627504,1,1,3,3,0,4,0,15,2,2,0,5,8,5,1999,1999,1,1,12,13,1,6.513230110912307,4,3,2,4,3,2,2,7.059617628291383,6,0.0,4.499809670330265,1252.0,1,5,1,4,7.145196134997171,7.001245622069476,0.0,7.768533300926033,1,0.0,2,1,3,0.6931471805599453,4,8,6,1,4,1,1999.0,2,3,856,3,3,2,0.0,4.859812404361672,0.0,0.0,5.198497031265826,0.0,0,4,1,0.0,7,2009,8,4,337000.0,8.193400231952097,4,10,10,2.3978952727983707,13,5.689091759246198,285.3333333333333,1.3831180747014697,5.733341276897746,0.0,1,0.6931471805599453,0.6931471805599453,1,12.727841176689147
765,4.787491742782046,3,3.4011973816621555,9.164191715950203,1,1,0,3,0,1,0,24,2,2,4,2,8,5,1995,1996,3,1,3,3,2,0.0,4,4,2,4,4,0,3,6.082218910376446,2,6.964135612418245,0.0,1494.0,1,5,1,4,7.309212365692763,0.0,0.0,7.309212365692763,1,0.0,1,1,2,0.6931471805599453,5,6,6,1,4,1,1995.0,0,2,481,3,3,2,0.0,3.4339872044851463,0.0,0.0,5.37989735354046,0.0,0,4,1,0.0,4,2006,8,4,270000.0,8.002359546252707,3,11,10,2.4849066497880004,13,5.517452896464707,240.5,1.8549793502574399,5.5093883366279774,0.0,1,0.6931471805599453,0.6931471805599453,0,12.506180941677357
766,2.995732273553991,3,4.31748811353631,9.587886000086213,1,1,0,3,0,4,0,21,2,2,0,2,9,5,2008,2008,1,1,12,13,3,5.652489180268651,4,3,2,4,3,3,6,0.0,6,0.0,7.312553498102598,1498.0,1,5,1,4,7.317212408359839,0.0,0.0,7.317212408359839,0,0.0,2,0,2,0.6931471805599453,5,6,6,1,4,1,2008.0,0,2,592,3,3,2,0.0,5.1647859739235145,0.0,0.0,0.0,0.0,0,4,1,0.0,8,2008,6,5,264132.0,8.007700012884026,2,0,0,0.0,14,5.5254529391317835,296.0,2.2706735917263745,5.1647859739235145,0.0,1,0.6931471805599453,0.6931471805599453,1,12.484208043148733
767,4.0943445622221,3,4.382026634673881,9.251578279992428,1,1,3,3,0,4,0,14,2,2,0,5,7,5,1988,1988,1,1,6,6,1,3.7612001156935624,3,3,1,4,3,3,2,5.978885764901122,6,0.0,6.375024819828097,980.0,1,3,1,4,6.887552571664617,6.5998704992128365,0.0,7.446585099157725,0,0.0,2,1,3,0.6931471805599453,3,7,6,1,3,1,1988.0,3,2,496,3,3,2,5.43372200355424,4.204692619390966,5.056245805348308,0.0,0.0,0.0,0,2,3,6.2166061010848646,3,2010,8,4,196500.0,7.898782356970309,3,22,22,3.1354942159291497,12,5.500674950102412,248.0,1.8049931808347024,6.111467339502679,0.0,1,0.6931471805599453,0.6931471805599453,1,12.188422799337028
768,3.912023005428146,3,4.31748811353631,9.434123718577732,1,1,0,3,0,4,0,11,2,2,0,0,6,7,1940,1985,1,1,12,13,2,0.0,3,3,1,4,3,2,0,6.493753839851686,6,0.0,5.780743515792329,983.0,1,5,1,4,6.890609120147166,6.643789733147672,0.0,7.4673710669175595,1,0.0,2,0,4,0.6931471805599453,3,7,4,0,0,1,1989.0,3,1,423,3,3,2,5.5053315359323625,0.0,5.056245805348308,0.0,0.0,0.0,0,4,3,7.170888478512505,7,2008,8,4,160000.0,7.913155185928068,3,68,23,2.995732273553991,13,5.521460917862246,423.0,1.966752651660172,5.996452088619021,0.0,0,0.6931471805599453,0.6931471805599453,0,11.982935344196433
769,2.995732273553991,3,4.248495242049359,9.116029692504942,1,1,3,3,0,4,0,5,2,2,0,2,7,5,2004,2005,3,1,12,13,2,0.0,4,3,2,4,3,3,2,3.2188758248682006,6,0.0,7.515889085215125,1860.0,1,5,1,4,7.515344571180436,0.0,0.0,7.515344571180436,0,0.0,2,0,3,0.6931471805599453,4,8,6,1,4,1,2004.0,0,2,484,3,3,2,4.795790545596741,3.5263605246161616,0.0,0.0,0.0,0.0,0,4,1,0.0,10,2006,8,4,216837.0,8.215006432761575,2,2,1,1.0986122886681098,12,5.4359030295006,242.0,1.6006851213245057,5.0369526024136295,0.0,1,0.6931471805599453,0.6931471805599453,0,12.28690580994122
770,4.0943445622221,3,3.8501476017100584,10.887511696444374,1,1,1,1,0,1,1,22,2,2,0,5,8,5,2003,2003,3,1,5,15,1,6.403574197934815,5,3,2,4,3,1,0,7.256297239690681,6,0.0,5.459585514144159,1650.0,1,5,1,4,7.432483807917119,7.371489295214277,0.0,8.095293776844649,1,0.0,3,1,4,0.6931471805599453,5,12,4,1,4,3,2003.0,0,3,841,3,3,2,6.222576268071369,3.6109179126442243,0.0,0.0,5.351858133476067,0.0,0,4,1,0.0,6,2010,8,4,538000.0,8.502891406705377,5,7,7,2.0794415416798357,13,5.610387127056648,280.3333333333333,2.792217919599725,6.620073206530356,0.0,1,0.6931471805599453,0.6931471805599453,1,13.195615697878253
771,4.442651256490317,3,4.2626798770413155,8.889032571874742,1,1,0,3,0,1,0,19,2,2,0,6,5,5,1982,1982,3,1,13,14,2,0.0,3,3,1,4,3,0,2,6.530877627725885,6,0.0,5.159055299214529,858.0,1,3,1,4,6.754604099487962,0.0,0.0,6.754604099487962,1,0.0,1,0,2,0.6931471805599453,3,5,6,0,0,5,1983.0,3,2,576,3,3,2,4.795790545596741,0.0,0.0,0.0,0.0,0.0,0,4,1,0.0,4,2009,8,4,134900.0,7.447751280047908,2,27,27,3.295836866004329,10,5.145166187053862,288.0,2.1344284723867792,4.795790545596741,0.0,0,0.6931471805599453,0.6931471805599453,0,11.812296455066814
772,2.995732273553991,3,4.204692619390966,9.09121894106832,1,1,3,3,0,4,0,7,2,2,0,2,4,5,1951,1951,1,1,13,14,2,0.0,3,3,1,2,2,3,3,6.729824070489475,6,0.0,0.0,836.0,1,3,1,1,7.106606137727303,0.0,0.0,7.106606137727303,0,0.0,1,0,2,0.6931471805599453,3,6,6,0,0,5,1951.0,3,2,396,3,3,2,0.0,0.0,0.0,0.0,0.0,0.0,0,4,1,0.0,4,2006,0,4,102000.0,7.628517626575055,1,55,55,4.02535169073515,9,5.314846668499247,198.0,1.984612803341017,0.0,0.0,0,0.6931471805599453,0.6931471805599453,0,11.532737896139919
773,4.382026634673881,3,4.543294782270004,8.964311948124514,1,1,3,3,0,4,0,7,2,2,0,7,6,5,1976,1976,1,1,9,10,2,0.0,3,3,1,3,3,0,0,6.0473721790462776,1,4.852030263919617,6.175867270105761,1029.0,1,3,1,4,7.018401799069201,0.0,0.0,7.018401799069201,1,0.0,1,0,3,0.6931471805599453,3,6,6,1,3,5,1976.0,3,2,672,3,3,2,4.976733742420574,0.0,0.0,0.0,0.0,0.0,0,2,1,0.0,3,2010,8,0,107000.0,7.671360923190644,2,34,34,3.5553480614894135,11,5.2266423298411455,336.0,1.9459101490553132,4.976733742420574,0.0,1,0.6931471805599453,0.6931471805599453,0,11.580593459194764
774,2.995732273553991,3,4.248495242049359,9.225228984469933,1,1,3,3,0,4,0,12,1,2,0,2,5,5,1958,1958,1,1,13,14,2,0.6931471805599453,3,3,1,3,3,3,5,6.124683390894205,6,0.0,6.124683390894205,912.0,1,5,1,0,6.815639990074331,0.0,0.0,6.815639990074331,0,0.0,1,0,2,0.6931471805599453,3,5,6,0,0,1,1958.0,2,1,275,3,3,2,0.0,0.0,0.0,0.0,0.0,0.0,0,4,1,0.0,7,2007,0,4,114500.0,7.508787170634276,1,49,49,3.912023005428146,10,5.206202077640231,275.0,2.409588994395602,0.0,0.0,0,0.6931471805599453,0.6931471805599453,1,11.648338835562747
775,2.995732273553991,3,4.700480365792417,9.56282655529346,1,1,3,3,0,0,0,16,2,2,0,2,8,5,2006,2006,3,1,12,13,1,5.929589143389895,4,3,2,4,3,0,6,0.0,6,0.0,7.568379267836522,1935.0,1,4,1,4,7.587310506022615,0.0,0.0,7.587310506022615,0,0.0,2,0,3,0.6931471805599453,4,9,6,1,4,1,2006.0,0,3,895,3,3,2,5.755742213586912,3.828641396489095,0.0,0.0,0.0,0.0,0,4,1,0.0,7,2007,6,5,395000.0,8.270781013162674,2,1,1,0.6931471805599453,13,5.390085928686396,298.3333333333333,1.975516049270845,5.8888779583328805,0.0,1,0.6931471805599453,0.6931471805599453,1,12.886643575525625
776,4.787491742782046,4,3.4657359027997265,8.411832675758411,1,1,3,3,0,2,0,11,2,2,4,2,6,5,1998,1998,3,1,12,13,1,5.771441123130016,3,3,2,5,3,3,2,6.7650389767805414,6,0.0,5.82600010738045,1204.0,1,5,1,4,7.093404625868766,0.0,0.0,7.093404625868766,1,0.0,2,0,2,0.6931471805599453,3,5,6,0,0,1,1998.0,0,2,412,3,3,2,0.0,5.5134287461649825,0.0,0.0,0.0,0.0,0,4,1,0.0,6,2009,8,4,162000.0,7.786551806428712,3,11,11,2.4849066497880004,11,5.483966713434666,206.0,1.3184280498896448,5.5134287461649825,0.0,0,0.6931471805599453,0.6931471805599453,1,11.995357787034976
777,2.995732273553991,3,4.454347296253507,9.324561516066206,1,1,0,3,0,4,0,5,2,2,0,2,7,5,2005,2006,1,1,12,13,1,5.484796933490655,4,3,2,4,3,0,2,3.044522437723423,6,0.0,7.374629015218945,1614.0,1,5,1,4,7.3864708488298945,0.0,0.0,7.3864708488298945,0,0.0,2,0,3,0.6931471805599453,4,7,6,0,0,1,2005.0,2,3,865,3,3,2,4.976733742420574,4.0943445622221,0.0,0.0,0.0,0.0,0,4,1,0.0,7,2006,6,5,221500.0,8.07961802938984,2,1,0,0.6931471805599453,12,5.440560699774581,288.3333333333333,1.9380906672363114,5.318119993844216,0.0,0,0.6931471805599453,0.6931471805599453,1,12.308182383129823
778,2.995732273553991,3,4.605170185988092,9.499271663828395,1,1,0,3,0,4,0,19,2,2,0,2,5,5,1974,1974,3,1,6,10,2,0.0,3,3,1,3,3,3,0,6.637258031284457,6,0.0,4.634728988229636,864.0,1,3,1,4,6.795705775173514,0.0,0.0,6.795705775173514,1,0.0,1,0,3,0.6931471805599453,3,5,6,1,2,1,1974.0,3,2,440,3,3,2,5.488937726156687,0.0,0.0,0.0,0.0,0.0,0,2,1,0.0,6,2006,8,4,142500.0,7.471932078245122,2,32,32,3.4965075614664802,10,5.186267862739414,220.0,2.7035658886548815,5.488937726156687,0.0,1,0.6931471805599453,0.6931471805599453,0,11.86710429621008
779,4.499809670330265,2,4.0943445622221,9.035986984831405,1,1,3,3,0,4,0,20,1,2,2,2,5,5,1977,1977,1,1,9,10,1,5.771441123130016,3,3,3,0,0,4,4,0.0,4,0.0,0.0,0.0,1,3,1,4,7.61085279039525,0.0,0.0,7.61085279039525,0,0.0,2,0,4,1.0986122886681098,3,10,6,2,3,5,1977.0,3,2,630,3,3,2,0.0,0.0,0.0,0.0,0.0,0.0,0,4,1,0.0,10,2007,8,4,144000.0,7.61085279039525,2,30,30,3.4339872044851463,10,5.308267697401205,315.0,1.4251341944361546,0.0,0.0,1,0.0,0.6931471805599453,1,11.87757552297847
780,4.499809670330265,3,4.356708826689592,9.261983605128021,1,1,3,3,0,4,0,11,2,2,2,6,6,5,1977,1977,1,1,9,7,1,4.51085950651685,3,3,1,4,3,1,2,6.883462586413092,6,0.0,0.0,975.0,1,3,1,4,6.911747300251674,0.0,0.0,6.911747300251674,1,0.0,1,0,2,0.6931471805599453,3,4,6,0,0,1,1977.0,3,2,504,3,3,2,0.0,0.0,0.0,0.0,0.0,0.0,0,4,1,0.0,5,2006,8,4,135000.0,7.590346945602565,2,29,29,3.4011973816621555,11,5.5254529391317835,252.0,2.3502363048763466,0.0,0.0,0,0.6931471805599453,0.6931471805599453,1,11.813037464800539
781,2.995732273553991,3,4.143134726391533,8.971448463693834,1,1,3,3,0,4,0,8,2,2,0,2,7,5,1995,1996,1,1,6,6,1,3.6635616461296463,3,3,2,4,4,3,6,0.0,6,0.0,7.121252453244542,1237.0,1,4,1,4,7.133295954896068,0.0,0.0,7.133295954896068,0,0.0,2,0,3,0.6931471805599453,3,6,6,1,3,1,1995.0,0,2,402,3,3,2,5.3981627015177525,3.091042453358316,0.0,0.0,0.0,0.0,0,4,1,0.0,6,2007,8,4,176000.0,7.820037989458753,2,12,11,2.5649493574615367,12,5.341536485668013,201.0,1.8381525087977655,5.488937726156687,0.0,1,0.6931471805599453,0.6931471805599453,1,12.07824495582233
782,4.0943445622221,3,4.174387269895637,8.875287128108384,1,1,3,3,0,4,0,20,2,2,0,5,6,5,1992,1992,1,1,12,13,2,0.0,4,4,2,4,3,3,0,5.961005339623274,6,0.0,5.926926025970411,761.0,1,5,1,4,6.697034247666484,6.677083461247136,0.0,7.3796321526095525,0,0.0,2,1,3,0.6931471805599453,4,7,6,0,0,1,1992.0,2,2,484,3,3,2,0.0,4.8283137373023015,0.0,0.0,0.0,0.0,0,4,1,0.0,7,2006,8,4,175900.0,7.768110378525988,3,14,14,2.70805020110221,11,5.43372200355424,242.0,1.4956549754988309,4.8283137373023015,0.0,0,0.6931471805599453,0.6931471805599453,0,12.077676615757813
783,2.995732273553991,3,4.204692619390966,9.697999717710333,1,1,1,3,0,4,0,5,2,2,0,2,7,5,2001,2002,1,1,12,13,2,0.0,4,3,2,4,3,3,6,0.0,6,0.0,7.254177846456518,1413.0,1,5,1,4,7.265429723253953,0.0,0.0,7.265429723253953,0,0.0,2,0,3,0.6931471805599453,4,6,6,0,0,1,2001.0,2,2,605,3,3,2,0.0,3.5263605246161616,0.0,0.0,0.0,0.0,0,4,1,0.0,6,2009,8,4,187100.0,7.952615111651,2,8,7,2.1972245773362196,12,5.473670254025898,302.5,2.432569994456381,3.5263605246161616,0.0,0,0.6931471805599453,0.6931471805599453,0,12.139403856983334
784,4.442651256490317,3,4.290459441148391,9.116139576577355,1,1,0,3,0,0,0,11,2,2,0,6,5,6,1978,1978,1,1,9,10,1,4.653960350157523,3,4,2,4,3,0,2,7.001245622069476,6,0.0,0.0,1097.0,1,5,1,4,7.01211529430638,0.0,0.0,7.01211529430638,1,0.0,1,0,1,0.6931471805599453,4,4,6,1,3,1,1978.0,0,2,602,3,3,2,5.717027701406222,3.4339872044851463,0.0,0.0,0.0,0.0,0,4,1,0.0,7,2009,8,4,165500.0,7.699389406256737,2,31,31,3.4657359027997265,11,5.625820933186489,301.0,2.104024282270976,5.811140992976701,0.0,1,0.6931471805599453,0.6931471805599453,1,12.016732516077072
785,4.31748811353631,4,3.5553480614894135,8.748304912379623,1,0,3,3,0,4,0,17,2,2,0,4,6,6,1914,2001,1,1,13,15,2,0.0,3,3,1,3,3,3,6,0.0,6,0.0,6.610696044717759,742.0,1,5,1,4,6.60934924316738,6.610696044717759,0.0,7.302496423727326,0,0.0,2,0,3,0.6931471805599453,3,9,6,1,4,6,0.0,1,0,0,0,0,2,0.0,5.676753802268282,4.90527477843843,0.0,0.0,0.0,0,4,1,0.0,6,2008,8,4,128000.0,7.70796153183549,2,94,7,7.605392364814935,12,5.105271846391107,0.0,1.4458084886522984,6.054439346269371,0.0,1,0.6931471805599453,0.0,0,11.759793355371237
786,2.995732273553991,3,4.382026634673881,9.189116735524555,1,1,3,3,0,4,0,14,1,2,0,2,6,5,1967,1967,1,1,3,14,2,0.0,3,3,1,3,3,3,5,5.529429087511423,3,6.447305862541213,6.198478716492308,1372.0,1,3,1,4,7.201916317531627,0.0,0.0,7.201916317531627,0,0.0,2,0,3,0.6931471805599453,3,7,6,1,4,1,1967.0,3,2,457,3,3,2,0.0,0.0,0.0,0.0,5.288267030694535,0.0,0,4,1,0.0,9,2009,8,4,161500.0,7.906178840394815,2,42,42,3.7612001156935624,11,5.256006168476314,228.5,1.987200417992929,5.288267030694535,0.0,1,0.6931471805599453,0.6931471805599453,0,11.992266613576142
787,3.912023005428146,4,4.0943445622221,9.287301413112312,1,1,3,3,0,4,0,17,0,2,0,0,5,6,1915,1950,1,1,8,8,2,0.0,3,4,2,2,3,3,3,6.532334292222349,6,0.0,0.0,686.0,1,3,1,4,6.873163834212518,6.532334292222349,0.0,7.409741954080923,1,0.0,2,0,4,0.6931471805599453,3,7,6,0,0,5,1961.0,3,1,416,3,3,2,0.0,0.0,5.2832037287379885,0.0,0.0,0.0,0,4,3,7.0909098220799835,6,2010,8,4,139000.0,7.757051142032013,3,95,60,3.912023005428146,11,5.4638318050256105,416.0,1.8775594590313878,5.2832037287379885,0.0,0,0.6931471805599453,0.6931471805599453,0,11.842236406331555
788,4.0943445622221,3,4.330733340286331,9.224440496354964,1,1,0,3,0,4,0,20,2,2,0,5,7,5,2004,2004,1,1,12,13,2,0.0,4,3,2,4,3,3,2,6.48768401848461,6,0.0,5.707110264748875,956.0,1,5,1,4,6.862757913051401,7.029087564149662,0.0,7.642044402873258,1,0.0,2,1,4,0.6931471805599453,4,8,6,0,0,3,2004.0,2,2,618,3,3,2,0.0,3.828641396489095,0.0,0.0,0.0,0.0,0,4,1,0.0,1,2010,8,4,233000.0,8.019612794400267,4,6,6,1.9459101490553132,12,5.5626028611934215,309.0,1.5823960934817067,3.828641396489095,0.0,0,0.6931471805599453,0.6931471805599453,0,12.358798024384122
789,2.995732273553991,4,3.912023005428146,8.699514748210191,1,1,3,3,0,0,0,17,2,2,0,2,4,7,1954,2000,1,1,8,8,2,0.0,3,3,1,3,3,3,6,0.0,6,0.0,6.804614520062624,901.0,1,5,1,4,6.803505257608338,0.0,0.0,6.803505257608338,0,0.0,1,0,2,0.6931471805599453,3,4,6,0,0,5,1954.0,3,1,281,2,3,2,0.0,0.0,0.0,0.0,0.0,0.0,0,4,1,0.0,8,2008,8,4,107900.0,7.496652438168283,1,54,8,4.007333185232471,11,5.417210896488447,281.0,1.896009490601854,0.0,0.0,0,0.6931471805599453,0.6931471805599453,0,11.588969419043872
790,4.0943445622221,3,4.382026634673881,9.40960098282706,1,1,0,2,0,4,0,4,2,2,0,5,6,8,1966,2007,1,1,6,6,1,5.062595033026967,3,3,1,3,2,1,3,6.343880434126331,6,0.0,5.579729825986222,832.0,1,4,1,4,6.883462586413092,7.013915474810528,0.0,7.643482907077201,0,0.0,2,1,5,0.6931471805599453,4,9,6,0,0,1,1966.0,0,2,444,3,3,2,4.897839799950911,5.1298987149230735,0.0,0.0,0.0,0.0,0,4,1,0.0,7,2007,8,4,187500.0,7.978996370854115,3,41,0,3.7376696182833684,14,5.4462583297409815,222.0,1.7661180757498596,5.71042701737487,0.0,0,0.6931471805599453,0.6931471805599453,1,12.141539457711714
791,4.787491742782046,3,3.7612001156935624,8.065265208897733,1,1,3,3,0,4,0,0,2,2,4,2,7,5,2005,2006,1,1,12,13,1,2.4849066497880004,4,3,2,4,3,3,2,2.833213344056216,6,0.0,7.029972911706386,1145.0,1,5,1,4,7.0431599159883405,0.0,0.0,7.0431599159883405,0,0.0,2,0,2,0.6931471805599453,4,5,6,1,4,1,2005.0,0,2,397,3,3,2,4.61512051684126,2.833213344056216,0.0,0.0,0.0,0.0,0,4,1,0.0,9,2009,8,4,160200.0,7.736307096548285,2,4,3,1.6094379124341003,12,5.43372200355424,198.5,1.0221052929093921,4.762173934797756,0.0,1,0.6931471805599453,0.6931471805599453,1,11.984184555794167
792,4.382026634673881,3,4.290459441148391,9.335474102732949,1,1,0,3,0,0,0,11,2,2,0,7,6,5,1976,1976,1,1,6,6,2,0.0,3,3,2,4,3,0,0,6.29156913955832,6,0.0,6.19644412779452,1029.0,1,3,1,4,6.967909201801884,0.0,0.0,6.967909201801884,1,0.0,1,0,3,0.6931471805599453,3,5,6,2,3,1,1976.0,2,2,539,3,3,2,4.795790545596741,0.0,0.0,0.0,0.0,0.0,0,4,1,0.0,5,2007,8,4,146800.0,7.645397699428633,2,31,31,3.4657359027997265,11,5.358471289367784,269.5,2.367564900931064,4.795790545596741,0.0,1,0.6931471805599453,0.6931471805599453,0,11.896833207128452
793,4.0943445622221,3,4.5217885770490405,9.20230820027892,1,1,0,3,0,1,0,15,2,2,0,5,7,5,1996,1997,1,1,8,8,2,0.0,4,3,2,4,3,0,2,6.760414691083428,6,0.0,5.545177444479562,1117.0,1,5,1,4,7.027314514039777,6.787844982309579,0.0,7.607381425639791,1,0.0,2,1,3,0.6931471805599453,3,8,6,1,3,1,1997.0,3,2,455,3,3,2,5.198497031265826,4.875197323201151,0.0,0.0,0.0,0.0,0,4,1,0.0,6,2007,8,4,269790.0,8.048788283534199,4,11,10,2.3978952727983707,12,5.527939883959956,227.5,1.5949267746391271,5.739792912179234,0.0,1,0.6931471805599453,0.6931471805599453,0,12.505402864156405
794,2.995732273553991,3,4.330733340286331,9.12238309321704,1,1,3,3,0,4,0,21,2,2,0,2,8,5,2007,2007,1,1,5,5,3,4.948759890378168,4,3,2,4,3,0,6,0.0,6,0.0,7.311218384419629,1496.0,1,5,1,4,7.310550158534422,0.0,0.0,7.310550158534422,0,0.0,2,0,3,0.6931471805599453,4,7,6,0,0,1,2007.0,0,2,474,3,3,2,5.1298987149230735,4.875197323201151,0.0,0.0,0.0,0.0,0,4,1,0.0,6,2007,6,5,225000.0,8.003697339094368,2,0,0,0.0,13,5.36464000947911,237.0,1.8118329346826183,5.700443573390687,0.0,0,0.6931471805599453,0.6931471805599453,1,12.323860125621126
795,4.0943445622221,3,4.174387269895637,9.290259995152056,1,1,0,3,0,0,0,8,2,2,0,5,7,5,1994,1996,1,1,8,8,2,0.0,4,3,2,4,3,3,6,0.0,6,0.0,6.569481420414296,712.0,1,5,1,4,6.990256500493881,6.697034247666484,0.0,7.546974117516527,0,0.0,2,1,3,0.6931471805599453,4,7,6,1,3,1,1994.0,0,2,409,3,3,2,4.969813299576001,3.8501476017100584,0.0,0.0,0.0,0.0,0,4,3,6.2166061010848646,10,2008,8,4,194500.0,7.865955413933502,3,14,12,2.70805020110221,12,5.601063968461213,204.5,1.7432858776355296,5.247024072160486,0.0,1,0.6931471805599453,0.6931471805599453,0,12.178192583415596
796,4.0943445622221,3,4.248495242049359,9.035986984831405,1,1,3,3,0,4,0,20,2,2,0,5,6,6,1980,1981,1,1,6,6,1,4.875197323201151,3,3,1,4,3,3,6,0.0,6,0.0,6.478509642208569,650.0,1,3,1,4,6.78897174299217,6.517671272912275,0.0,7.355001921105257,0,0.0,2,1,3,0.6931471805599453,3,7,6,1,3,1,1980.0,3,2,476,3,3,2,0.0,3.9318256327243257,0.0,0.0,5.3230099791384085,0.0,0,2,1,0.0,4,2010,8,4,171000.0,7.7025561132685825,3,30,29,3.4339872044851463,12,5.409091772049943,238.0,1.6809850637261485,5.541263545158426,0.0,1,0.6931471805599453,0.6931471805599453,1,12.049424683420915
797,2.995732273553991,3,4.2626798770413155,9.011523512653032,1,1,3,3,0,4,0,19,2,2,0,2,6,5,1977,1977,1,1,9,10,1,5.003946305945459,3,3,1,3,3,3,6,0.0,6,0.0,6.493753839851686,660.0,1,5,1,4,7.158513997329321,0.0,0.0,7.158513997329321,0,0.0,1,1,3,0.6931471805599453,3,7,6,1,3,1,1977.0,2,2,528,3,3,2,4.9344739331306915,0.0,0.0,0.0,0.0,0.0,0,2,1,0.0,4,2007,8,4,143500.0,7.573017256052546,2,30,30,3.4339872044851463,11,5.212603848274007,264.0,1.8530095153237105,4.9344739331306915,0.0,1,0.6931471805599453,0.6931471805599453,1,11.874097282798648
798,2.995732273553991,3,4.04305126783455,8.945984124827898,1,1,3,3,0,4,0,12,2,2,0,2,5,5,1953,1953,1,1,12,13,2,0.0,3,3,1,3,3,3,1,6.3473892096560105,6,0.0,5.318119993844216,773.0,1,4,1,4,6.650279048587422,0.0,0.0,6.650279048587422,0,0.0,1,0,2,0.6931471805599453,3,4,6,0,0,1,1953.0,3,1,240,3,3,2,0.0,0.0,0.0,0.0,0.0,0.0,0,4,1,0.0,4,2008,8,0,110000.0,7.343426229147367,1,55,55,4.02535169073515,10,5.263984687467532,240.0,2.2957050762404765,0.0,0.0,0,0.6931471805599453,0.6931471805599453,0,11.608244735642321
799,4.0943445622221,3,4.6443908991413725,9.511777409660299,1,1,3,3,0,4,0,16,2,2,0,5,9,5,2008,2009,3,1,12,13,3,6.7580945044277305,5,3,2,5,3,3,6,0.0,6,0.0,7.563719668414366,1926.0,1,5,1,4,7.583756300707112,7.069023426578259,0.0,8.0519780789023,0,0.0,3,1,4,0.6931471805599453,5,11,6,2,4,3,2009.0,0,3,820,3,3,2,4.976733742420574,4.3694478524670215,0.0,0.0,0.0,0.0,0,4,1,0.0,7,2009,6,5,485000.0,8.53030683056162,4,1,0,0.0,14,5.654082806103928,273.3333333333333,1.4597993307580004,5.407171771460119,0.0,1,0.6931471805599453,0.6931471805599453,1,13.091906231773164
800,3.912023005428146,3,4.0943445622221,8.881836305004146,1,1,3,3,0,0,0,18,1,2,0,0,5,7,1937,1950,1,1,13,14,1,5.53338948872752,3,3,0,4,3,3,0,6.345636360828596,6,0.0,5.093750200806762,731.0,1,5,1,4,6.8885724595653635,6.669498089857879,0.0,7.477604243197589,1,0.0,1,1,3,0.6931471805599453,4,7,6,2,3,5,1939.0,3,1,240,3,3,2,0.0,0.0,5.579729825986222,0.0,0.0,0.0,0,2,1,0.0,6,2007,8,4,175000.0,7.823645930834952,3,70,57,4.23410650459726,12,5.531694094142275,240.0,1.4042320618065578,5.579729825986222,0.0,1,0.6931471805599453,0.6931471805599453,1,12.07254696717504
801,4.0943445622221,3,4.3694478524670215,9.457044187699406,1,1,0,1,0,4,1,4,1,2,0,5,6,5,1997,1997,1,1,12,13,2,0.0,3,3,2,4,3,1,2,6.137727054086234,6,0.0,5.043425116919247,616.0,1,4,1,4,6.423246963533519,6.9782137426306985,0.0,7.431299675155903,1,0.0,2,1,4,0.6931471805599453,4,8,6,0,0,1,1997.0,2,2,603,3,3,2,6.0014148779611505,4.74493212836325,5.225746673713202,0.0,0.0,0.0,0,4,3,5.993961427306569,5,2008,8,4,200000.0,7.742402021815782,4,11,11,2.4849066497880004,11,5.351858133476067,301.5,2.025744512543503,6.555356891810665,0.0,0,0.6931471805599453,0.6931471805599453,0,12.206077645517674
802,3.4011973816621555,4,3.6888794541139363,8.476371196895983,1,1,3,3,0,4,0,9,2,2,0,2,4,7,1916,1990,1,1,8,8,2,0.0,3,3,1,3,3,3,3,5.288267030694535,6,0.0,6.907755278982137,1196.0,1,5,1,0,7.086737934510577,0.0,0.0,7.086737934510577,1,0.0,1,0,2,0.6931471805599453,3,5,6,0,0,5,1957.0,3,2,440,3,3,2,0.0,0.0,0.0,0.0,0.0,0.0,0,4,1,0.0,7,2007,8,4,109900.0,7.779885115070522,2,91,17,3.9318256327243257,11,5.477300022076476,220.0,1.3896332623854053,0.0,0.0,0,0.6931471805599453,0.6931471805599453,0,11.60733523953139
803,4.0943445622221,3,4.143134726391533,9.011767474596178,1,1,3,3,0,4,0,5,2,2,0,5,7,5,2005,2005,1,1,14,15,2,0.0,4,3,2,4,3,0,2,6.47543271670409,6,0.0,4.394449154672439,728.0,1,5,1,4,6.590301048196686,6.591673732008658,0.0,7.283448228756631,1,0.0,2,1,3,0.6931471805599453,4,7,6,1,4,1,2005.0,0,2,410,3,3,2,3.6109179126442243,2.9444389791664403,0.0,0.0,0.0,0.0,0,4,1,0.0,10,2008,8,4,189000.0,7.688913336864796,4,3,3,1.3862943611198906,12,5.337538079701318,205.0,1.7283192458395464,4.007333185232471,0.0,1,0.6931471805599453,0.6931471805599453,0,12.149507585033072
804,4.0943445622221,3,4.672828834461906,9.53899642739739,1,1,3,3,0,4,0,16,2,2,0,5,9,5,2008,2009,3,1,12,13,3,6.052089168924417,5,3,2,5,3,1,6,0.0,6,0.0,7.45876269238096,1734.0,1,5,1,4,7.458186157340487,6.9930151229329605,0.0,7.945201132412759,0,0.0,3,1,4,0.6931471805599453,5,12,6,1,4,3,2009.0,2,3,1020,3,3,2,3.970291913552122,5.14166355650266,0.0,0.0,5.262690188904886,0.0,0,4,1,0.0,1,2009,6,5,582933.0,8.424200324567073,4,1,0,0.0,14,5.460294482624759,340.0,1.5937952949846301,6.028278520230698,0.0,1,0.6931471805599453,0.6931471805599453,1,13.275829251377
805,2.995732273553991,3,4.31748811353631,9.104979856318357,1,1,3,3,0,4,0,12,2,2,0,2,5,5,1954,1954,1,1,13,14,2,0.0,3,3,1,3,3,3,3,6.70073110954781,6,0.0,4.8283137373023015,936.0,1,3,1,4,7.028201432058005,0.0,0.0,7.028201432058005,0,0.0,1,0,2,0.6931471805599453,3,5,2,0,0,1,1954.0,3,1,286,3,3,2,0.0,0.0,0.0,0.0,0.0,0.0,0,1,1,0.0,6,2006,8,3,118000.0,7.6324011266014535,1,52,52,3.970291913552122,10,5.418763519623904,286.0,2.076778424260352,0.0,0.0,0,0.6931471805599453,0.6931471805599453,0,11.678448377988165
806,2.995732273553991,3,4.51085950651685,9.415238482949043,1,1,0,3,0,2,0,21,2,2,0,2,7,5,2008,2008,1,1,12,13,3,5.54907608489522,4,3,2,4,3,3,6,0.0,6,0.0,7.257002707092073,1417.0,1,5,1,4,7.2640301428995295,0.0,0.0,7.2640301428995295,0,0.0,2,0,3,0.6931471805599453,5,6,6,0,0,1,2008.0,2,2,554,3,3,2,0.0,4.110873864173311,0.0,0.0,0.0,0.0,0,4,1,0.0,7,2008,6,5,227680.0,7.953318346560431,2,0,0,0.0,12,5.472270673671475,277.0,2.1512083400495126,4.110873864173311,0.0,0,0.6931471805599453,0.6931471805599453,1,12.335700805443338
807,4.382026634673881,3,4.31748811353631,9.185022563991893,1,1,3,3,0,4,0,12,2,2,0,7,5,5,1967,1967,1,1,12,13,2,0.0,3,3,2,3,3,0,0,5.993961427306569,5,6.175867270105761,4.61512051684126,980.0,1,4,1,4,6.887552571664617,0.0,0.0,6.887552571664617,0,0.0,2,0,3,0.6931471805599453,3,6,6,0,0,1,1967.0,0,1,384,3,3,2,4.23410650459726,0.0,0.0,0.0,0.0,0.0,0,4,1,0.0,10,2006,8,4,135500.0,7.580699752224563,2,39,39,3.6888794541139363,10,5.095793102436563,384.0,2.297469992327275,4.23410650459726,0.0,0,0.6931471805599453,0.6931471805599453,0,11.816734299348461
808,4.248495242049359,3,4.969813299576001,9.970398257818754,1,1,3,3,0,4,0,3,2,2,0,5,5,6,1923,2004,1,1,13,14,2,0.0,3,3,1,3,3,1,2,7.177782416195197,6,0.0,2.772588722239781,1324.0,1,5,1,4,6.977281341630747,6.22455842927536,0.0,7.362645270417825,2,0.0,1,1,3,0.6931471805599453,4,6,6,1,3,1,1923.0,2,2,528,3,3,2,0.0,5.746203190540153,0.0,0.0,0.0,0.0,0,4,1,0.0,5,2009,8,4,223500.0,7.9724660159745655,4,86,5,4.465908118654584,11,5.570885801189769,264.0,2.6077529874009304,5.746203190540153,0.0,1,0.6931471805599453,0.6931471805599453,0,12.317171167298682
809,4.382026634673881,3,4.442651256490317,9.503009985939002,1,1,3,3,0,4,0,12,2,2,0,7,5,5,1966,1966,1,1,12,13,1,6.954638864880987,3,3,1,3,3,0,0,6.248042874508429,1,4.859812404361672,5.942799375126701,1024.0,1,3,1,4,6.990256500493881,0.0,0.0,6.990256500493881,1,0.0,1,0,3,0.6931471805599453,3,6,6,1,4,1,1966.0,2,2,484,3,3,2,0.0,0.0,0.0,0.0,0.0,0.0,0,1,1,0.0,6,2006,8,4,159950.0,7.6544432264701125,2,40,40,3.713572066704308,10,5.198497031265826,242.0,2.512753485445122,0.0,0.0,1,0.6931471805599453,0.6931471805599453,1,11.982622797311857
810,4.31748811353631,4,4.499809670330265,8.99961934066053,1,1,3,3,0,0,0,17,2,2,0,4,5,5,1898,1965,3,1,0,0,2,0.0,3,3,2,3,3,3,6,0.0,6,0.0,6.745236349484363,849.0,1,3,0,0,6.980075940561763,6.96979066990159,0.0,7.6676260915849905,0,0.0,2,0,2,1.3862943611198906,3,11,6,0,0,5,1910.0,3,2,360,2,1,0,3.713572066704308,5.056245805348308,0.0,0.0,0.0,0.0,0,2,1,0.0,11,2009,8,4,106000.0,8.00202481821611,2,111,44,4.605170185988092,10,5.26973081878662,180.0,1.3319932490755395,5.2832037287379885,0.0,0,0.6931471805599453,0.6931471805599453,0,11.571203807011969
811,2.995732273553991,3,4.356708826689592,9.224243277145174,1,1,3,3,0,4,0,14,2,2,0,2,6,6,1974,1999,3,1,6,6,1,4.605170185988092,3,3,1,3,3,3,0,6.498282149476434,3,5.934894195619588,0.0,1040.0,1,2,1,4,7.1770187659099,0.0,0.0,7.1770187659099,1,0.0,1,1,3,0.6931471805599453,4,5,6,1,2,1,1974.0,2,2,484,3,3,2,5.583496308781699,0.0,0.0,0.0,0.0,6.47543271670409,2,0,1,0.0,1,2006,8,4,181000.0,7.761744984658913,3,32,7,3.4965075614664802,12,5.5675808534758,242.0,2.047224511235274,5.583496308781699,0.6931471805599453,1,0.6931471805599453,0.6931471805599453,1,12.10625783509458
812,4.787491742782046,4,4.248495242049359,8.39795910349254,1,1,3,3,0,4,0,5,2,2,4,2,6,5,2004,2004,1,1,12,13,1,5.135798437050262,4,3,2,4,3,1,2,6.4967749901858625,6,0.0,5.231108616854587,848.0,1,5,1,4,6.742880635791903,0.0,0.0,6.742880635791903,1,0.0,1,0,1,0.6931471805599453,4,4,6,1,4,1,2004.0,0,2,420,3,3,2,4.948759890378168,0.0,0.0,0.0,0.0,0.0,0,4,1,0.0,6,2008,3,4,144500.0,7.4360278163518485,2,4,4,1.6094379124341003,11,5.356586274672012,210.0,1.655078467700636,4.948759890378168,0.0,1,0.6931471805599453,0.6931471805599453,1,11.881041706925902
813,2.995732273553991,0,4.189654742026425,9.072456664612796,0,1,3,0,0,4,1,9,2,2,0,2,5,5,1952,1952,3,1,13,14,2,0.0,2,3,1,3,3,0,6,0.0,6,0.0,6.293419278846481,540.0,1,3,0,0,6.950814768442584,0.0,0.0,6.950814768442584,0,0.0,1,0,2,0.6931471805599453,2,4,6,0,0,2,1952.0,3,2,504,3,3,0,0.0,0.0,0.0,0.0,0.0,0.0,0,4,3,4.007333185232471,6,2010,8,2,55993.0,7.367708572374371,1,58,58,4.07753744390572,10,5.564520407322694,252.0,2.1216418961702126,0.0,0.0,0,0.6931471805599453,0.6931471805599453,0,10.932999821119937
814,2.995732273553991,3,4.31748811353631,9.185022563991893,1,1,3,3,0,4,0,12,2,2,0,2,6,6,1958,1958,1,1,8,8,1,5.497168225293202,3,3,1,3,3,3,5,6.411818267709897,6,0.0,6.727431724850855,1442.0,1,4,1,4,7.273786317844895,0.0,0.0,7.273786317844895,0,0.0,1,1,4,0.6931471805599453,3,7,6,0,0,1,1958.0,2,1,301,3,3,2,0.0,0.0,5.62040086571715,0.0,0.0,0.0,0,4,3,6.2166061010848646,4,2007,0,4,157900.0,7.96693349840484,2,49,49,3.912023005428146,12,5.327876168789581,301.0,1.9112362461469985,5.62040086571715,0.0,0,0.6931471805599453,0.6931471805599453,1,11.969723533345908
815,3.912023005428146,3,3.8066624897703196,9.017726025696795,1,0,3,3,0,4,0,7,2,2,0,0,5,7,1918,1950,1,1,11,12,2,0.0,3,3,0,3,3,3,6,0.0,6,0.0,6.532334292222349,686.0,2,4,1,4,6.530877627725885,6.336825731146441,0.0,7.1308988302963465,0,0.6931471805599453,1,1,3,0.6931471805599453,2,7,6,0,0,5,1955.0,3,1,280,3,3,1,5.337538079701318,0.0,4.574710978503383,0.0,0.0,0.0,0,4,1,0.0,7,2006,8,4,116000.0,7.568379267836522,3,88,56,3.9512437185814275,12,5.184988681241034,280.0,1.886827195400449,5.717027701406222,0.0,0,0.6931471805599453,0.6931471805599453,0,11.661354090741
816,2.995732273553991,3,3.871201010907891,9.404013917106361,1,1,1,3,0,1,0,5,2,2,0,2,7,5,1998,1998,1,1,12,13,1,6.093569770045136,3,3,2,4,3,3,6,0.0,6,0.0,7.408530566894626,1649.0,1,5,1,4,7.415175109613295,0.0,0.0,7.415175109613295,0,0.0,2,0,3,0.6931471805599453,4,6,6,0,0,1,1998.0,2,2,598,3,3,2,0.0,3.5553480614894135,0.0,0.0,0.0,0.0,0,4,1,0.0,5,2010,8,4,224900.0,8.104703468371108,2,12,12,2.5649493574615367,12,5.6234156403852396,299.0,1.9888388074930665,3.5553480614894135,0.0,0,0.6931471805599453,0.6931471805599453,1,12.323415584358154
817,2.995732273553991,3,4.290459441148391,9.343559215762406,1,1,0,3,0,0,0,12,2,2,0,2,5,6,1954,1954,1,1,3,3,2,0.0,3,3,1,3,3,3,1,6.18826412308259,6,0.0,6.259581464064923,1008.0,1,4,1,4,6.915723448631314,0.0,0.0,6.915723448631314,0,0.0,1,0,2,0.6931471805599453,3,4,6,1,4,1,1954.0,2,1,275,3,3,2,0.0,0.0,4.795790545596741,0.0,0.0,0.0,0,4,1,0.0,7,2006,8,4,137000.0,7.60887062919126,1,52,52,3.970291913552122,11,5.529429087511423,275.0,2.4278357671310915,4.795790545596741,0.0,1,0.6931471805599453,0.6931471805599453,0,11.827743504053695
818,2.995732273553991,3,4.290459441148391,9.49288426657184,1,1,0,3,0,1,0,11,2,2,0,2,8,5,2002,2002,3,1,5,5,1,5.003946305945459,4,3,2,4,3,3,2,7.105786129481271,6,0.0,5.860786223465865,1568.0,1,5,1,4,7.4318919168078,0.0,0.0,7.4318919168078,1,0.0,2,0,3,0.6931471805599453,4,7,6,2,4,1,2002.0,2,3,857,3,3,2,5.017279836814924,4.0943445622221,0.0,0.0,0.0,0.0,0,4,1,0.0,7,2008,8,4,271000.0,8.088561805276234,3,6,6,1.9459101490553132,13,5.485981767752487,285.6666666666667,2.06099234976404,5.3471075307174685,0.0,1,0.6931471805599453,0.6931471805599453,1,12.509877789891931
819,4.382026634673881,3,4.382026634673881,9.084323531392696,1,1,3,3,0,4,0,4,2,2,0,7,6,7,1971,1971,1,1,6,6,1,4.394449154672439,3,3,1,3,3,0,2,6.22455842927536,6,0.0,6.2285110035911835,1010.0,1,4,1,4,6.9584483932976555,0.0,0.0,6.9584483932976555,1,0.0,1,0,3,0.6931471805599453,3,6,6,0,0,1,1971.0,3,2,440,3,3,2,0.0,0.0,0.0,0.0,0.0,0.0,0,2,1,0.0,6,2010,8,4,155000.0,7.631431664576906,2,39,39,3.6888794541139363,13,5.1666889240696,220.0,2.1258751380950405,0.0,0.0,0,0.6931471805599453,0.6931471805599453,1,11.951186847493476
820,4.787491742782046,3,3.784189633918261,8.759511722116487,1,1,0,3,0,4,0,16,2,2,4,2,7,5,2009,2010,1,1,12,13,3,4.859812404361672,4,3,2,4,3,2,2,6.598509028614515,6,0.0,6.439350371100098,1358.0,1,5,1,4,7.213768308118642,0.0,0.0,7.213768308118642,1,0.0,2,0,2,0.6931471805599453,4,6,6,1,4,1,2010.0,2,2,484,3,3,2,5.262690188904886,3.58351893845611,0.0,0.0,0.0,0.0,0,4,1,0.0,6,2010,6,5,224000.0,7.906915488678587,3,1,0,0.0,12,5.422008838890586,242.0,1.5457434139978468,5.429345628954441,0.0,1,0.6931471805599453,0.6931471805599453,1,12.319405795112926
821,4.0943445622221,3,4.276666119016055,8.885440911707585,1,1,0,3,0,1,0,5,2,2,0,5,7,5,2003,2003,1,1,12,13,2,0.0,4,3,2,4,3,3,6,0.0,6,0.0,6.683360945766275,798.0,1,5,1,4,6.682108597449809,6.736966958001855,0.0,7.402451520818244,0,0.0,2,1,3,0.6931471805599453,4,6,6,0,0,1,2003.0,2,2,595,3,3,2,0.0,3.828641396489095,0.0,0.0,0.0,0.0,0,4,1,0.0,6,2008,8,4,183000.0,7.798933310041217,3,5,5,1.791759469228055,12,5.610692051590189,297.5,1.4829893908893415,3.828641396489095,0.0,0,0.6931471805599453,0.6931471805599453,0,12.117246896289503
822,2.995732273553991,4,4.0943445622221,8.699514748210191,1,2,3,0,0,4,1,17,2,2,1,2,4,4,1953,1953,1,1,8,8,2,0.0,2,3,1,2,3,3,6,0.0,6,0.0,6.842683282238422,936.0,1,3,0,4,6.841615476477592,0.0,0.0,6.841615476477592,0,0.0,1,0,2,0.6931471805599453,3,4,3,0,0,5,1974.0,3,2,576,3,3,2,0.0,3.4965075614664802,4.727387818712341,0.0,0.0,0.0,0,4,1,0.0,2,2009,8,4,93000.0,7.534762657037537,1,56,56,3.58351893845611,8,5.455321115357702,288.0,1.8578992717326002,4.976733742420574,0.0,0,0.6931471805599453,0.6931471805599453,0,11.440365524765756
823,4.0943445622221,3,4.174387269895637,9.424967763522053,1,1,0,3,0,0,0,8,2,2,0,5,7,5,2003,2003,1,1,12,13,2,0.0,4,3,2,4,3,1,6,0.0,6,0.0,6.742880635791903,847.0,1,5,1,4,6.741700694652055,6.787844982309579,0.0,7.457609289715606,0,0.0,2,1,3,0.6931471805599453,4,7,6,1,4,3,2003.0,0,2,433,3,3,2,4.61512051684126,3.8918202981106265,0.0,0.0,0.0,0.0,0,4,1,0.0,10,2007,8,3,225000.0,7.855544677915663,3,4,4,1.6094379124341003,12,5.511699140660292,216.5,1.9673584738064467,5.003946305945459,0.0,1,0.6931471805599453,0.6931471805599453,0,12.323860125621126
824,3.912023005428146,3,4.0943445622221,9.20029003612268,1,1,3,3,0,4,0,18,2,2,0,0,6,7,1940,1950,1,1,12,13,2,0.0,3,3,0,3,3,3,6,0.0,6,0.0,6.658011045870748,778.0,1,3,1,4,6.8501261661455,6.302618975744905,0.0,7.305860032684009,0,0.0,2,0,3,0.6931471805599453,3,7,6,1,4,5,1940.0,3,1,240,3,3,2,5.817111159963204,0.0,0.0,0.0,0.0,0.0,0,1,1,0.0,7,2009,8,4,139500.0,7.726212650507529,2,69,59,4.248495242049359,13,5.359949883628696,240.0,1.8944300034386723,5.817111159963204,0.0,1,0.6931471805599453,0.6931471805599453,0,11.845827048676645
825,2.995732273553991,1,4.394449154672439,9.325096609274372,1,1,3,3,0,4,0,21,2,2,0,2,8,5,2006,2006,1,1,12,13,2,0.0,4,3,2,4,4,3,6,0.0,6,0.0,7.306531398939505,1489.0,1,5,1,4,7.305860032684009,0.0,0.0,7.305860032684009,0,0.0,2,0,3,0.6931471805599453,4,7,6,1,4,1,2006.0,2,2,776,3,3,2,0.0,4.948759890378168,0.0,0.0,0.0,0.0,0,4,1,0.0,6,2006,6,5,232600.0,7.999007213243955,2,0,0,0.0,13,5.359949883628696,388.0,2.0192365765903624,4.948759890378168,0.0,1,0.6931471805599453,0.6931471805599453,0,12.357079818283598
826,2.995732273553991,3,4.736198448394496,9.602585141913492,1,1,3,3,0,4,0,16,4,4,0,2,10,5,2007,2008,3,1,5,5,1,6.705639094860003,5,3,2,5,3,0,2,7.400620577371135,6,0.0,6.093569770045136,2078.0,1,5,1,4,7.642044402873258,0.0,0.0,7.642044402873258,1,0.0,2,0,2,0.6931471805599453,5,7,6,1,4,1,2007.0,0,3,1220,3,3,2,5.241747015059643,3.828641396489095,0.0,0.0,0.0,0.0,0,4,1,0.0,6,2008,6,5,385000.0,8.33375100695358,3,1,0,0.6931471805599453,15,5.696134253817944,406.6666666666667,1.9605407390402345,5.455321115357702,0.0,1,0.6931471805599453,0.6931471805599453,1,12.861001210669146
827,3.8066624897703196,4,3.912023005428146,8.720950028930258,1,1,3,3,0,4,0,3,2,2,0,1,5,6,1924,1950,1,1,8,8,2,0.0,3,3,0,3,3,3,0,6.665683717782408,6,0.0,0.0,784.0,1,4,1,4,6.664409020350408,0.0,0.0,6.664409020350408,1,0.0,1,0,2,0.6931471805599453,4,5,6,0,0,6,0.0,1,0,0,0,0,2,0.0,0.0,4.762173934797756,0.0,0.0,0.0,0,4,1,0.0,5,2008,8,4,109500.0,7.357556200910353,2,84,58,7.605392364814935,11,5.054971107916307,0.0,2.0565410085798494,4.762173934797756,0.0,0,0.6931471805599453,0.0,0,11.603688960617083
828,2.995732273553991,3,4.174387269895637,9.05122740031911,1,1,0,3,0,4,0,20,2,2,0,2,7,5,2001,2001,1,1,12,13,2,0.0,4,3,2,4,3,3,2,3.044522437723423,6,0.0,7.268920128193722,1454.0,1,5,1,4,7.2682230211595655,0.0,0.0,7.2682230211595655,0,0.0,2,0,3,0.6931471805599453,4,6,6,1,3,1,2001.0,2,2,527,3,3,2,5.673323267171493,3.6888794541139363,0.0,0.0,0.0,0.0,0,4,1,0.0,4,2009,8,4,189000.0,7.968319500012717,2,8,8,2.1972245773362196,12,5.476463551931511,263.5,1.7830043791595438,5.799092654460526,0.0,1,0.6931471805599453,0.6931471805599453,0,12.149507585033072
829,4.0943445622221,3,4.382026634673881,10.264582712908352,1,1,1,2,0,1,2,4,2,2,0,5,5,5,1967,1967,0,5,9,10,2,0.0,3,3,2,3,4,1,3,5.521460917862246,0,6.639875833826536,0.0,1013.0,1,3,1,4,7.05617528410041,6.874198495453294,0.0,7.661997558901893,0,0.6931471805599453,2,1,3,0.6931471805599453,3,7,3,0,0,1,1967.0,0,2,538,3,3,2,6.18826412308259,0.0,0.0,0.0,5.420534999272286,0.0,0,4,1,0.0,6,2009,8,0,185000.0,8.051659556841953,4,42,42,3.7612001156935624,10,5.71608740984658,269.0,2.6025851540064586,6.568077911411976,0.0,0,0.6931471805599453,0.6931471805599453,0,12.128116509451258
830,5.075173815233827,1,3.1780538303479458,7.841492924460013,1,2,3,3,0,4,0,21,2,2,3,5,7,5,2005,2005,1,1,8,8,2,0.0,4,3,2,4,3,3,6,0.0,6,0.0,6.398594934535208,600.0,1,5,1,4,6.253828811575473,6.436150368369428,4.394449154672439,7.109062135687172,0,0.0,2,1,2,0.6931471805599453,4,4,6,0,0,5,2005.0,2,2,480,3,3,2,0.0,5.117993812416755,0.0,0.0,0.0,0.0,0,4,1,0.0,7,2006,8,4,147400.0,7.463363045520021,3,1,1,0.6931471805599453,12,5.722767774567282,240.0,0.7324307887728403,5.117993812416755,0.0,0,0.6931471805599453,0.6931471805599453,0,11.900912042974875
831,2.995732273553991,3,4.382026634673881,9.38429367909962,1,1,0,3,0,0,0,12,2,2,0,2,6,5,1957,1957,1,1,6,6,1,5.961005339623274,3,3,1,3,3,3,5,6.947937068614969,6,0.0,5.8664680569332965,1392.0,1,3,1,0,7.238496840894365,0.0,0.0,7.238496840894365,1,0.0,1,1,3,0.6931471805599453,3,6,6,2,4,1,1957.0,2,2,458,3,3,2,0.0,0.0,0.0,0.0,5.262690188904886,0.0,0,4,1,0.0,6,2008,8,4,166000.0,7.931644021454311,3,51,51,3.9512437185814275,11,5.44673737166631,229.0,2.1457968382052557,5.262690188904886,0.0,1,0.6931471805599453,0.6931471805599453,1,12.019749091416921
832,5.075173815233827,1,3.4011973816621555,8.064636475774222,1,2,3,3,0,4,0,21,2,2,4,5,7,5,2005,2005,1,1,8,8,2,0.0,3,3,2,4,3,3,6,0.0,6,0.0,6.398594934535208,600.0,1,5,1,4,6.253828811575473,6.398594934535208,4.394449154672439,7.090076835776092,0,0.0,2,1,2,0.6931471805599453,4,4,6,0,0,5,2005.0,2,2,480,3,3,2,0.0,5.117993812416755,0.0,0.0,0.0,0.0,0,4,1,0.0,6,2006,8,4,151000.0,7.450079569807499,3,1,1,0.6931471805599453,12,5.703782474656201,240.0,0.9745596399981308,5.117993812416755,0.0,0,0.6931471805599453,0.6931471805599453,0,11.92504173829169
833,4.0943445622221,3,3.784189633918261,9.16408698745872,1,1,0,3,0,1,0,5,2,2,0,5,7,6,2003,2003,1,1,12,13,1,5.4116460518550396,4,3,2,4,3,3,2,6.182084906716632,6,0.0,6.129050210060545,941.0,1,5,1,4,6.846943139585379,6.790097235513905,0.0,7.511524648390866,1,0.0,2,1,3,0.6931471805599453,4,7,6,1,3,1,2003.0,2,2,613,3,3,2,5.262690188904886,3.6888794541139363,0.0,0.0,0.0,0.0,0,4,1,0.0,1,2010,8,4,237000.0,7.926602599181384,4,7,7,2.0794415416798357,13,5.5656144993355525,306.5,1.652562339067855,5.44673737166631,0.0,1,0.6931471805599453,0.6931471805599453,1,12.37581963951765
834,2.995732273553991,3,4.605170185988092,9.21074029199751,1,1,3,3,0,4,0,12,2,2,0,2,6,6,1964,1964,1,1,6,10,1,5.198497031265826,3,3,1,3,3,3,5,5.2832037287379885,1,5.846438775057725,6.883462586413092,1516.0,1,3,1,4,7.323830566202317,0.0,0.0,7.323830566202317,0,0.0,1,1,3,0.6931471805599453,3,6,6,0,0,1,1964.0,2,2,472,3,3,2,0.0,0.0,0.0,0.0,5.030437921392435,0.0,0,4,1,0.0,2,2009,8,4,167000.0,8.016977746762262,2,45,45,3.828641396489095,12,5.532071096974262,236.0,1.8869097257951926,5.030437921392435,0.0,0,0.6931471805599453,0.6931471805599453,1,12.025755079404917
835,2.995732273553991,3,4.31748811353631,8.971448463693834,1,1,3,3,0,4,0,12,2,2,0,2,5,6,1961,1961,1,1,12,13,1,4.919980925828125,3,3,1,3,3,3,5,6.35088571671474,6,0.0,6.35088571671474,1144.0,1,4,1,4,7.042286171939743,0.0,0.0,7.042286171939743,1,0.0,1,0,3,0.6931471805599453,3,6,6,0,0,1,1961.0,3,2,456,3,3,2,0.0,0.0,0.0,0.0,0.0,0.0,0,1,1,0.0,9,2008,8,4,139950.0,7.7354333524996886,2,47,47,3.871201010907891,11,5.250526702711688,228.0,1.9291622917540905,0.0,0.0,0,0.6931471805599453,0.6931471805599453,1,11.849047640327147
836,2.995732273553991,3,4.0943445622221,9.169518377455928,1,1,3,3,0,4,0,19,2,2,0,2,4,7,1950,1995,1,1,12,6,2,0.0,3,3,1,4,3,3,1,6.093569770045136,6,0.0,6.439350371100098,1067.0,1,3,1,4,6.9726062513017535,0.0,0.0,6.9726062513017535,0,0.0,2,0,2,0.6931471805599453,4,4,3,0,0,1,1996.0,3,2,436,3,3,2,5.673323267171493,0.0,0.0,0.0,0.0,0.0,0,4,1,0.0,2,2010,8,4,128000.0,7.665753431861699,2,60,15,2.70805020110221,11,5.586311890181863,218.0,2.1969121261541744,5.673323267171493,0.0,0,0.6931471805599453,0.6931471805599453,0,11.759793355371237
837,3.4011973816621555,4,4.499809670330265,8.99961934066053,1,2,3,3,0,4,0,17,2,2,0,2,5,6,1948,1973,1,1,12,13,2,0.0,3,3,0,3,3,3,5,5.82600010738045,6,0.0,7.108244139731541,1559.0,1,4,1,4,7.351799869057777,0.0,0.0,7.351799869057777,1,0.0,1,0,2,0.6931471805599453,3,5,3,0,0,5,1948.0,3,2,812,3,3,2,0.0,4.762173934797756,5.442417710521793,0.0,0.0,0.0,0,1,1,0.0,6,2007,0,4,153500.0,8.044947049617722,2,59,34,4.0943445622221,11,5.742361956623676,406.0,1.6478194716027534,5.849324779946859,0.0,0,0.6931471805599453,0.6931471805599453,0,11.941462360646149
838,5.075173815233827,4,3.044522437723423,7.426549072397305,1,1,3,3,0,4,0,2,2,2,3,5,6,5,1973,1973,1,1,6,6,1,5.0689042022202315,3,3,1,3,3,3,1,5.802118375377063,6,0.0,5.0369526024136295,483.0,1,3,1,4,6.180016653652572,6.22455842927536,0.0,6.894670039433482,1,0.0,1,1,2,0.6931471805599453,3,5,6,0,0,5,1973.0,3,1,264,3,3,2,0.0,0.0,0.0,0.0,0.0,0.0,0,4,1,0.0,11,2008,8,4,100000.0,7.293017679772782,3,35,35,3.58351893845611,11,5.285232126999381,264.0,0.531879032963823,0.0,0.0,0,0.6931471805599453,0.6931471805599453,1,11.51293546492023
839,2.995732273553991,3,4.31748811353631,9.161675199994901,1,1,3,3,0,4,0,5,2,2,0,2,5,6,1995,2006,1,1,12,13,2,0.0,3,3,2,4,3,3,6,0.0,6,0.0,7.003065458786462,1099.0,1,5,1,4,7.002155954403621,0.0,0.0,7.002155954403621,0,0.0,1,1,3,0.6931471805599453,4,6,6,0,0,1,1999.0,3,1,352,3,3,2,5.631211781821365,0.0,0.0,0.0,0.0,0.0,0,4,1,0.0,6,2008,8,4,144000.0,7.6953031349635665,2,13,2,2.302585092994046,11,5.210396485175567,352.0,2.1595192455912806,5.631211781821365,0.0,0,0.6931471805599453,0.6931471805599453,0,11.87757552297847
840,3.912023005428146,3,4.248495242049359,9.37305428246393,1,1,3,3,0,4,0,7,2,2,0,0,5,6,1946,1995,1,1,8,8,2,0.0,3,3,1,3,3,3,1,5.8664680569332965,6,0.0,6.0330862217988015,768.0,1,5,1,4,6.643789733147672,6.07073772800249,0.0,7.090076835776092,0,0.0,1,0,3,0.6931471805599453,3,6,6,0,0,5,1946.0,3,1,240,3,3,2,0.0,0.0,0.0,0.0,0.0,0.0,0,4,1,0.0,5,2008,8,4,130500.0,7.584773077612199,1,62,13,4.143134726391533,11,5.298317366548036,240.0,2.282977446687837,0.0,0.0,0,0.6931471805599453,0.6931471805599453,0,11.779136168550774
841,4.248495242049359,2,4.0943445622221,9.405495886750224,1,1,0,3,0,4,0,18,2,2,0,5,6,8,1925,1950,1,1,13,14,2,0.0,3,3,0,3,3,3,1,5.056245805348308,6,0.0,6.248042874508429,672.0,1,3,0,4,6.697034247666484,6.511745329644728,0.0,7.301147805856032,0,0.0,2,0,4,0.6931471805599453,2,7,6,0,0,5,1934.0,3,1,400,3,3,1,0.0,0.0,5.541263545158426,0.0,0.0,0.0,0,4,1,0.0,3,2008,8,4,140000.0,7.675081857716334,2,83,58,4.31748811353631,14,5.3552376568007185,400.0,2.1043480808941917,5.541263545158426,0.0,0,0.6931471805599453,0.6931471805599453,0,11.849404844423074
842,4.248495242049359,4,4.0943445622221,9.25339986143663,1,0,3,3,0,4,0,17,2,2,0,5,5,8,1904,2002,1,1,8,8,2,0.0,3,3,2,3,3,3,6,0.0,6,0.0,6.478509642208569,650.0,1,4,1,4,6.86484777797086,6.366470447731438,0.0,7.338888133838879,0,0.0,2,0,3,0.6931471805599453,4,8,6,1,1,5,1983.0,3,2,686,4,3,1,4.2626798770413155,4.3694478524670215,4.23410650459726,0.0,0.0,0.0,0,4,1,0.0,6,2008,8,4,157500.0,7.691200097522863,2,104,6,3.258096538021482,13,5.259446592159043,343.0,1.9145117275977506,5.37989735354046,0.0,1,0.6931471805599453,0.6931471805599453,0,11.967187086434018
843,4.382026634673881,3,4.406719247264253,9.10719961305667,1,1,3,3,0,4,0,12,2,2,0,7,6,7,1966,1966,1,1,6,6,1,5.214935757608986,3,3,1,3,3,1,5,5.746203190540153,0,6.29156913955832,5.6240175061873385,1127.0,1,3,1,4,7.060476365999801,0.0,0.0,7.060476365999801,1,0.0,1,1,3,0.6931471805599453,3,6,6,0,0,1,1966.0,2,2,490,4,4,2,0.0,4.867534450455582,0.0,0.0,0.0,0.0,0,0,1,0.0,5,2008,8,4,174900.0,7.73718007783463,3,42,42,3.7612001156935624,13,5.268716896771746,245.0,2.0467232470568684,4.867534450455582,0.0,0,0.6931471805599453,0.6931471805599453,1,12.071975378543236
844,4.499809670330265,3,4.382026634673881,8.987196820661973,1,1,3,3,0,0,0,12,0,2,2,2,5,4,1961,1961,1,1,3,3,2,0.0,3,3,1,3,3,3,6,0.0,6,0.0,7.496097345175956,1800.0,1,5,0,4,7.495541943884256,0.0,0.0,7.495541943884256,0,0.0,2,0,6,1.0986122886681098,3,10,6,0,0,6,0.0,1,0,0,0,0,2,0.0,0.0,0.0,0.0,0.0,0.0,0,4,1,0.0,7,2007,8,4,141000.0,8.1886891244442,2,46,46,7.60489448081162,9,5.19295685089021,0.0,1.491654876777717,0.0,0.0,0,0.6931471805599453,0.0,0,11.856522261533737
845,3.912023005428146,4,4.605170185988092,9.446597562435775,1,0,0,3,0,4,0,17,0,2,0,0,5,8,1915,1950,1,1,13,14,2,0.0,3,3,0,3,3,2,6,0.0,6,0.0,6.776506992372183,876.0,1,4,1,4,6.775366090936392,6.293419278846481,0.0,7.255591274253665,0,0.0,1,1,4,0.6931471805599453,3,7,6,1,4,5,1949.0,3,3,720,3,3,2,6.037870919922137,0.0,5.272999558563747,0.0,0.0,0.0,0,4,1,0.0,6,2008,8,4,153900.0,7.73718007783463,2,93,58,4.0943445622221,13,5.309681125198352,240.0,2.1910062881821104,6.418364935936212,0.0,1,0.6931471805599453,0.6931471805599453,0,11.944064817531656
846,4.442651256490317,3,4.2626798770413155,9.719985298994011,1,1,0,3,0,1,0,19,5,2,0,6,5,5,1975,1981,1,1,6,6,2,0.0,3,3,1,4,3,1,0,7.237778191923443,6,0.0,0.0,1390.0,1,3,1,4,7.438971592395862,0.0,0.0,7.438971592395862,1,0.0,2,0,3,0.6931471805599453,3,6,3,2,3,2,1975.0,0,2,611,3,3,2,0.0,0.0,0.0,0.0,0.0,0.0,0,4,1,0.0,1,2007,8,4,171000.0,8.036249942132116,3,32,26,3.4965075614664802,10,5.647212123167807,305.5,2.281013706598149,0.0,0.0,1,0.6931471805599453,0.6931471805599453,0,12.049424683420915
847,4.0943445622221,3,4.31748811353631,9.139595967450425,1,1,3,3,0,4,0,20,2,2,0,5,7,5,1993,1993,1,1,6,6,1,4.927253685157205,4,3,2,4,3,3,0,6.2422232654551655,6,0.0,5.429345628954441,740.0,1,5,1,4,6.913737350659685,6.646390514847729,0.0,7.4815557019095165,1,0.0,2,1,3,0.6931471805599453,4,7,6,1,3,1,1993.0,3,2,425,3,3,2,5.459585514144159,4.290459441148391,5.262690188904886,0.0,0.0,0.0,0,4,1,0.0,7,2009,8,4,213000.0,7.83002808253384,4,16,16,2.833213344056216,12,5.535645552854203,212.5,1.6580402655409088,6.212606095751519,0.0,1,0.6931471805599453,0.6931471805599453,1,12.269052139516223
848,2.995732273553991,3,3.58351893845611,9.650078074026442,1,1,0,3,0,1,0,5,2,2,0,2,5,6,1972,1972,1,1,6,10,2,0.0,3,3,1,3,3,0,1,6.133398042996649,6,0.0,6.003887067106539,864.0,1,5,1,4,6.761572768804055,0.0,0.0,6.761572768804055,1,0.0,1,0,3,0.6931471805599453,3,5,6,1,2,1,1972.0,3,1,338,3,3,2,0.0,0.0,0.0,0.0,0.0,0.0,0,4,1,0.0,8,2009,8,4,133500.0,7.454719949364001,2,37,37,3.6375861597263857,11,5.152134856369956,338.0,2.8885053052223877,0.0,0.0,1,0.6931471805599453,0.6931471805599453,0,11.80186424743109
849,3.912023005428146,3,4.31748811353631,10.727662995502477,1,1,1,0,0,4,0,4,2,2,0,0,6,8,1908,1997,1,1,13,14,2,0.0,3,3,0,3,3,3,6,0.0,6,0.0,6.811244378601294,907.0,1,3,1,4,7.175489713624222,6.9584483932976555,0.0,7.765569081097317,0,0.0,3,0,5,0.6931471805599453,3,10,6,1,4,5,1908.0,3,2,360,2,3,2,6.18826412308259,3.713572066704308,0.0,0.0,5.170483995038151,0.0,0,4,1,0.0,9,2008,8,4,240000.0,8.09101504171053,3,100,11,4.61512051684126,14,5.462983988103271,180.0,2.9620939144051612,6.553933404025811,0.0,1,0.6931471805599453,0.6931471805599453,0,12.388398368982115
850,4.382026634673881,3,4.382026634673881,9.169518377455928,1,1,3,3,0,2,0,24,1,2,0,7,6,7,1976,1994,3,1,9,10,1,5.8888779583328805,4,4,1,3,3,3,6,0.0,6,0.0,6.270988431858299,528.0,1,5,1,4,6.9975959829819265,6.635946555686647,0.0,7.5256399750415355,0,0.0,2,1,3,0.6931471805599453,3,7,6,1,3,1,1976.0,2,2,512,3,3,2,4.736198448394496,4.61512051684126,0.0,0.0,0.0,0.0,0,4,1,0.0,8,2007,8,4,187000.0,7.776115477098742,3,31,13,3.4657359027997265,13,5.579729825986222,256.0,1.643878402414392,5.365976015021851,0.0,1,0.6931471805599453,0.6931471805599453,1,12.138869243416009
851,4.787491742782046,4,3.58351893845611,8.39728289474368,1,1,3,3,0,4,0,5,2,2,4,2,6,5,2003,2003,1,1,12,13,1,5.14166355650266,4,3,2,4,3,0,2,6.492239835020471,6,0.0,5.247024072160486,848.0,1,5,1,4,6.742880635791903,0.0,0.0,6.742880635791903,1,0.0,1,0,1,0.6931471805599453,4,3,6,0,0,1,2003.0,0,2,420,3,3,2,4.948759890378168,0.0,0.0,0.0,0.0,0.0,0,4,1,0.0,11,2007,8,4,131500.0,7.4360278163518485,2,4,4,1.6094379124341003,11,5.644268347123793,210.0,1.6544022589517768,4.948759890378168,0.0,0,0.6931471805599453,0.6931471805599453,1,11.78676973513378
852,4.787491742782046,3,3.7612001156935624,8.069655306886165,1,1,3,3,0,4,0,0,2,2,4,2,8,5,2003,2003,1,1,12,13,1,3.713572066704308,4,3,2,4,3,1,6,0.0,6,0.0,7.149916836132109,1273.0,1,5,1,4,7.283448228756631,0.0,0.0,7.283448228756631,0,0.0,2,0,2,0.6931471805599453,4,7,6,1,3,1,2003.0,0,2,400,3,3,2,4.969813299576001,3.044522437723423,0.0,0.0,0.0,0.0,0,4,1,0.0,5,2006,8,4,215000.0,7.911690520708339,2,3,3,1.3862943611198906,13,5.337538079701318,200.0,0.786207078129534,5.099866427824199,0.0,1,0.6931471805599453,0.6931471805599453,1,12.278397958261774
853,4.31748811353631,3,3.970291913552122,8.871785969150645,1,1,3,3,0,4,0,6,2,2,0,4,7,5,1941,1950,1,1,8,8,2,0.0,3,4,1,3,3,3,5,5.8998973535824915,6,0.0,6.318968113746434,918.0,1,4,1,4,6.822197390620491,6.591673732008658,0.0,7.406103381237015,0,0.0,2,0,4,0.6931471805599453,3,7,6,2,4,5,1941.0,3,1,240,3,3,2,0.0,0.0,0.0,0.0,4.844187086458591,0.0,0,2,1,0.0,8,2007,8,4,164000.0,7.849323818040561,2,66,57,4.204692619390966,12,5.460193232181702,240.0,1.46568258791363,4.844187086458591,0.0,1,0.6931471805599453,0.6931471805599453,0,12.00762780434872
854,4.382026634673881,3,4.290459441148391,9.400547423044127,1,1,0,3,0,0,0,12,2,2,0,7,6,6,1964,1964,1,1,8,6,1,4.7535901911063645,3,4,1,3,3,1,5,6.336825731146441,6,0.0,6.335054251498059,1127.0,1,3,1,4,7.275864600546533,0.0,0.0,7.275864600546533,0,0.0,1,1,3,0.6931471805599453,3,7,6,1,2,1,1964.0,2,2,645,3,3,2,5.198497031265826,0.0,0.0,0.0,0.0,0.0,0,2,1,0.0,8,2009,8,4,158000.0,7.85243908535751,2,45,45,3.828641396489095,12,5.329954451491219,322.5,2.1246828224975953,5.198497031265826,0.0,1,0.6931471805599453,0.6931471805599453,1,11.970356641102999
855,2.995732273553991,3,4.624972813284271,9.793672686528922,1,1,3,3,0,4,0,19,2,2,0,2,5,4,1955,1974,3,1,13,10,2,0.0,3,3,1,3,3,2,0,5.726847747587197,5,6.990256500493881,5.921578419643816,1763.0,1,3,1,4,7.483806687665835,0.0,0.0,7.483806687665835,1,0.0,1,1,3,0.6931471805599453,3,6,6,1,4,1,1955.0,3,2,454,3,3,2,0.0,6.037870919922137,0.0,0.0,5.746203190540153,0.0,0,4,1,0.0,7,2006,8,0,170000.0,8.17244681834278,3,51,32,3.9512437185814275,9,5.69204721843778,227.0,2.3098659988630863,6.594413459749778,0.0,1,0.6931471805599453,0.6931471805599453,0,12.04355959836804
856,2.995732273553991,3,4.2626798770413155,8.83884181343129,1,1,0,3,0,0,0,19,2,2,0,2,5,8,1962,2010,1,1,6,6,2,0.0,3,4,1,3,3,3,0,6.492239835020471,6,0.0,5.945420608606575,1040.0,1,5,1,4,6.946975992135418,0.0,0.0,6.946975992135418,1,0.0,1,1,3,0.6931471805599453,3,6,6,0,0,5,1962.0,3,1,260,3,3,2,0.0,4.653960350157523,0.0,0.0,0.0,0.0,0,4,1,0.0,4,2010,8,4,127000.0,7.640123172695364,3,48,0,3.8918202981106265,13,5.155216522907363,260.0,1.8918658212958728,4.653960350157523,0.0,0,0.6931471805599453,0.6931471805599453,0,11.751950239425476
857,4.382026634673881,3,4.248495242049359,9.302919553269277,1,1,0,2,0,4,1,5,2,2,0,7,6,6,1978,1978,1,1,9,6,2,0.0,3,3,1,4,4,1,2,6.226536669287466,3,6.077642243349034,0.0,940.0,1,3,1,4,6.933423025730715,0.0,0.0,6.933423025730715,1,0.0,1,0,3,0.6931471805599453,3,5,6,0,0,5,1981.0,3,2,576,3,2,2,0.0,0.0,3.5553480614894135,0.0,0.0,0.0,0,2,1,0.0,10,2008,8,4,147000.0,7.583756300707112,2,30,30,3.332204510175204,12,5.323985113296614,288.0,2.369496527538561,3.5553480614894135,0.0,0,0.6931471805599453,0.6931471805599453,0,11.898194668458823
858,4.0943445622221,3,4.174387269895637,9.002701007197938,1,1,3,3,0,4,0,8,2,2,0,5,6,5,1994,1995,1,1,6,6,2,0.0,3,3,2,4,3,3,6,0.0,6,0.0,6.555356891810665,702.0,1,4,1,4,6.553933404025811,6.659293919683638,0.0,7.300472814267799,0,0.0,2,1,3,0.6931471805599453,3,6,6,1,3,1,1994.0,0,2,343,3,3,2,0.0,3.6109179126442243,0.0,0.0,0.0,0.0,0,4,1,0.0,3,2009,8,4,174000.0,7.688455356549944,3,15,14,2.772588722239781,11,5.508713345039744,171.5,1.7022281929301395,3.6109179126442243,0.0,1,0.6931471805599453,0.6931471805599453,0,12.066816325306588
859,2.995732273553991,3,4.382026634673881,9.249561085129464,1,1,3,3,0,4,0,14,2,2,0,2,7,5,1976,1976,1,1,6,6,1,5.247024072160486,3,3,1,4,3,3,6,0.0,6,0.0,6.994849985833071,1090.0,1,3,1,4,7.222566018822171,0.0,0.0,7.222566018822171,0,0.0,2,0,3,0.6931471805599453,3,6,6,1,3,1,1976.0,2,2,479,3,3,2,0.0,0.0,0.0,0.0,0.0,0.0,0,2,1,0.0,6,2009,8,3,152000.0,7.807916628926408,2,33,33,3.5263605246161616,12,5.430806549594116,239.5,2.0269950663072933,0.0,0.0,1,0.6931471805599453,0.6931471805599453,1,11.931642378754141
860,4.0943445622221,3,4.382026634673881,9.308283446306147,1,1,0,3,0,0,0,14,3,2,0,5,6,7,1968,1984,1,1,6,6,1,5.3981627015177525,3,3,1,3,3,2,1,6.429719478039138,6,0.0,6.077642243349034,1054.0,1,3,1,4,7.321188556739478,7.04141166379481,0.0,7.8838232148921525,1,0.0,2,1,4,0.6931471805599453,4,9,6,1,4,1,1968.0,3,2,619,3,3,2,0.0,4.189654742026425,0.0,0.0,5.407171771460119,0.0,0,4,1,0.0,8,2006,8,4,250000.0,8.218247926685745,4,38,22,3.6635616461296463,13,5.686598637555933,309.5,1.424460231413994,5.662960480135946,0.0,1,0.6931471805599453,0.6931471805599453,1,12.429220196836383
861,3.912023005428146,3,4.007333185232471,8.941414628006845,1,1,3,3,0,0,0,6,2,2,0,0,7,8,1918,1998,1,1,13,14,2,0.0,4,3,0,3,3,3,6,0.0,6,0.0,6.816735880594968,912.0,1,4,1,4,6.815639990074331,6.244166900663736,0.0,7.262628600974241,0,0.0,1,1,3,0.6931471805599453,4,7,6,1,4,5,1925.0,3,1,216,3,3,2,0.0,5.484796933490655,0.0,0.0,0.0,0.0,0,0,1,0.0,6,2007,8,4,189950.0,7.757051142032013,2,89,9,4.418840607796598,15,5.316718451918928,216.0,1.678786027032604,5.484796933490655,0.0,1,0.6931471805599453,0.6931471805599453,0,12.154521423145216
862,5.247024072160486,3,4.31748811353631,9.360913230455557,1,1,3,3,0,4,0,19,2,2,1,2,5,4,1965,1965,3,1,9,6,2,0.0,3,3,2,3,3,2,1,6.7357800142423265,6,0.0,5.293304824724492,1039.0,1,5,1,4,6.946013991099227,0.0,0.0,6.946013991099227,1,0.0,1,1,3,0.6931471805599453,3,6,6,0,0,1,1965.0,3,2,504,3,3,2,0.0,0.0,0.0,0.0,0.0,0.0,0,4,1,0.0,4,2010,8,4,131500.0,7.639161171659173,3,45,45,3.828641396489095,9,5.154254521871172,252.0,2.4148992393563296,0.0,0.0,0,0.6931471805599453,0.6931471805599453,0,11.78676973513378
863,2.995732273553991,3,4.394449154672439,9.176990392294629,1,1,3,3,0,0,0,20,2,2,0,2,6,5,1984,1985,3,1,6,10,2,0.0,3,3,2,4,3,3,2,5.82600010738045,6,0.0,6.555356891810665,1040.0,1,3,1,4,7.00033446027523,0.0,0.0,7.00033446027523,0,0.0,2,0,3,0.6931471805599453,3,6,6,0,0,1,1986.0,3,2,480,3,3,2,0.0,0.0,0.0,0.0,0.0,0.0,0,0,1,0.0,5,2010,8,4,152000.0,7.667158255319148,2,26,25,3.2188758248682006,11,5.2085749910471755,240.0,2.1766559320193983,0.0,0.0,0,0.6931471805599453,0.6931471805599453,0,11.931642378754141
864,2.995732273553991,3,4.248495242049359,8.97853441008332,1,1,3,3,0,4,0,12,2,2,0,2,5,5,1959,1959,3,1,3,10,2,0.0,3,3,1,3,3,3,1,7.046647277848756,6,0.0,0.0,1148.0,1,3,1,4,7.045776576879511,0.0,0.0,7.045776576879511,1,0.0,1,0,3,0.6931471805599453,3,6,6,0,0,1,1959.0,3,1,672,3,3,2,0.0,0.0,0.0,0.0,0.0,0.0,0,0,1,0.0,7,2009,8,4,132500.0,7.738923757439457,2,50,50,3.9318256327243257,10,5.254017107651457,672.0,1.9327578332038078,0.0,0.0,0,0.6931471805599453,0.6931471805599453,0,11.794345471549745
865,2.995732273553991,1,4.276666119016055,9.064157861798101,1,1,3,3,0,4,0,21,2,2,0,2,7,5,2007,2008,1,1,12,13,2,0.0,4,3,2,5,3,3,6,0.0,6,0.0,7.224753405767971,1372.0,1,5,1,4,7.22402480828583,0.0,0.0,7.22402480828583,0,0.0,2,0,3,0.6931471805599453,4,6,6,0,0,1,2008.0,0,2,529,3,3,2,0.0,4.948759890378168,0.0,0.0,0.0,0.0,0,4,1,0.0,5,2008,6,5,250580.0,7.917171988845776,2,1,0,0.0,12,5.432265339057776,264.5,1.8401330535122709,4.948759890378168,0.0,0,0.6931471805599453,0.6931471805599453,0,12.43153750053306
866,2.995732273553991,3,4.290459441148391,9.07680897935166,1,1,0,3,0,4,0,12,2,2,0,2,5,6,1970,1970,1,1,8,8,1,4.343805421853684,3,3,1,3,3,3,1,6.720220155135295,6,0.0,5.1647859739235145,1002.0,1,3,1,4,6.90975328164481,0.0,0.0,6.90975328164481,1,0.0,1,0,3,0.6931471805599453,3,5,6,0,0,5,1973.0,3,2,902,3,3,2,0.0,0.0,0.0,0.0,0.0,0.0,0,2,1,0.0,8,2009,8,4,148500.0,7.602900462204755,2,39,39,3.6109179126442243,11,5.3003153692107094,451.0,2.16705569770685,0.0,0.0,0,0.6931471805599453,0.6931471805599453,1,11.908346971208951
867,2.995732273553991,3,4.204692619390966,9.273878392780171,1,1,0,1,0,4,0,23,2,2,0,2,8,5,2006,2007,1,1,12,13,3,5.616771097666572,4,3,2,4,3,0,6,0.0,6,0.0,7.40184157874383,1638.0,1,5,1,4,7.406103381237015,0.0,0.0,7.406103381237015,0,0.0,2,0,3,0.6931471805599453,4,6,6,1,4,1,2007.0,2,3,870,3,3,2,5.262690188904886,4.394449154672439,0.0,0.0,0.0,0.0,0,4,1,0.0,11,2007,6,5,248900.0,8.096817470572319,2,1,0,0.0,13,5.61434391200896,290.0,1.8677750115431553,5.60947179518496,0.0,1,0.6931471805599453,0.6931471805599453,1,12.424810506025395
868,2.995732273553991,3,4.442651256490317,8.84937050375457,1,1,3,3,0,0,0,19,1,2,0,2,4,5,1961,1961,1,1,12,13,2,0.0,3,3,1,3,3,3,0,6.838405200847344,6,0.0,4.6913478822291435,1040.0,1,3,1,4,7.02108396428914,0.0,0.0,7.02108396428914,1,0.0,1,1,3,0.6931471805599453,2,5,6,0,0,1,1961.0,2,2,544,3,3,2,5.1298987149230735,0.0,0.0,0.0,0.0,0.0,0,4,3,5.993961427306569,5,2007,8,4,129000.0,7.67786350067821,3,46,46,3.8501476017100584,9,5.4116460518550396,272.0,1.8282865394654293,5.1298987149230735,0.0,0,0.6931471805599453,0.6931471805599453,0,11.767575435251748
869,4.0943445622221,3,4.174387269895637,9.599811590329997,1,1,1,3,0,0,0,8,1,2,0,5,5,6,1948,1950,1,1,9,10,2,0.0,3,3,3,0,0,4,4,0.0,4,0.0,0.0,0.0,1,4,1,4,7.344072850573066,6.580639137284949,3.9889840465642745,7.749322464660356,0,0.0,2,0,2,0.6931471805599453,3,7,6,1,3,1,1979.0,3,2,672,3,3,1,4.795790545596741,4.976733742420574,0.0,0.0,0.0,0.0,0,4,1,0.0,5,2006,8,4,169000.0,7.726212650507529,2,58,56,3.332204510175204,11,5.803412315605042,336.0,1.850489125669642,5.579729825986222,0.0,1,0.0,0.6931471805599453,0,12.037659911047468
870,4.0943445622221,3,4.382026634673881,9.204121072162266,1,1,3,3,0,4,0,20,2,2,0,5,7,5,1993,1994,1,1,8,8,1,5.5093883366279774,4,3,2,4,3,3,2,6.621405651764134,6,0.0,5.707110264748875,1050.0,1,5,1,4,6.967909201801884,6.78897174299217,0.0,7.575071699507561,1,0.0,2,1,3,0.6931471805599453,4,8,6,1,3,1,1993.0,0,2,574,3,3,2,5.056245805348308,4.51085950651685,0.0,0.0,0.0,0.0,0,0,1,0.0,6,2010,8,4,236000.0,8.00603417874901,4,17,16,2.8903717578961645,12,5.4956301578277245,287.0,1.629049372654705,5.5093883366279774,0.0,1,0.6931471805599453,0.6931471805599453,1,12.371591321286905
871,2.995732273553991,3,4.0943445622221,8.794824928014517,1,1,3,3,0,4,0,12,4,2,0,2,5,5,1962,1962,3,1,8,8,2,0.0,3,3,1,3,3,3,6,0.0,6,0.0,6.796823718274855,894.0,1,4,0,4,6.795705775173514,0.0,0.0,6.795705775173514,0,0.0,1,0,2,0.6931471805599453,3,5,6,0,0,5,1962.0,3,1,308,3,3,2,0.0,0.0,0.0,0.0,0.0,0.0,0,4,1,0.0,8,2009,8,4,109500.0,7.488852955733459,1,47,47,3.871201010907891,10,5.186267862739414,308.0,1.9991191528410026,0.0,0.0,0,0.6931471805599453,0.6931471805599453,0,11.603688960617083
872,4.0943445622221,3,4.248495242049359,9.07680897935166,1,1,3,3,0,4,0,5,2,2,0,5,6,5,1998,1998,1,1,12,13,1,4.762173934797756,3,3,2,4,3,3,2,6.226536669287466,6,0.0,5.703782474656201,804.0,1,5,1,4,6.6895992691789665,6.778784897685177,0.0,7.427738840532894,0,0.0,2,1,3,0.6931471805599453,4,7,6,0,0,1,1998.0,2,2,523,3,3,2,0.0,4.356708826689592,0.0,0.0,0.0,0.0,0,4,1,0.0,6,2010,8,4,200500.0,7.818430272070656,3,12,12,2.5649493574615367,11,5.48182869147758,261.5,1.6490701388187667,4.356708826689592,0.0,0,0.6931471805599453,0.6931471805599453,1,12.208574513247495
873,2.995732273553991,3,4.30406509320417,9.092907275084087,1,1,3,3,0,0,0,12,2,2,0,2,5,7,1953,1996,1,1,14,15,2,0.0,4,3,4,3,3,0,6,0.0,6,0.0,4.663439094112067,105.0,1,4,1,4,6.813444599510896,0.0,0.0,6.813444599510896,0,0.0,1,0,3,0.6931471805599453,4,5,6,0,0,1,1953.0,3,2,414,3,3,2,5.2832037287379885,0.0,5.017279836814924,0.0,0.0,0.0,0,1,1,0.0,10,2008,8,4,116000.0,6.922643891475888,1,55,12,4.02535169073515,12,5.204006687076795,207.0,2.2794626755731917,5.849324779946859,0.0,0,0.6931471805599453,0.6931471805599453,0,11.661354090741
874,3.6888794541139363,3,4.0943445622221,9.404590499635411,1,1,3,3,0,4,0,12,2,2,0,2,5,7,1949,1950,1,1,6,6,2,0.0,4,3,1,3,3,3,5,5.929589143389895,6,0.0,6.126869184114185,832.0,1,4,1,4,6.943122422819428,0.0,5.4510384535657,7.145196134997171,0,0.0,1,0,3,0.6931471805599453,3,6,6,1,4,1,1949.0,3,1,288,3,3,2,0.0,3.367295829986474,0.0,0.0,0.0,0.0,0,4,2,0.0,9,2009,8,4,133000.0,7.532623618788788,1,60,59,4.110873864173311,12,5.353436665769117,288.0,2.25939436463824,3.367295829986474,0.0,1,0.6931471805599453,0.6931471805599453,0,11.798111925972618
875,3.912023005428146,4,3.9512437185814275,8.651724084373843,1,1,3,3,0,4,0,17,0,2,0,0,5,6,1941,1950,1,1,13,14,2,0.0,3,3,1,3,3,3,6,0.0,6,0.0,6.517671272912275,676.0,1,5,1,4,6.516193076042964,6.1224928095143865,0.0,7.030857476116121,0,0.0,1,1,3,0.6931471805599453,3,5,6,0,0,5,1941.0,3,1,200,3,3,2,3.295836866004329,0.0,0.0,0.0,0.0,0.0,0,4,1,0.0,8,2009,8,0,66500.0,7.499423290592229,2,68,59,4.23410650459726,11,5.42141956368202,200.0,1.6208666082577232,3.295836866004329,0.0,0,0.6931471805599453,0.6931471805599453,0,11.104972264124868
876,4.0943445622221,1,4.31748811353631,9.104979856318357,1,1,3,3,0,4,0,21,2,2,0,5,8,5,2007,2007,1,1,5,5,2,0.0,4,3,2,4,3,0,2,4.174387269895637,6,0.0,7.02197642307216,1184.0,1,5,1,4,7.076653815443951,7.2633296174768365,0.0,7.867105500316739,0,0.0,2,1,4,0.6931471805599453,5,11,6,1,4,3,2007.0,0,2,550,3,3,2,5.342334251964811,5.8998973535824915,0.0,0.0,0.0,0.0,0,4,1,0.0,8,2007,6,5,303477.0,8.24117615049496,3,0,0,0.0,13,5.469210227518369,275.0,1.2378743560016172,6.35088571671474,0.0,1,0.6931471805599453,0.6931471805599453,0,12.623064399210183
877,2.995732273553991,3,4.543294782270004,10.138006161871843,1,1,3,1,0,4,1,11,2,2,0,2,4,5,1963,1963,1,1,6,10,2,0.0,3,3,2,3,3,1,0,6.452048954437226,6,0.0,6.068425588244111,1064.0,1,4,1,4,6.946975992135418,0.0,0.0,6.946975992135418,1,0.0,1,0,3,0.6931471805599453,3,5,6,0,0,1,1963.0,3,2,648,3,3,2,0.0,0.0,0.0,0.0,0.0,0.0,0,4,1,0.0,1,2007,8,4,132250.0,7.651595573857601,2,44,44,3.8066624897703196,9,5.337538079701318,324.0,3.1910301697364245,0.0,0.0,0,0.6931471805599453,0.6931471805599453,0,11.792456911128632
878,4.0943445622221,3,4.30406509320417,9.086363192156472,1,1,3,3,0,4,0,16,2,2,0,5,9,5,2004,2005,3,1,12,13,3,5.37989735354046,4,3,2,5,3,3,2,7.065613363597717,6,0.0,5.680172609017068,1462.0,1,5,1,4,7.2875606403097235,6.637258031284457,0.0,7.707062655370473,1,0.0,2,1,4,0.6931471805599453,5,10,6,1,4,1,2004.0,0,3,738,3,3,2,5.220355825078324,0.0,0.0,0.0,0.0,0.0,0,4,1,0.0,6,2009,8,4,350000.0,8.212297138229768,4,5,4,1.791759469228055,14,5.404477562376427,246.0,1.3793005367859987,5.220355825078324,0.0,1,0.6931471805599453,0.6931471805599453,1,12.765691290604371
879,4.442651256490317,3,4.477336814478207,9.374328222081633,1,1,0,3,0,4,0,19,2,2,0,6,5,7,1961,1995,1,1,6,6,2,0.0,3,3,1,3,3,0,0,6.802394763324311,6,0.0,5.351858133476067,1109.0,1,3,1,4,7.051855622955894,0.0,0.0,7.051855622955894,1,0.0,1,0,3,0.6931471805599453,4,6,3,0,0,5,1987.0,3,2,576,3,3,2,5.262690188904886,0.0,0.0,0.0,0.0,0.0,0,2,3,5.993961427306569,6,2010,8,4,148000.0,7.724888439323074,2,49,15,3.1780538303479458,12,5.260096153727839,288.0,2.3224725991257387,5.262690188904886,0.0,0,0.6931471805599453,0.6931471805599453,0,11.904974309480183
880,2.995732273553991,3,4.248495242049359,8.85366542803745,1,1,0,3,0,1,0,5,2,2,0,2,5,8,1978,2005,1,1,12,13,1,4.51085950651685,4,4,1,3,3,3,0,6.472346294500901,6,0.0,5.389071729816501,864.0,1,5,1,4,6.761572768804055,0.0,0.0,6.761572768804055,1,0.0,1,0,3,0.6931471805599453,3,6,6,0,0,1,1978.0,3,1,336,3,3,2,0.0,0.0,0.0,0.0,0.0,0.0,0,1,1,0.0,7,2009,8,4,136500.0,7.454719949364001,2,31,4,3.4657359027997265,13,4.969813299576001,336.0,2.0920926592333946,0.0,0.0,0,0.6931471805599453,0.6931471805599453,1,11.824087219587643
881,2.995732273553991,3,4.0943445622221,8.857088135314953,1,1,3,3,0,4,0,7,2,2,0,2,5,5,2005,2006,1,1,12,13,2,0.0,3,3,2,5,4,3,0,6.8885724595653635,6,0.0,4.709530201312334,1090.0,1,4,1,4,6.993932975223189,0.0,0.0,6.993932975223189,1,0.0,1,1,2,0.6931471805599453,3,5,6,0,0,1,2005.0,0,2,450,3,3,2,0.0,3.912023005428146,0.0,0.0,0.0,0.0,0,4,1,0.0,6,2007,8,4,157000.0,7.687080155783135,3,2,1,1.0986122886681098,10,5.384495062789089,225.0,1.8631551600917633,3.912023005428146,0.0,0,0.6931471805599453,0.6931471805599453,0,11.964007453736912
882,3.912023005428146,3,3.784189633918261,9.52937575208596,1,1,0,3,0,1,0,23,2,2,0,0,7,5,1990,1991,1,1,6,6,1,4.770684624465665,4,4,1,4,3,2,3,6.805722553416985,6,0.0,5.541263545158426,1156.0,1,5,1,4,7.079184394609668,6.274762021241939,0.0,7.448333860897476,0,0.0,2,1,3,0.6931471805599453,4,7,6,1,3,1,1990.0,2,2,400,3,3,2,5.1298987149230735,3.6109179126442243,0.0,0.0,0.0,0.0,0,4,1,0.0,4,2007,8,4,187500.0,7.96311205897929,3,17,16,2.8903717578961645,12,5.502423711842162,200.0,2.081041891188484,5.3230099791384085,0.0,1,0.6931471805599453,0.6931471805599453,1,12.141539457711714
883,4.0943445622221,3,4.174387269895637,9.173261363734762,1,1,0,3,0,0,0,8,2,2,0,5,6,5,1992,1993,1,1,12,13,2,0.0,3,3,2,4,3,3,6,0.0,6,0.0,6.695798917058491,808.0,1,4,1,4,6.694562058521095,6.666956792429207,0.0,7.373374309910049,0,0.0,2,1,3,0.6931471805599453,3,7,6,1,3,3,1993.0,2,2,389,3,3,2,5.8377304471659395,3.713572066704308,0.0,0.0,0.0,0.0,0,2,1,0.0,12,2009,8,4,178000.0,7.783640596221253,3,17,16,2.833213344056216,11,5.427464160854735,194.5,1.7998870538247134,5.948034989180646,0.0,1,0.6931471805599453,0.6931471805599453,0,12.08954444723597
884,4.31748811353631,3,4.0943445622221,8.73294952429643,1,1,3,0,0,4,0,18,2,2,0,3,4,5,1912,1950,1,1,13,14,2,0.0,4,3,2,3,2,3,6,0.0,6,0.0,6.679599185844383,795.0,1,3,0,4,6.860663671448287,6.679599185844383,6.1779441140506,7.709756864454165,1,0.0,1,0,5,0.6931471805599453,3,10,6,0,0,5,1997.0,3,1,440,3,4,2,0.0,5.241747015059643,0.0,0.0,0.0,0.0,0,4,1,0.0,3,2006,8,4,118500.0,7.841492924460013,2,94,56,2.302585092994046,9,5.407171771460119,440.0,1.0231926598422652,5.241747015059643,0.0,0,0.6931471805599453,0.6931471805599453,0,11.682676678340282
885,2.995732273553991,3,4.174387269895637,8.874867635688053,1,1,3,3,0,4,0,12,2,2,0,2,5,5,1967,1967,1,1,6,6,1,4.110873864173311,3,3,1,3,3,3,1,6.07073772800249,6,0.0,6.133398042996649,892.0,1,3,1,4,6.79346613258001,0.0,0.0,6.79346613258001,0,0.0,1,0,3,0.6931471805599453,3,5,6,0,0,1,1967.0,2,1,288,3,3,2,0.0,0.0,0.0,0.0,0.0,0.0,0,1,1,0.0,7,2009,8,4,100000.0,7.486613313139955,1,42,42,3.7612001156935624,10,5.184028220145909,288.0,2.0814015031080437,0.0,0.0,0,0.6931471805599453,0.6931471805599453,1,11.51293546492023
886,4.787491742782046,1,3.912023005428146,8.540714386457584,1,1,0,3,0,1,0,21,2,2,4,2,9,5,1999,2000,1,1,8,8,1,4.110873864173311,4,3,2,5,3,0,2,7.122059881629142,6,0.0,6.133398042996649,1698.0,1,5,1,4,7.443663683115591,0.0,0.0,7.443663683115591,1,0.0,2,0,2,0.6931471805599453,4,5,6,1,3,1,1999.0,0,2,506,3,3,2,4.584967478670572,4.189654742026425,0.0,0.0,0.0,0.0,0,4,1,0.0,1,2008,1,0,328900.0,8.133587417660966,3,9,8,2.302585092994046,14,5.83422577068149,253.0,1.0970507033419925,5.093750200806762,0.0,1,0.6931471805599453,0.6931471805599453,1,12.70351207261035
887,4.499809670330265,3,4.248495242049359,9.035153304082828,1,1,3,3,0,0,0,12,2,2,2,2,5,5,1959,2005,1,1,8,8,1,4.812184355372417,3,3,1,3,3,3,3,6.270988431858299,6,0.0,7.002155954403621,1626.0,1,5,1,4,7.445417556701687,0.0,0.0,7.445417556701687,0,0.0,2,0,4,1.0986122886681098,3,8,6,0,0,1,2005.0,0,2,588,3,3,2,5.60947179518496,4.007333185232471,0.0,0.0,0.0,0.0,0,4,1,0.0,6,2006,8,3,145000.0,8.11312710422178,2,47,1,0.6931471805599453,10,5.365976015021851,294.0,1.5897357473811402,5.7899601708972535,0.0,0,0.6931471805599453,0.6931471805599453,1,11.884495917930655
888,3.912023005428146,3,4.07753744390572,9.709052927858371,1,1,0,3,0,4,0,7,2,2,0,0,5,7,1955,1955,1,1,8,8,2,0.0,3,4,2,3,3,3,6,0.0,6,0.0,6.705639094860003,816.0,1,3,1,4,6.77078942390898,6.257667587882639,0.0,7.239214973779806,0,0.0,1,1,3,0.6931471805599453,3,8,6,0,0,1,1955.0,3,1,300,3,3,2,4.804021044733257,0.0,0.0,0.0,5.583496308781699,0.0,0,4,1,0.0,4,2008,8,4,135500.0,7.700295203420117,2,53,53,3.9889840465642745,12,5.1597734320999695,300.0,2.4698379540785655,5.958424693029782,0.0,0,0.6931471805599453,0.6931471805599453,0,11.816734299348461
889,2.995732273553991,3,4.553876891600541,9.671870704017296,1,1,0,3,0,4,1,12,2,2,0,2,8,6,1970,1970,0,5,13,14,2,0.0,4,4,2,3,4,1,0,5.863631175598097,5,6.714170529909472,6.950814768442584,2217.0,1,5,1,4,7.7039102096163115,0.0,0.0,7.7039102096163115,1,0.0,2,0,4,0.6931471805599453,4,8,6,1,3,1,1970.0,3,2,621,3,3,2,4.406719247264253,5.337538079701318,0.0,0.0,5.41610040220442,0.0,0,4,1,0.0,10,2007,8,4,268000.0,8.397057390176256,3,37,37,3.6375861597263857,14,5.624468667936475,310.5,1.9679604944009845,6.240275845170769,0.0,1,0.6931471805599453,0.6931471805599453,0,12.498745990829315
890,2.995732273553991,3,4.852030263919617,9.405907155520158,1,1,3,3,0,4,0,12,1,2,0,2,6,4,1953,1953,3,1,13,14,1,4.51085950651685,3,3,1,3,3,3,1,6.932447891572509,6,0.0,6.1779441140506,1505.0,1,5,1,4,7.316548177182976,0.0,0.0,7.316548177182976,1,0.0,1,0,2,0.6931471805599453,3,6,6,1,3,1,1953.0,2,2,505,3,3,2,0.0,0.0,0.0,5.093750200806762,0.0,0.0,0,4,1,0.0,2,2009,8,4,149500.0,8.009695357742922,2,56,56,4.04305126783455,10,5.524788707954921,252.5,2.0893589783371818,5.093750200806762,0.0,1,0.6931471805599453,0.6931471805599453,1,11.915058360753719
891,3.912023005428146,3,4.0943445622221,8.99516499031115,1,1,3,3,0,0,0,12,0,2,0,0,5,7,1949,2006,1,1,8,8,2,0.0,3,4,1,3,3,2,6,0.0,6,0.0,6.511745329644728,672.0,1,5,1,4,6.51025834052315,5.53338948872752,0.0,6.828712071641684,0,0.0,1,0,3,0.6931471805599453,3,6,6,1,1,5,2003.0,3,2,576,3,3,2,0.0,0.0,0.0,0.0,0.0,0.0,0,2,3,7.601402334583733,7,2007,8,4,122900.0,7.3752557780097545,1,58,1,1.6094379124341003,12,5.0369526024136295,288.0,2.1664529186694654,0.0,0.0,1,0.6931471805599453,0.6931471805599453,0,11.719134432217524
892,4.0943445622221,3,4.248495242049359,9.322239464473592,1,1,3,3,0,4,0,19,2,2,0,5,6,5,1978,1978,3,1,6,6,1,4.532599493153256,3,3,1,3,3,3,3,5.424950017481403,5,6.2166061010848646,5.262690188904886,918.0,1,4,1,4,6.822197390620491,6.641182169740591,0.0,7.428333194190806,0,0.0,2,1,3,0.6931471805599453,3,7,6,1,3,1,1978.0,2,2,440,3,3,2,5.497168225293202,0.0,0.0,0.0,0.0,0.0,0,4,1,0.0,7,2009,8,4,172500.0,7.8636512654486515,3,31,31,3.4657359027997265,11,5.4824230451354925,220.0,1.8939062702827856,5.497168225293202,0.0,1,0.6931471805599453,0.6931471805599453,1,12.058158312538197
893,2.995732273553991,3,4.248495242049359,9.037652264150466,1,1,3,3,0,4,0,19,2,2,0,2,6,8,1963,2003,3,1,6,6,2,0.0,3,3,1,3,3,3,2,6.498282149476434,6,0.0,5.983936280687191,1059.0,1,3,1,4,6.97354301952014,0.0,0.0,6.97354301952014,0,0.6931471805599453,1,0,3,0.6931471805599453,3,6,6,0,0,1,1963.0,2,1,264,3,3,2,5.262690188904886,0.0,0.0,0.0,0.0,0.0,0,2,1,0.0,2,2006,8,4,154500.0,7.6624678152002375,2,43,3,3.784189633918261,14,5.181783550292085,264.0,2.064109244630326,5.262690188904886,0.0,0,0.6931471805599453,0.6931471805599453,0,11.947955847790901
894,2.995732273553991,3,4.2626798770413155,9.494315582496638,1,1,3,3,0,4,0,19,4,2,0,2,5,5,1954,1954,1,1,13,10,2,0.0,3,3,2,4,3,2,1,6.970730078143525,6,0.0,5.768320995793772,1383.0,1,3,1,4,7.232010331664759,0.0,0.0,7.232010331664759,1,0.0,1,0,3,0.6931471805599453,3,6,6,1,4,1,1954.0,3,1,354,3,3,2,6.238324625039508,4.762173934797756,0.0,0.0,0.0,0.0,0,0,1,0.0,6,2008,8,4,165000.0,7.925157512224703,2,54,54,4.007333185232471,10,5.440250862436703,354.0,2.262305250831879,6.4425401664681985,0.0,1,0.6931471805599453,0.6931471805599453,0,12.013706813470414
895,4.499809670330265,3,4.1588830833596715,8.85623355614316,1,1,3,0,0,4,0,20,2,2,2,2,5,5,1979,1979,1,1,9,10,2,0.0,3,3,3,0,0,4,4,0.0,4,0.0,0.0,0.0,1,3,1,4,7.336285660021297,0.0,0.0,7.336285660021297,0,0.0,2,0,4,1.0986122886681098,3,8,6,0,0,1,1979.0,3,2,400,3,3,2,0.0,0.0,0.0,0.0,0.0,0.0,0,4,1,0.0,6,2009,8,2,118858.0,7.336285660021297,2,30,30,3.4339872044851463,10,5.256844118341462,200.0,1.5199478961218629,0.0,0.0,0,0.0,0.6931471805599453,0,11.685693195625964
896,4.0943445622221,3,4.2626798770413155,8.861633597686627,1,1,3,3,0,4,0,12,2,2,0,5,6,5,1963,1963,3,1,6,6,1,6.030685260261263,3,3,1,3,3,3,1,5.993961427306569,6,0.0,5.942799375126701,780.0,1,3,1,4,6.890609120147166,6.70196036600254,0.0,7.493317248862145,1,0.0,1,1,4,0.6931471805599453,3,8,6,1,3,1,1963.0,2,2,483,3,3,2,0.0,3.9318256327243257,0.0,0.0,0.0,0.0,0,4,1,0.0,10,2008,8,4,140000.0,7.853993087224244,3,45,45,3.828641396489095,11,5.413875707182309,241.5,1.3683163488244823,3.9318256327243257,0.0,1,0.6931471805599453,0.6931471805599453,1,11.849404844423074
897,3.4011973816621555,4,3.912023005428146,9.078521797355334,1,0,3,3,0,4,0,9,2,2,0,2,4,6,1936,1950,1,1,13,14,2,0.0,3,3,0,3,3,3,0,5.655991810819852,6,0.0,6.502790045915623,951.0,1,5,0,4,6.85751406254539,0.0,0.0,6.85751406254539,0,0.0,1,0,2,0.6931471805599453,3,6,6,0,0,5,1936.0,3,1,327,3,3,2,0.0,3.367295829986474,0.0,0.0,0.0,0.0,0,4,1,0.0,4,2006,8,0,106500.0,7.550661243105336,1,70,56,4.2626798770413155,10,5.065754593317335,327.0,2.2210077348099446,3.367295829986474,0.0,0,0.6931471805599453,0.6931471805599453,0,11.575909653758895
898,4.499809670330265,3,4.1588830833596715,8.85623355614316,1,1,3,3,0,4,0,20,1,2,2,5,5,5,1979,1979,1,1,9,10,2,0.0,3,3,3,0,0,4,4,0.0,4,0.0,0.0,0.0,1,3,1,4,7.02108396428914,7.02197642307216,0.0,7.7142311448490855,0,0.0,2,0,6,1.0986122886681098,3,12,6,0,0,5,1979.0,3,2,528,3,3,2,5.043425116919247,0.0,0.0,0.0,0.0,0.0,0,4,1,0.0,6,2009,8,2,142953.0,7.7142311448490855,2,30,30,3.4339872044851463,10,5.2293244950610855,264.0,1.1420024112940748,5.043425116919247,0.0,0,0.0,0.6931471805599453,0,11.870278179170796
899,2.995732273553991,3,4.605170185988092,9.466454374960302,1,1,0,3,0,4,0,16,2,2,0,2,9,5,2009,2010,3,1,12,13,3,6.634633357861686,5,3,2,5,3,1,2,7.691200097522863,6,0.0,4.962844630259907,2330.0,1,5,1,4,7.768110378525988,0.0,0.0,7.768110378525988,1,0.0,2,1,2,0.6931471805599453,5,11,6,2,4,1,2009.0,0,3,820,3,3,2,0.0,4.219507705176107,0.0,0.0,0.0,0.0,0,4,1,0.0,3,2010,6,5,611657.0,8.454040376410969,4,1,0,0.6931471805599453,14,5.370215105727619,273.3333333333333,1.6983439964343123,4.219507705176107,0.0,1,0.6931471805599453,0.6931471805599453,1,13.323928581764989
900,2.995732273553991,3,4.174387269895637,8.852664927703866,1,1,3,3,0,4,0,19,1,2,0,2,5,7,1961,1994,1,1,6,10,2,0.0,3,3,1,3,3,3,1,6.144185634125646,6,0.0,6.104793232414985,912.0,1,3,1,4,7.119635638017636,0.0,0.0,7.119635638017636,0,0.0,1,0,3,0.6931471805599453,3,6,6,1,3,1,1961.0,3,1,288,3,3,2,0.0,0.0,0.0,0.0,0.0,0.0,0,4,1,0.0,6,2006,8,4,135000.0,7.672292455628756,1,45,12,3.828641396489095,12,5.327876168789581,288.0,1.7330292896862307,0.0,0.0,1,0.6931471805599453,0.6931471805599453,0,11.813037464800539
901,2.995732273553991,3,4.290459441148391,8.901094121608562,1,1,0,3,0,4,0,12,2,2,0,2,4,6,1971,1971,1,1,6,6,2,0.0,3,3,1,3,3,3,0,5.777652323222656,6,0.0,6.285998094508865,858.0,1,3,1,4,6.754604099487962,0.0,0.0,6.754604099487962,0,0.0,1,0,2,0.6931471805599453,3,4,6,0,0,5,1979.0,3,1,684,3,3,2,0.0,0.0,0.0,0.0,0.0,0.0,0,4,1,0.0,6,2007,8,4,110000.0,7.447751280047908,1,36,36,3.367295829986474,10,5.368309738368072,684.0,2.146490022120599,0.0,0.0,0,0.6931471805599453,0.6931471805599453,0,11.608244735642321
902,2.995732273553991,3,4.1588830833596715,9.072456664612796,1,1,0,3,0,4,0,12,2,2,0,2,5,7,1957,2000,3,1,8,8,2,0.0,3,4,1,3,3,2,1,6.7580945044277305,6,0.0,4.890349128221754,992.0,1,3,1,4,7.174724309836376,0.0,0.0,7.174724309836376,1,0.0,1,0,2,0.6931471805599453,3,5,6,0,0,5,1968.0,3,1,756,3,3,2,0.0,0.0,0.0,0.0,0.0,0.0,0,4,1,0.0,5,2009,8,4,153000.0,7.739794458408701,2,52,9,3.7376696182833684,12,5.565286397402276,756.0,1.89773235477642,0.0,0.0,0,0.6931471805599453,0.6931471805599453,0,11.938199736300925
903,4.0943445622221,3,4.143134726391533,8.971448463693834,1,1,3,3,0,4,0,8,2,2,0,5,7,5,2003,2003,1,1,12,13,2,0.0,4,3,2,4,3,3,6,0.0,6,0.0,6.664409020350408,783.0,1,5,1,4,6.693323668269949,6.555356891810665,0.0,7.319202458767849,0,0.0,2,1,3,0.6931471805599453,4,8,6,1,4,1,2003.0,0,2,393,3,3,2,0.0,4.330733340286331,0.0,0.0,0.0,0.0,0,4,1,0.0,7,2006,8,4,180000.0,7.73718007783463,3,3,3,1.3862943611198906,12,5.239760917088013,196.5,1.652246004925985,4.330733340286331,0.0,1,0.6931471805599453,0.6931471805599453,0,12.100717685412471
904,2.995732273553991,3,3.912023005428146,9.606361021256347,1,1,0,1,0,1,0,8,2,2,0,2,7,5,2006,2006,3,1,12,13,1,3.332204510175204,4,3,2,4,3,3,6,0.0,6,0.0,7.421177528595393,1670.0,1,5,1,4,7.4205789054108005,0.0,0.0,7.4205789054108005,0,0.0,2,0,3,0.6931471805599453,4,7,6,1,4,1,2006.0,2,3,690,3,3,2,4.976733742420574,4.110873864173311,0.0,0.0,0.0,0.0,0,4,1,0.0,8,2006,6,5,240000.0,8.113726085970747,2,0,0,0.0,12,5.474668756355488,230.0,2.1857821158455466,5.3230099791384085,0.0,1,0.6931471805599453,0.6931471805599453,1,12.388398368982115
905,2.995732273553991,3,4.2626798770413155,8.727940222393896,1,1,0,3,0,4,0,19,2,2,0,2,5,6,1967,1967,1,1,6,14,1,4.330733340286331,3,3,1,3,3,3,2,6.396929655216146,6,0.0,5.627621113690637,876.0,1,3,1,4,6.804614520062624,0.0,0.0,6.804614520062624,0,0.0,1,0,3,0.6931471805599453,3,6,6,0,0,1,1967.0,3,1,288,3,3,2,0.0,0.0,0.0,0.0,0.0,0.0,0,2,1,0.0,8,2007,8,4,125500.0,7.48324441607385,1,40,40,3.713572066704308,11,5.012855050834569,288.0,1.9233257023312722,0.0,0.0,0,0.6931471805599453,0.6931471805599453,1,11.74006900564972
906,2.995732273553991,3,4.382026634673881,9.20230820027892,1,1,3,3,0,4,0,12,2,2,0,2,5,5,1954,1954,1,1,6,6,3,4.709530201312334,3,3,1,3,3,3,5,5.872117789475416,3,5.673323267171493,6.023447592961033,1056.0,1,3,1,4,6.968850378341948,0.0,0.0,6.968850378341948,1,0.0,1,0,3,0.6931471805599453,3,6,6,0,0,1,1954.0,2,1,280,3,3,2,0.0,0.0,5.10594547390058,0.0,0.0,0.0,0,2,1,0.0,2,2010,8,4,128000.0,7.6586995582682995,2,56,56,4.04305126783455,10,5.177090909113893,280.0,2.2334578219369705,5.10594547390058,0.0,0,0.6931471805599453,0.6931471805599453,1,11.759793355371237
907,2.995732273553991,3,4.7535901911063645,9.510519035757246,1,1,0,3,0,0,0,21,2,2,0,2,8,5,2006,2006,1,1,12,13,3,5.342334251964811,4,3,2,4,3,3,2,4.1588830833596715,6,0.0,7.353081920515432,1623.0,1,5,1,4,7.400009517162692,0.0,0.0,7.400009517162692,1,0.0,2,0,3,0.6931471805599453,4,8,6,1,4,1,2006.0,2,3,865,3,3,2,0.0,4.110873864173311,0.0,0.0,0.0,0.0,0,4,1,0.0,6,2007,8,4,255000.0,8.089175678837561,3,1,1,0.6931471805599453,13,5.320567975482857,288.3333333333333,2.1105095185945535,4.110873864173311,0.0,1,0.6931471805599453,0.6931471805599453,1,12.449022745701502
908,3.912023005428146,3,4.454347296253507,9.350102314351341,1,1,0,3,0,4,0,6,2,2,0,0,7,7,1936,1987,1,1,3,3,2,0.0,4,3,1,4,3,3,5,5.4116460518550396,6,0.0,6.678342114654332,1017.0,1,4,1,4,6.927557906278317,6.945051063725834,0.0,7.6290038896529575,0,0.0,1,1,3,0.6931471805599453,4,6,6,1,4,1,1936.0,0,1,180,2,3,2,0.0,0.0,0.0,0.0,5.777652323222656,0.0,0,4,1,0.0,6,2006,8,4,250000.0,8.03073492409854,2,70,19,4.2626798770413155,14,5.837244420424902,180.0,1.7210984246983843,5.777652323222656,0.0,1,0.6931471805599453,0.6931471805599453,0,12.429220196836383
909,2.995732273553991,3,4.290459441148391,9.092119740588751,1,1,0,2,0,4,1,11,2,2,0,2,5,5,1983,1983,1,1,6,6,2,0.0,3,3,1,4,3,0,1,5.71042701737487,0,5.783825182329737,5.480638923341991,864.0,1,3,1,4,6.804614520062624,0.0,0.0,6.804614520062624,1,0.0,1,0,2,0.6931471805599453,3,5,6,0,0,1,1983.0,3,2,484,3,3,2,5.10594547390058,0.0,0.0,0.0,0.0,0.0,0,2,1,0.0,6,2006,8,4,131000.0,7.476472381163905,2,23,23,3.1780538303479458,10,5.1951766076285235,242.0,2.287505220526128,5.10594547390058,0.0,0,0.6931471805599453,0.6931471805599453,0,11.782960235741939
910,4.0943445622221,3,5.003946305945459,9.44057869576626,1,1,1,3,0,4,0,8,2,2,0,5,6,5,2005,2005,1,1,12,13,2,0.0,4,3,2,4,3,3,6,0.0,6,0.0,6.610696044717759,742.0,1,5,1,4,6.60934924316738,6.610696044717759,0.0,7.302496423727326,0,0.0,2,1,3,0.6931471805599453,4,8,6,1,4,1,2005.0,0,2,390,3,3,2,3.6109179126442243,3.2188758248682006,0.0,0.0,0.0,0.0,0,4,1,0.0,6,2009,8,4,174000.0,7.70796153183549,3,4,4,1.6094379124341003,11,5.22305488204749,195.0,2.1380822720389334,4.110873864173311,0.0,1,0.6931471805599453,0.6931471805599453,0,12.066816325306588
911,4.499809670330265,3,4.382026634673881,9.358760377094455,1,1,3,3,0,0,0,12,1,2,2,5,5,5,1960,1960,1,1,8,8,1,5.8916442118257715,3,3,1,3,3,3,5,6.095824562432225,6,0.0,6.4967749901858625,1105.0,1,3,1,0,7.007600613951853,7.064759027791802,0.0,7.729295674310482,0,0.0,2,0,5,1.0986122886681098,3,12,6,0,0,5,1960.0,3,2,480,3,3,2,0.0,0.0,0.0,0.0,0.0,0.0,0,4,1,0.0,1,2010,8,4,154300.0,8.12533508671429,2,50,50,3.9318256327243257,10,5.244389024522481,240.0,1.6294647027839746,0.0,0.0,0,0.6931471805599453,0.6931471805599453,1,11.946660519211651
912,2.995732273553991,3,4.248495242049359,9.136263168579868,1,1,0,3,0,1,1,5,2,2,0,2,5,7,1977,1989,1,1,6,10,2,0.0,3,3,1,4,4,0,0,5.2832037287379885,6,0.0,6.9782137426306985,1268.0,1,3,1,4,7.145196134997171,0.0,0.0,7.145196134997171,0,0.0,1,1,3,0.6931471805599453,4,5,6,0,0,5,1978.0,3,1,252,3,3,2,5.159055299214529,0.0,0.0,0.0,0.0,0.0,0,4,1,0.0,10,2009,8,4,143500.0,7.8383433155571165,2,32,20,3.4657359027997265,12,5.535758222563071,252.0,1.9910670335826959,5.159055299214529,0.0,0,0.6931471805599453,0.6931471805599453,0,11.874097282798648
913,3.4011973816621555,4,3.9318256327243257,8.719317375506371,1,1,3,3,0,4,0,3,2,2,0,2,5,7,1925,1950,1,1,8,8,2,0.0,3,3,0,3,3,3,5,6.194405391104672,6,0.0,5.634789603169249,768.0,1,3,0,4,6.922643891475888,0.0,0.0,6.922643891475888,0,0.0,1,0,3,0.6931471805599453,3,6,2,0,0,5,1925.0,3,1,450,3,3,2,0.0,0.0,4.727387818712341,0.0,4.795790545596741,0.0,0,2,3,6.431331081933479,7,2006,8,0,88000.0,7.48605261786314,1,81,56,4.406719247264253,12,5.130884422247832,450.0,1.796673484030484,5.4510384535657,0.0,0,0.6931471805599453,0.6931471805599453,0,11.385103457032141
914,4.499809670330265,2,4.406719247264253,8.743531633626967,1,1,3,1,0,4,0,6,2,2,2,5,5,6,1949,1950,1,1,8,8,2,0.0,3,3,1,3,3,3,1,5.652489180268651,6,0.0,6.576469569048224,1001.0,1,3,0,0,6.90875477931522,6.90975328164481,0.0,7.601901959875166,0,0.0,2,0,4,1.0986122886681098,3,8,6,0,0,0,1949.0,3,3,871,3,3,2,0.0,0.0,0.0,0.0,0.0,0.0,0,4,1,0.0,8,2007,8,4,145000.0,8.00736706798333,2,58,57,4.07753744390572,11,5.52246041819533,290.3333333333333,1.1416296737518006,0.0,0.0,0,0.6931471805599453,0.6931471805599453,0,11.884495917930655
915,5.075173815233827,1,3.4011973816621555,8.006367567650246,1,2,3,3,0,4,0,21,2,2,4,5,6,5,2009,2009,1,1,12,13,3,4.343805421853684,4,3,2,4,3,0,2,5.68697535633982,6,0.0,5.765191102784844,612.0,1,5,1,4,6.416732282512326,6.418364935936212,0.0,7.1098794630722715,0,0.0,2,1,2,0.6931471805599453,4,4,6,0,0,5,2009.0,2,2,528,3,3,2,0.0,5.459585514144159,0.0,0.0,0.0,0.0,0,4,1,0.0,6,2009,6,5,173733.0,7.515344571180436,3,0,0,0.0,11,5.723585101952381,264.0,0.8964881045779755,5.459585514144159,0.0,0,0.6931471805599453,0.6931471805599453,1,12.065280672855897
916,5.075173815233827,4,3.044522437723423,7.601402334583733,1,1,3,3,0,4,0,10,2,2,3,5,4,5,1970,1970,1,1,5,5,1,4.394449154672439,3,3,1,3,3,3,6,0.0,6,0.0,6.304448802421981,546.0,1,2,1,4,6.302618975744905,6.304448802421981,0.0,6.9957661563048505,0,0.0,1,1,3,0.6931471805599453,3,6,6,0,0,1,1970.0,3,1,286,3,3,2,0.0,0.0,0.0,0.0,0.0,0.0,0,4,1,0.0,1,2007,8,4,75000.0,7.401231264413015,2,37,37,3.6375861597263857,9,5.204006687076795,286.0,0.605636178278883,0.0,0.0,0,0.6931471805599453,0.6931471805599453,1,11.225256725762893
917,2.995732273553991,0,3.912023005428146,9.104979856318357,1,1,3,3,0,4,0,9,2,2,0,2,2,3,1949,1950,1,1,0,0,2,0.0,3,3,1,3,3,0,1,3.9318256327243257,6,0.0,6.066108090103747,480.0,1,3,0,0,6.173786103901937,0.0,0.0,6.173786103901937,1,0.0,0,0,1,0.6931471805599453,3,4,6,0,0,5,1958.0,3,1,308,3,3,2,0.0,0.0,0.0,0.0,0.0,0.0,0,4,1,0.0,10,2006,8,0,35311.0,6.866933284461882,1,57,56,3.8918202981106265,5,4.787491742782046,308.0,2.9311937524164198,0.0,0.0,0,0.6931471805599453,0.6931471805599453,0,10.471978128496518
918,2.995732273553991,3,4.182050142641207,9.749170192151771,1,1,3,3,0,4,0,7,2,2,0,2,4,6,1956,1956,1,1,12,13,2,0.0,3,3,1,3,3,3,0,6.966024187106113,6,0.0,4.330733340286331,1134.0,1,5,1,0,7.113956109566034,0.0,0.0,7.113956109566034,0,0.0,1,0,3,0.6931471805599453,3,6,6,0,0,1,1956.0,2,1,284,3,3,2,0.0,0.0,0.0,0.0,0.0,0.0,0,4,1,0.0,4,2009,8,4,135000.0,7.767687277186908,1,53,53,3.9889840465642745,10,5.32219664033798,284.0,2.635214082585736,0.0,0.0,0,0.6931471805599453,0.6931471805599453,0,11.813037464800539
919,4.0943445622221,3,4.634728988229636,9.482274087459825,1,1,0,3,0,0,0,20,2,2,0,5,7,5,1991,1991,1,1,6,6,2,0.0,4,3,2,5,3,2,1,3.8918202981106265,2,6.453624998892692,6.0473721790462776,1104.0,1,5,1,4,6.815639990074331,7.103322062526113,0.0,7.6624678152002375,1,0.0,2,1,4,0.6931471805599453,4,8,6,1,3,1,1991.0,2,3,833,3,3,2,4.290459441148391,5.262690188904886,5.41610040220442,0.0,0.0,0.0,0,0,1,0.0,11,2007,8,4,238000.0,8.080546965824498,4,16,16,2.833213344056216,12,5.583026273520401,277.6666666666667,1.8198062722595874,6.192362489474872,0.0,1,0.6931471805599453,0.6931471805599453,0,12.380030154325457
920,2.995732273553991,3,4.465908118654584,9.308283446306147,1,1,0,3,0,0,0,12,2,2,0,2,6,8,1958,2002,3,1,8,8,2,0.0,5,3,1,4,3,3,0,6.270988431858299,1,6.021023349349527,5.5053315359323625,1184.0,1,5,1,4,7.254177846456518,0.0,0.0,7.254177846456518,1,0.0,1,0,3,0.6931471805599453,3,6,2,1,3,1,1990.0,3,2,601,3,3,2,0.0,3.9512437185814275,0.0,0.0,5.25227342804663,0.0,0,4,1,0.0,5,2008,8,4,176500.0,7.862497197230545,2,50,6,2.9444389791664403,14,5.462418377228463,300.5,2.054105599849629,5.488937726156687,0.0,1,0.6931471805599453,0.6931471805599453,0,12.081081821061819
921,4.0943445622221,3,4.248495242049359,9.043340831280013,1,1,0,3,0,4,0,20,2,2,0,5,6,5,1994,1994,1,1,6,6,1,4.663439094112067,4,4,2,4,4,3,2,6.703188113240863,6,0.0,4.74493212836325,928.0,1,5,1,4,6.841615476477592,6.666956792429207,0.0,7.450660796211539,0,0.6931471805599453,2,1,3,0.6931471805599453,4,7,6,0,0,1,1994.0,2,2,471,3,3,2,5.707110264748875,4.477336814478207,0.0,0.0,0.0,0.0,0,4,1,0.0,7,2007,8,4,201000.0,7.88193748927207,4,13,13,2.6390573296152584,11,5.504750647156226,235.5,1.5926800350684733,5.961005339623274,0.0,0,0.6931471805599453,0.6931471805599453,1,12.211065162153215
922,4.499809670330265,3,4.204692619390966,9.079889942592118,1,1,3,3,0,4,0,7,1,2,2,0,5,7,1900,2003,1,1,8,8,2,0.0,3,3,1,3,3,3,0,6.98933526597456,6,0.0,5.241747015059643,1272.0,1,4,1,4,7.148345743900068,6.834108738813838,0.0,7.696212639346407,2,0.0,2,2,4,1.0986122886681098,3,9,6,0,0,6,0.0,1,0,0,0,0,0,0.0,4.2626798770413155,0.0,0.0,0.0,0.0,0,0,1,0.0,9,2008,8,4,145900.0,8.15248607578024,6,108,5,7.605392364814935,12,5.498988062010188,0.0,1.3836773032457104,4.2626798770413155,0.0,0,0.6931471805599453,0.0,0,11.890683588496984
923,2.995732273553991,3,4.174387269895637,9.233763886919771,1,1,3,3,0,4,0,8,6,2,0,2,6,5,2005,2006,1,1,12,13,2,0.0,4,3,2,4,3,3,2,3.367295829986474,6,0.0,7.161622002939187,1316.0,1,5,1,4,7.182352111885263,0.0,0.0,7.182352111885263,0,0.0,2,0,3,0.6931471805599453,4,6,6,1,4,1,2005.0,0,2,397,3,3,2,4.61512051684126,0.0,0.0,3.1780538303479458,0.0,0.0,0,4,1,0.0,10,2006,6,5,169990.0,7.875499292445208,2,1,0,0.6931471805599453,11,5.390592642657207,198.5,2.0514117750345084,4.820281565605037,0.0,1,0.6931471805599453,0.6931471805599453,0,12.043500773454495
924,4.787491742782046,3,3.912023005428146,8.988695696785708,1,1,3,3,0,4,0,20,2,2,4,2,6,5,1993,1994,1,1,9,10,2,0.0,4,3,2,4,3,3,3,5.111987788356544,2,6.7357800142423265,6.395261598115449,1604.0,1,5,1,4,7.388327859577107,0.0,0.0,7.388327859577107,1,0.0,2,0,2,0.6931471805599453,4,5,6,1,2,1,1993.0,2,2,533,3,3,2,0.0,4.248495242049359,0.0,0.0,0.0,0.0,0,4,1,0.0,7,2008,8,4,193000.0,8.0774471493312,3,15,14,2.772588722239781,11,5.778889947143006,266.5,1.6003678372086019,4.248495242049359,0.0,1,0.6931471805599453,0.6931471805599453,0,12.170450649220749
925,2.995732273553991,3,4.3694478524670215,9.234056898593499,1,1,3,3,0,4,0,14,2,2,0,2,6,6,1980,1980,1,1,9,10,1,5.062595033026967,3,4,1,4,3,3,1,6.439350371100098,3,6.967909201801884,0.0,1686.0,1,3,1,4,7.430114138561801,0.0,0.0,7.430114138561801,1,0.0,2,0,3,0.6931471805599453,3,7,6,1,3,1,1980.0,3,2,612,3,3,2,5.953243334287785,4.882801922586371,0.0,0.0,0.0,0.0,0,4,1,0.0,5,2006,8,4,207500.0,8.123261319121745,3,26,26,3.295836866004329,12,5.484203989506487,306.0,1.803942760031698,6.246106765481563,0.0,1,0.6931471805599453,0.6931471805599453,1,12.242891437918386
926,2.995732273553991,3,4.382026634673881,9.655731072956666,1,1,0,3,0,0,0,14,2,2,0,2,5,6,1977,1977,1,1,12,13,2,0.0,3,3,2,4,3,0,0,6.643789733147672,3,4.543294782270004,5.58724865840025,1126.0,1,3,1,4,7.026426808699636,0.0,0.0,7.026426808699636,0,0.6931471805599453,2,0,3,0.6931471805599453,5,6,6,0,0,1,1977.0,2,2,540,3,3,2,5.198497031265826,0.0,0.0,0.0,0.0,0.0,0,4,1,0.0,3,2008,8,0,175000.0,7.719573989259581,3,31,31,3.4657359027997265,11,5.234667339471581,270.0,2.629304264257031,5.198497031265826,0.0,0,0.6931471805599453,0.6931471805599453,0,12.07254696717504
927,4.0943445622221,3,4.532599493153256,9.392578591964389,1,1,3,3,0,4,0,16,2,2,0,5,8,5,2003,2004,3,1,12,13,1,5.831882477283517,4,3,2,4,3,3,6,0.0,6,0.0,7.074963197966044,1181.0,1,5,1,4,7.1180162044653335,7.039660349862076,0.0,7.772331575169614,0,0.0,2,1,4,0.6931471805599453,5,10,6,1,4,3,2003.0,0,3,656,3,3,2,4.653960350157523,4.61512051684126,0.0,0.0,0.0,0.0,0,4,1,0.0,5,2007,8,4,285000.0,8.176110342237342,3,4,3,1.6094379124341003,13,5.469746482175568,218.66666666666666,1.6202470167947756,5.3230099791384085,0.0,1,0.6931471805599453,0.6931471805599453,1,12.560247968016562
928,4.0943445622221,3,4.382026634673881,9.20029003612268,1,1,3,3,0,4,0,14,1,2,0,5,7,5,1968,1968,1,1,8,8,1,5.8377304471659395,3,3,1,3,3,3,1,6.315358001522335,6,0.0,5.638354669333745,832.0,1,4,1,4,7.001245622069476,6.78105762593618,0.0,7.589841512182657,0,0.0,2,1,4,0.6931471805599453,3,9,6,1,4,1,1968.0,2,2,486,3,3,2,0.0,3.784189633918261,0.0,0.0,0.0,0.0,0,0,1,0.0,4,2008,8,4,176000.0,7.940939762327791,3,40,40,3.713572066704308,12,5.392616934846438,243.0,1.610448523940024,3.784189633918261,0.0,1,0.6931471805599453,0.6931471805599453,1,12.07824495582233
929,2.995732273553991,3,4.248495242049359,9.37906997525067,1,1,3,3,0,4,0,5,2,2,0,2,8,5,2001,2001,3,1,12,13,2,0.0,4,3,2,4,3,0,6,0.0,6,0.0,7.469654172932128,1753.0,1,5,1,4,7.488852955733459,0.0,0.0,7.488852955733459,0,0.0,2,0,3,0.6931471805599453,5,7,6,1,3,1,2001.0,2,2,522,3,3,2,5.313205979041787,5.0238805208462765,0.0,0.0,0.0,0.0,0,4,1,0.0,6,2009,8,4,236500.0,8.172164452111904,2,8,8,2.1972245773362196,13,5.5429428066781465,261.0,1.890217019517211,5.869296913133774,0.0,1,0.6931471805599453,0.6931471805599453,0,12.373707715234994
930,4.0943445622221,3,4.174387269895637,9.473166068429098,1,1,0,3,0,0,0,8,2,2,0,5,7,5,1997,1997,1,1,6,6,1,5.655991810819852,3,3,2,4,3,3,6,0.0,6,0.0,6.872128101338986,964.0,1,4,1,4,6.900730664045173,7.126087273299125,0.0,7.71244383427499,0,0.0,2,1,4,0.6931471805599453,4,8,6,1,3,3,1997.0,0,2,642,3,3,2,0.0,0.0,0.0,0.0,0.0,0.0,0,4,1,0.0,11,2006,8,4,222000.0,8.070906088787819,3,9,9,2.302585092994046,12,5.633002292595154,321.0,1.7607222341541073,0.0,0.0,1,0.6931471805599453,0.6931471805599453,1,12.310437165348775
931,2.995732273553991,3,4.290459441148391,9.09661160664784,1,1,0,1,0,4,0,23,2,2,0,2,8,5,2007,2007,1,1,12,13,2,0.0,4,3,2,4,3,0,2,2.833213344056216,6,0.0,7.280008252884188,1466.0,1,5,1,4,7.290292882446597,0.0,0.0,7.290292882446597,0,0.0,2,0,3,0.6931471805599453,4,7,6,0,0,1,2007.0,0,3,610,3,3,2,4.61512051684126,2.9444389791664403,0.0,0.0,0.0,0.0,0,4,1,0.0,7,2009,8,4,201000.0,7.983440063006542,2,2,2,1.0986122886681098,13,5.344382733391283,203.33333333333334,1.806318724201243,4.77912349311153,0.0,0,0.6931471805599453,0.6931471805599453,0,12.211065162153215
932,2.995732273553991,3,4.248495242049359,9.116029692504942,1,1,3,3,0,4,0,12,2,2,0,2,5,6,1965,1965,1,1,12,13,2,0.0,3,3,1,3,3,3,1,5.82600010738045,5,6.1463292576688975,4.804021044733257,925.0,1,5,1,4,6.829793737512425,0.0,0.0,6.829793737512425,0,0.6931471805599453,1,0,2,0.6931471805599453,3,5,6,0,0,5,1965.0,3,1,429,3,3,2,0.0,0.0,0.0,0.0,0.0,0.0,0,1,1,0.0,7,2009,8,4,117500.0,7.52294091807237,2,44,44,3.8066624897703196,11,5.220355825078324,429.0,2.286235954992516,0.0,0.0,0,0.6931471805599453,0.6931471805599453,0,11.674202123168433
933,2.995732273553991,3,4.430816798843313,9.364776725280601,1,1,0,3,0,0,0,21,8,2,0,2,9,5,2006,2006,3,1,12,7,3,5.713732805509369,5,3,2,5,4,3,6,0.0,6,0.0,7.552762084214147,1905.0,1,5,1,4,7.552237287560802,0.0,0.0,7.552237287560802,0,0.0,2,0,3,0.6931471805599453,5,8,6,1,4,1,2006.0,0,3,788,3,3,2,0.0,5.2574953720277815,0.0,0.0,0.0,0.0,0,4,1,0.0,3,2007,8,4,320000.0,8.245384468120747,2,1,1,0.6931471805599453,14,5.4727957458809655,262.6666666666667,1.8125394377198003,5.2574953720277815,0.0,1,0.6931471805599453,0.6931471805599453,1,12.676079399771027
934,2.995732273553991,3,4.143134726391533,9.046290859969677,1,1,3,3,0,2,0,5,2,2,0,2,7,5,2004,2004,1,1,12,13,1,5.351858133476067,4,3,2,4,3,0,2,3.044522437723423,6,0.0,7.300472814267799,1500.0,1,5,1,4,7.313220387090301,0.0,0.0,7.313220387090301,0,0.0,2,0,3,0.6931471805599453,4,6,6,0,0,1,2004.0,2,2,570,3,3,2,5.262690188904886,3.6109179126442243,0.0,0.0,0.0,0.0,0,4,1,0.0,8,2009,8,4,190000.0,8.006367567650246,2,5,5,1.791759469228055,12,5.521460917862246,285.0,1.7330704728793755,5.43372200355424,0.0,0,0.6931471805599453,0.6931471805599453,1,12.154784614286667
935,2.995732273553991,3,5.746203190540153,10.22738100695048,1,1,1,1,0,4,1,12,3,2,0,2,7,7,1960,2007,0,5,13,14,2,0.0,3,3,1,4,3,1,2,6.054439346269371,6,0.0,5.081404364984463,585.0,1,5,1,4,7.634820677745543,0.0,0.0,7.634820677745543,1,0.0,2,0,4,0.6931471805599453,4,9,6,1,4,1,1960.0,2,2,505,3,3,2,0.0,0.0,0.0,0.0,0.0,0.0,0,4,1,0.0,11,2008,8,4,242000.0,7.8838232148921525,3,48,1,3.8918202981106265,14,5.437596100409324,252.5,2.5925603292049377,0.0,0.0,1,0.6931471805599453,0.6931471805599453,0,12.396697137361691
936,3.4011973816621555,3,3.9512437185814275,8.669914278433902,1,1,0,3,0,4,0,3,2,2,0,2,4,5,1926,1953,1,1,8,8,1,4.6913478822291435,3,4,2,2,3,2,6,0.0,6,0.0,6.398594934535208,600.0,1,4,1,4,6.616065185132817,0.0,0.0,6.616065185132817,0,0.0,1,0,1,0.6931471805599453,3,5,6,0,0,5,1953.0,3,2,528,3,3,2,0.0,0.0,3.4965075614664802,0.0,0.0,0.0,0,4,1,0.0,6,2006,8,4,79900.0,7.205635176410364,1,80,53,3.9889840465642745,9,5.006627272698717,264.0,2.0538490933010842,3.4965075614664802,0.0,0,0.6931471805599453,0.6931471805599453,1,11.288543647320601
937,2.995732273553991,3,4.204692619390966,9.218606116393214,1,1,3,3,0,4,0,20,2,2,0,2,7,5,2003,2003,1,1,12,13,2,0.0,4,3,2,4,3,3,2,6.726233402358747,6,0.0,5.840641657373398,1176.0,1,5,1,4,7.090076835776092,0.0,0.0,7.090076835776092,1,0.0,2,0,2,0.6931471805599453,4,5,6,0,0,1,2003.0,2,2,555,3,3,2,0.0,3.7376696182833684,0.0,0.0,0.0,0.0,0,4,1,0.0,8,2009,8,4,184900.0,7.773173680482536,3,6,6,1.9459101490553132,12,5.480638923341991,277.5,2.1285292806171237,3.7376696182833684,0.0,0,0.6931471805599453,0.6931471805599453,0,12.127575825689417
938,4.0943445622221,3,4.31748811353631,9.177300517897983,1,1,3,3,0,4,0,21,2,2,0,5,7,5,2005,2005,1,1,12,13,2,0.0,4,3,2,4,3,2,2,5.834810737062605,6,0.0,6.650279048587422,1113.0,1,5,1,4,7.014814351275545,6.755768921984255,0.0,7.58629630715272,0,0.0,2,1,3,0.6931471805599453,4,8,6,1,4,1,2005.0,2,2,689,3,3,2,0.0,3.8918202981106265,0.0,0.0,0.0,0.0,0,4,1,0.0,2,2009,8,4,253000.0,8.03398273468322,3,4,4,1.6094379124341003,12,5.506854765472884,344.5,1.5910042107452624,3.8918202981106265,0.0,1,0.6931471805599453,0.6931471805599453,0,12.441148720271016
939,4.0943445622221,3,4.290459441148391,9.077951183930438,1,1,3,3,0,4,0,5,2,2,0,5,7,5,2006,2006,1,1,12,13,2,0.0,4,3,2,4,4,2,2,6.142037405587356,6,0.0,6.833031732786201,1391.0,1,5,1,4,7.237778191923443,6.349138991379798,0.0,7.581719640125308,0,0.0,2,1,3,0.6931471805599453,4,7,6,0,0,1,2006.0,2,3,868,3,3,2,0.0,4.51085950651685,0.0,0.0,0.0,0.0,0,4,1,0.0,8,2006,6,5,239799.0,8.117610746466228,3,0,0,0.0,12,5.635809491069995,289.3333333333333,1.4962315438051288,4.51085950651685,0.0,0,0.6931471805599453,0.6931471805599453,0,12.387560521575551
940,4.248495242049359,3,4.382026634673881,10.089552095608918,1,1,3,3,0,4,0,4,2,2,0,5,7,7,1940,1950,1,1,8,8,2,0.0,3,4,1,3,3,2,6,0.0,6,0.0,6.940222469119639,1032.0,1,5,1,4,7.095893221097532,7.087573705557973,0.0,7.784473235736469,0,0.0,2,0,4,0.6931471805599453,3,10,6,2,3,1,1940.0,3,1,349,3,3,2,4.04305126783455,0.0,5.765191102784844,0.0,0.0,0.0,0,4,1,0.0,6,2010,0,4,244400.0,8.14177220465645,2,70,60,4.2626798770413155,14,5.481888142742423,349.0,2.305078859872448,5.926926025970411,0.0,1,0.6931471805599453,0.6931471805599453,0,12.406565597924235
941,4.499809670330265,3,4.007333185232471,9.444621667700849,1,1,0,3,0,4,0,11,2,2,2,2,6,5,1976,1976,1,1,9,10,2,0.0,3,3,1,3,3,1,5,6.842683282238422,3,5.983936280687191,5.983936280687191,1728.0,1,3,1,4,7.454719949364001,0.0,0.0,7.454719949364001,0,0.0,2,0,4,1.0986122886681098,3,8,6,0,0,1,1976.0,3,2,574,3,3,2,3.713572066704308,0.0,0.0,0.0,0.0,0.0,0,4,1,0.0,7,2006,8,4,150900.0,8.147867129923947,2,30,30,3.4339872044851463,11,5.375278407684165,287.0,1.9899017183368475,3.713572066704308,0.0,0,0.6931471805599453,0.6931471805599453,0,11.924379271639218
942,4.0943445622221,3,4.174387269895637,9.077380244719953,1,1,0,3,0,2,0,8,8,2,0,5,7,5,1999,1999,1,1,12,13,1,5.700443573390687,4,3,2,4,3,3,0,6.650279048587422,6,0.0,5.3981627015177525,992.0,1,5,1,4,6.92951677076365,6.946013991099227,0.0,7.630461261783627,1,0.0,2,1,3,0.6931471805599453,4,8,6,1,3,3,1999.0,2,2,390,3,3,2,0.0,0.0,0.0,5.1298987149230735,0.0,0.0,0,0,1,0.0,6,2009,8,4,214000.0,8.023552392404348,4,10,10,2.3978952727983707,12,5.551019720103791,195.0,1.4469189829363254,5.1298987149230735,0.0,1,0.6931471805599453,0.6931471805599453,1,12.273735966890268
943,4.499809670330265,3,3.7376696182833684,8.95040315983296,1,1,0,3,0,4,0,7,2,2,2,2,4,3,1977,1977,1,1,8,8,2,0.0,3,3,2,4,3,1,2,7.273092595999522,6,0.0,0.0,1440.0,1,3,1,4,7.272398392570047,0.0,0.0,7.272398392570047,2,0.0,2,0,4,1.0986122886681098,3,8,6,0,0,6,0.0,1,0,0,0,0,0,5.7745515455444085,0.0,0.0,0.0,0.0,0.0,0,4,1,0.0,8,2007,7,0,150000.0,7.965545573129992,4,30,30,7.60489448081162,7,5.19295685089021,0.0,1.6780047672629144,5.7745515455444085,0.0,0,0.6931471805599453,0.0,0,11.918397239722838
944,4.499809670330265,3,4.605170185988092,10.126631103850338,1,1,3,2,0,4,0,11,2,2,2,2,5,4,1967,1967,1,1,6,10,2,0.0,3,3,1,3,3,0,6,0.0,6,0.0,7.398174092970465,1632.0,1,3,1,4,7.397561535524052,0.0,0.0,7.397561535524052,0,0.0,2,0,4,1.0986122886681098,3,8,6,0,0,1,1967.0,3,2,576,3,3,1,0.0,0.0,0.0,0.0,0.0,0.0,0,4,1,0.0,6,2007,8,4,143000.0,8.090708716083997,2,40,40,3.713572066704308,9,5.318119993844216,288.0,2.7290695683262856,0.0,0.0,0,0.6931471805599453,0.6931471805599453,0,11.870606902224587
945,2.995732273553991,3,4.442651256490317,9.573245865665552,1,1,0,3,1,1,0,23,2,2,0,7,6,6,1958,1958,1,1,6,6,1,6.295266001439646,3,3,1,3,3,3,2,4.718498871295094,5,5.872117789475416,5.872117789475416,819.0,1,4,1,0,7.203405521083095,0.0,0.0,7.203405521083095,0,0.6931471805599453,1,0,3,0.6931471805599453,4,7,6,1,4,2,1958.0,2,2,525,3,3,2,0.0,4.77912349311153,0.0,0.0,5.455321115357702,0.0,0,4,1,0.0,1,2009,0,0,137500.0,7.679251425953058,2,51,51,3.9512437185814275,12,5.2574953720277815,262.5,2.3698403445824563,5.863631175598097,0.0,1,0.6931471805599453,0.6931471805599453,1,11.83138646878959
946,3.912023005428146,4,4.584967478670572,9.084777149000837,1,1,3,3,0,0,0,17,2,2,0,0,5,6,1890,1996,3,1,12,13,2,0.0,3,3,0,3,3,3,3,6.9930151229329605,6,0.0,0.0,1088.0,1,3,1,4,7.080026499922591,6.331501849893691,4.795790545596741,7.533158807455563,0,0.0,1,0,2,0.6931471805599453,3,7,6,0,0,5,1963.0,3,2,456,3,3,2,3.8918202981106265,0.0,5.501258210544727,0.0,0.0,0.0,0,3,1,0.0,9,2009,8,4,124900.0,7.950502434808851,1,119,13,3.8501476017100584,11,5.58724865840025,228.0,1.5516183415452742,5.680172609017068,0.0,0,0.6931471805599453,0.6931471805599453,0,11.735276702486741
947,4.382026634673881,3,4.248495242049359,9.007367027451355,1,1,3,3,0,4,0,12,2,2,0,7,5,6,1959,1959,1,1,6,6,1,4.859812404361672,3,4,1,3,3,0,0,6.618738983517219,1,5.68697535633982,4.634728988229636,1144.0,1,3,1,4,7.042286171939743,0.0,0.0,7.042286171939743,1,0.0,1,0,3,0.6931471805599453,3,6,6,1,3,1,1959.0,2,1,796,3,3,2,4.465908118654584,0.0,0.0,0.0,0.0,0.0,0,4,1,0.0,3,2006,8,4,143000.0,7.7354333524996886,2,47,47,3.871201010907891,11,5.250526702711688,796.0,1.9650808555116128,4.465908118654584,0.0,1,0.6931471805599453,0.6931471805599453,1,11.870606902224587
948,2.995732273553991,3,4.442651256490317,9.584383610076006,1,1,3,3,0,4,0,23,2,2,0,2,8,5,2002,2003,3,1,12,13,1,5.4680601411351315,4,3,2,4,3,0,2,7.170888478512505,6,0.0,5.75890177387728,1616.0,1,5,1,4,7.395721608602045,0.0,0.0,7.395721608602045,1,0.0,2,0,3,0.6931471805599453,4,9,6,1,4,1,2002.0,0,3,808,3,3,2,0.0,5.53338948872752,0.0,0.0,0.0,0.0,0,4,1,0.0,11,2007,8,4,270000.0,8.08487062913819,3,5,4,1.791759469228055,13,5.198497031265826,269.3333333333333,2.1886620014739617,5.53338948872752,0.0,1,0.6931471805599453,0.6931471805599453,1,12.506180941677357
949,4.0943445622221,3,4.174387269895637,9.547241088215463,1,1,0,3,0,4,0,5,2,2,0,5,7,5,2002,2002,1,1,12,13,1,4.976733742420574,4,3,2,4,3,4,6,0.0,6,0.0,6.842683282238422,936.0,1,5,1,4,6.841615476477592,6.734591659972948,0.0,7.4821189235521155,0,0.0,2,1,3,0.6931471805599453,4,7,6,1,3,1,2002.0,2,2,474,3,3,2,4.976733742420574,4.574710978503383,0.0,0.0,0.0,0.0,0,4,1,0.0,2,2006,8,4,192500.0,7.905441649060286,3,4,4,1.6094379124341003,12,5.536208774496802,237.0,2.0651221646633475,5.484796933490655,0.0,1,0.6931471805599453,0.6931471805599453,1,12.167856627501678
950,2.995732273553991,3,4.356708826689592,9.144200569471638,1,1,3,3,0,4,0,14,2,2,0,2,6,7,1972,2006,3,1,9,10,2,0.0,3,3,1,3,3,3,0,6.890609120147166,6,0.0,5.19295685089021,1161.0,1,3,1,4,7.2305631534092925,0.0,0.0,7.2305631534092925,1,0.0,1,1,3,0.6931471805599453,4,5,6,1,3,1,1972.0,2,2,676,3,3,2,0.0,0.0,0.0,0.0,0.0,0.0,0,4,1,0.0,3,2010,8,4,197500.0,7.8407064517494,3,38,4,3.6635616461296463,13,5.621125240975192,338.0,1.9136374160623455,0.0,0.0,1,0.6931471805599453,0.6931471805599453,0,12.193498926601634
951,2.995732273553991,3,4.0943445622221,8.881836305004146,1,1,3,3,0,4,0,12,2,2,0,2,5,8,1950,2002,1,1,12,13,2,0.0,3,3,1,3,3,3,0,5.988961416889864,1,5.0106352940962555,5.762051382780177,864.0,1,4,1,4,6.761572768804055,0.0,0.0,6.761572768804055,1,0.0,1,0,3,0.6931471805599453,4,5,6,0,0,5,1980.0,2,2,720,3,3,2,5.272999558563747,0.0,0.0,0.0,0.0,0.0,0,4,1,0.0,7,2007,8,4,129000.0,7.454719949364001,2,57,5,3.332204510175204,13,5.152134856369956,360.0,2.120263536200091,5.272999558563747,0.0,0,0.6931471805599453,0.6931471805599453,0,11.767575435251748
952,2.995732273553991,2,4.0943445622221,8.961879012677683,1,1,3,3,0,0,0,20,2,2,0,2,5,5,1965,1965,1,1,12,13,2,0.0,3,3,1,3,3,3,1,6.464588303689961,6,0.0,5.236441962829949,828.0,1,4,1,4,6.872128101338986,0.0,0.0,6.872128101338986,1,0.0,1,0,3,0.6931471805599453,3,6,6,0,0,5,1979.0,3,1,300,3,3,2,6.045005314036012,0.0,0.0,0.0,0.0,0.0,0,2,1,0.0,7,2006,8,0,119900.0,7.491645473605133,2,41,41,3.332204510175204,10,5.080368632110931,300.0,2.0897509113386974,6.045005314036012,0.0,0,0.6931471805599453,0.6931471805599453,0,11.694421681264394
953,4.442651256490317,3,4.0943445622221,8.881836305004146,1,1,3,3,0,4,0,5,2,2,0,6,5,8,1972,2003,1,1,14,6,2,0.0,3,4,1,4,3,0,2,6.493753839851686,6,0.0,4.6913478822291435,768.0,1,4,1,4,6.643789733147672,0.0,0.0,6.643789733147672,0,0.6931471805599453,1,0,2,0.6931471805599453,3,5,6,0,0,5,1974.0,0,1,396,3,3,2,5.262690188904886,0.0,0.0,0.0,0.0,0.0,0,2,1,0.0,4,2009,8,4,133900.0,7.336936913707618,2,37,6,3.58351893845611,13,5.034351820713572,396.0,2.2380465718564744,5.262690188904886,0.0,0,0.6931471805599453,0.6931471805599453,0,11.804855999911272
954,4.0943445622221,3,4.290459441148391,9.312445594913337,1,1,0,3,0,4,1,11,2,2,0,5,5,4,1969,1969,1,1,6,6,1,5.4510384535657,3,3,1,3,3,0,0,6.333279628139691,3,5.267858159063328,3.4011973816621555,784.0,1,5,1,4,7.0630481633881725,6.68586094706836,0.0,7.584773077612199,0,0.6931471805599453,2,1,4,0.6931471805599453,3,7,3,1,1,1,1969.0,2,2,530,3,3,2,5.723585101952381,5.247024072160486,0.0,0.0,0.0,0.0,0,2,3,5.993961427306569,9,2008,8,4,172000.0,7.920083199053234,4,39,39,3.6888794541139363,9,5.638862928556885,265.0,1.7276725173011378,6.20455776256869,0.0,1,0.6931471805599453,0.6931471805599453,1,12.055255569732177
955,4.499809670330265,3,3.5553480614894135,9.148464968258095,1,1,0,3,0,1,0,7,2,2,2,6,6,5,1975,1975,0,5,14,10,1,5.5254529391317835,3,3,1,4,4,1,2,6.852242569051878,6,0.0,0.0,945.0,1,3,1,4,6.887552571664617,0.0,0.0,6.887552571664617,0,1.0986122886681098,2,0,4,0.0,3,4,6,0,0,6,0.0,1,0,0,0,0,2,0.0,0.0,0.0,0.0,0.0,0.0,0,4,1,0.0,10,2006,8,1,127500.0,7.562681246721884,4,31,31,7.604396348796338,11,5.501258210544727,0.0,2.260912396593478,0.0,0.0,0,0.6931471805599453,0.0,1,11.755879486687116
956,4.499809670330265,2,4.406719247264253,8.872907674259846,1,1,0,1,0,4,0,6,2,2,2,5,6,6,1946,1950,1,1,8,8,1,6.049733455231958,3,3,1,4,3,3,5,6.184148890937483,6,0.0,6.206575926724928,979.0,1,3,0,1,6.88653164253051,6.887552571664617,0.0,7.579678823090456,0,0.0,2,0,4,1.0986122886681098,3,8,6,0,0,1,1946.0,3,2,492,3,3,2,0.0,0.0,0.0,0.0,0.0,0.0,0,4,1,0.0,8,2007,8,4,145000.0,7.98514393119862,2,61,57,4.127134385045092,12,5.5002372814106195,246.0,1.2932288511693897,0.0,0.0,0,0.6931471805599453,0.6931471805599453,1,11.884495917930655
957,5.075173815233827,4,3.1780538303479458,7.170119543449628,1,1,3,3,0,4,0,1,2,2,4,5,6,6,1980,1980,1,1,8,8,2,0.0,3,3,1,4,3,3,0,5.655991810819852,6,0.0,5.6240175061873385,561.0,1,3,1,4,6.329720905522696,6.505784060128229,0.0,7.113956109566034,0,0.0,1,1,2,0.6931471805599453,3,5,6,1,3,1,1980.0,0,2,462,3,3,2,5.017279836814924,0.0,0.0,0.0,0.0,0.0,0,0,1,0.0,5,2009,8,4,124000.0,7.489970898834801,2,29,29,3.4011973816621555,12,5.504518197131935,231.0,0.05616343388359334,5.017279836814924,0.0,1,0.6931471805599453,0.6931471805599453,0,11.728044909070785
958,2.995732273553991,3,4.248495242049359,8.911934336161426,1,1,3,3,0,4,0,19,2,2,0,2,5,5,1962,1962,3,1,8,8,2,0.0,3,3,1,3,3,3,5,6.035481432524756,6,0.0,6.46302945692067,1057.0,1,3,1,4,6.963189985870238,0.0,0.0,6.963189985870238,0,0.0,1,0,3,0.6931471805599453,3,6,6,0,0,5,1977.0,0,2,576,3,3,2,0.0,0.0,0.0,0.0,0.0,0.0,0,4,1,0.0,4,2007,8,4,132000.0,7.656337166430183,1,45,45,3.4339872044851463,10,5.171430516642182,288.0,1.9487443502911885,0.0,0.0,0,0.6931471805599453,0.6931471805599453,0,11.790564777297387
959,2.995732273553991,3,4.174387269895637,9.041921720351219,1,1,3,3,0,4,0,5,2,2,0,2,7,5,2003,2003,1,1,12,13,2,0.0,4,3,2,4,3,2,2,6.551080335043404,6,0.0,6.459904454377535,1337.0,1,5,1,4,7.198183577101943,0.0,0.0,7.198183577101943,1,0.0,2,0,3,0.6931471805599453,4,6,6,0,0,1,2003.0,2,2,531,3,3,2,0.0,3.6888794541139363,0.0,0.0,0.0,0.0,0,4,1,0.0,10,2007,8,4,185000.0,7.891330757661889,3,4,4,1.6094379124341003,12,5.406424107873888,265.5,1.8437381432492763,3.6888794541139363,0.0,0,0.6931471805599453,0.6931471805599453,0,12.128116509451258
960,5.075173815233827,1,3.1780538303479458,7.85243908535751,1,1,3,3,0,2,0,21,2,2,3,5,7,5,1999,1999,3,1,8,8,2,0.0,4,3,2,4,3,3,0,6.405228458030842,6,0.0,4.532599493153256,696.0,1,5,1,4,6.54534966033442,6.580639137284949,0.0,7.255591274253665,1,0.0,2,1,3,0.6931471805599453,4,6,6,0,0,5,1999.0,3,2,484,3,3,2,0.0,3.8066624897703196,0.0,0.0,0.0,0.0,0,4,1,0.0,5,2010,8,4,155000.0,7.655390644826152,4,11,11,2.4849066497880004,12,5.4638318050256105,242.0,0.5968478111038449,3.8066624897703196,0.0,0,0.6931471805599453,0.6931471805599453,0,11.951186847493476
961,2.995732273553991,3,3.912023005428146,8.88280805492444,1,1,0,3,0,4,0,3,2,2,0,2,5,7,1958,2008,1,1,13,10,2,0.0,3,4,1,3,3,1,1,6.546785410760524,6,0.0,5.093750200806762,858.0,1,4,1,4,6.754604099487962,0.0,0.0,6.754604099487962,1,0.0,1,0,2,0.6931471805599453,3,4,6,0,0,6,0.0,1,0,0,0,0,2,4.770684624465665,0.0,0.0,0.0,0.0,0.0,0,4,1,0.0,2,2010,8,4,116500.0,7.447751280047908,2,52,2,7.606387389772652,12,5.368309738368072,0.0,2.128203955436479,4.770684624465665,0.0,0,0.6931471805599453,0.0,0,11.665655135642039
962,4.0943445622221,3,4.382026634673881,9.41140190014419,1,1,0,3,0,0,0,14,4,2,0,5,6,7,1977,1995,1,1,6,6,1,6.052089168924417,3,4,1,4,4,3,0,6.799055862058796,6,0.0,6.075346031088684,1330.0,1,3,1,4,7.340835554123275,7.193685818395112,0.0,7.962763930168115,1,0.0,2,1,4,0.6931471805599453,3,11,6,1,3,1,1977.0,0,2,619,3,3,2,6.311734809152915,5.645446897643238,0.0,0.0,0.0,0.0,0,4,1,0.0,7,2008,8,4,272000.0,8.343315881404946,4,31,13,3.4657359027997265,13,5.564868657369744,309.5,1.4486379699760754,6.725033642166843,0.0,1,0.6931471805599453,0.6931471805599453,1,12.513561021741964
963,5.075173815233827,3,3.1780538303479458,7.744136627627991,1,1,3,3,0,0,0,13,2,2,4,5,6,6,1976,1976,1,1,9,2,2,0.0,3,3,1,4,3,3,0,6.322565239927284,6,0.0,5.517452896464707,804.0,1,3,1,4,6.6895992691789665,6.61338421837956,0.0,7.344719054149673,1,0.0,2,1,3,0.6931471805599453,4,7,6,1,3,5,1976.0,3,2,440,3,3,2,3.8918202981106265,0.0,0.0,0.0,0.0,0.0,0,4,1,0.0,7,2007,8,4,155000.0,7.763021309018518,4,31,31,3.4657359027997265,12,5.398808905094359,220.0,0.3994175734783178,3.8918202981106265,0.0,1,0.6931471805599453,0.6931471805599453,0,11.951186847493476
964,2.995732273553991,3,4.804021044733257,9.386224586806131,1,1,0,3,0,0,0,5,2,2,0,2,9,5,2007,2007,1,1,12,13,2,0.0,4,3,2,5,3,3,6,0.0,6,0.0,7.496097345175956,1800.0,1,5,1,4,7.495541943884256,0.0,0.0,7.495541943884256,0,0.0,2,0,2,0.6931471805599453,5,7,6,0,0,1,2007.0,0,2,702,3,3,2,5.666426688112432,4.919980925828125,0.0,0.0,0.0,0.0,0,4,1,0.0,5,2009,8,4,239000.0,8.1886891244442,2,2,2,1.0986122886681098,14,5.549631794828943,351.0,1.890682642921876,6.052089168924417,0.0,0,0.6931471805599453,0.6931471805599453,0,12.384223015005313
965,4.0943445622221,3,4.382026634673881,9.333972932421458,1,1,3,3,0,0,0,23,2,2,0,5,7,5,2002,2003,1,1,12,13,1,3.8066624897703196,4,3,2,4,3,3,2,6.437751649736401,6,0.0,5.267858159063328,817.0,1,5,1,4,6.714170529909472,6.976348070447749,0.0,7.546446273746024,1,0.0,2,1,4,0.6931471805599453,4,8,6,1,4,3,2002.0,0,2,510,3,3,2,0.0,3.713572066704308,0.0,0.0,0.0,0.0,0,4,1,0.0,2,2010,8,4,214900.0,7.905072849498666,4,8,7,2.1972245773362196,12,5.467004732066187,255.0,1.7875266586754341,3.713572066704308,0.0,1,0.6931471805599453,0.6931471805599453,1,12.277932735946903
966,4.0943445622221,3,4.174387269895637,9.233763886919771,1,1,3,3,0,4,0,8,6,2,0,5,6,5,2005,2007,1,1,12,13,2,0.0,4,3,2,4,3,3,6,0.0,6,0.0,6.664409020350408,783.0,1,5,1,4,6.663132695990803,6.553933404025811,0.0,7.302496423727326,0,0.0,2,1,3,0.6931471805599453,4,8,6,1,4,1,2005.0,0,2,393,3,3,2,0.0,4.290459441148391,0.0,0.0,0.0,0.0,0,4,1,0.0,7,2007,6,5,178900.0,7.726212650507529,3,2,0,1.0986122886681098,11,5.22305488204749,196.5,1.931267463192445,4.290459441148391,0.0,1,0.6931471805599453,0.6931471805599453,0,12.094587859196112
967,3.912023005428146,3,4.867534450455582,9.169518377455928,1,1,0,1,0,4,0,6,2,2,0,0,5,7,1940,1950,1,1,8,8,2,0.0,4,4,0,3,2,3,5,6.061456918928017,6,0.0,5.707110264748875,728.0,1,5,1,4,6.883462586413092,5.808142489980444,0.0,7.176254532017144,1,0.0,1,1,2,0.6931471805599453,3,7,3,2,3,5,1940.0,3,1,256,3,3,2,0.0,4.2626798770413155,0.0,0.0,0.0,0.0,0,4,1,0.0,6,2009,8,4,160000.0,7.618742377670413,3,69,59,4.248495242049359,12,5.230344382961831,256.0,1.9932638454387837,4.2626798770413155,0.0,1,0.6931471805599453,0.6931471805599453,0,11.982935344196433
968,2.995732273553991,3,4.290459441148391,8.907883013942248,1,1,0,3,0,4,0,12,2,2,0,2,5,7,1955,1955,3,1,13,14,1,5.0238805208462765,3,3,1,3,3,3,0,6.805722553416985,6,0.0,5.2832037287379885,1098.0,1,3,1,4,7.001245622069476,0.0,0.0,7.001245622069476,1,0.0,1,0,3,0.6931471805599453,3,6,6,0,0,1,1955.0,3,1,260,3,3,2,0.0,0.0,0.0,0.0,0.0,0.0,0,4,1,0.0,7,2008,8,4,135000.0,7.694392802629421,2,53,53,3.9889840465642745,12,5.209486152841421,260.0,1.9066373918727715,0.0,0.0,0,0.6931471805599453,0.6931471805599453,1,11.813037464800539
969,3.912023005428146,4,3.912023005428146,8.686935966003333,1,1,3,3,0,4,0,17,2,2,0,0,3,6,1910,1950,1,1,12,13,2,0.0,3,3,0,3,3,3,6,0.0,6,0.0,6.398594934535208,600.0,3,2,0,4,6.396929655216146,5.910796644040527,0.0,6.875232087276577,0,0.0,1,0,2,0.6931471805599453,3,6,6,0,0,6,0.0,1,0,0,0,0,2,0.0,0.0,0.0,0.0,0.0,0.0,0,1,1,0.0,5,2009,8,0,37900.0,7.357556200910353,1,99,59,7.605890001053122,9,5.083472618048522,0.0,1.811703878726755,0.0,0.0,0,0.6931471805599453,0.0,0,10.542732775946709
970,5.247024072160486,3,4.31748811353631,9.247828816387175,1,1,3,3,0,4,0,12,2,2,1,7,6,5,1958,1958,3,1,6,6,1,4.663439094112067,3,2,1,3,3,1,0,6.2422232654551655,6,0.0,4.330733340286331,588.0,1,3,1,4,6.9985096422506015,0.0,0.0,6.9985096422506015,1,0.0,1,0,2,0.6931471805599453,3,6,6,0,0,1,1958.0,2,1,264,3,3,2,0.0,0.0,0.0,0.0,0.0,0.0,0,4,1,0.0,3,2006,3,4,140000.0,7.428333194190806,2,48,48,3.8918202981106265,11,5.206750173022546,264.0,2.249319174136573,0.0,0.0,0,0.6931471805599453,0.6931471805599453,1,11.849404844423074
971,3.912023005428146,3,4.0943445622221,9.287301413112312,1,1,3,3,0,4,0,12,2,2,0,0,4,4,1949,1950,1,1,0,0,2,0.0,3,3,1,3,3,3,6,0.0,6,0.0,6.580639137284949,720.0,1,3,0,0,6.579251212010101,6.159095388491933,0.0,7.083387847625295,0,0.0,1,1,4,0.6931471805599453,3,6,6,0,0,6,0.0,1,0,0,0,0,2,0.0,0.0,0.0,0.0,0.0,0.0,0,4,1,0.0,12,2006,8,0,135000.0,7.555905093611346,2,57,56,7.604396348796338,8,5.29162837839724,0.0,2.203913565487016,0.0,0.0,0,0.6931471805599453,0.0,0,11.813037464800539
972,5.075173815233827,3,3.58351893845611,7.7266536648476425,1,1,3,3,0,4,0,16,2,2,3,5,7,5,2003,2004,1,1,12,15,3,4.672828834461906,4,3,2,4,3,3,2,6.342121418721152,6,0.0,5.288267030694535,764.0,1,5,1,4,6.638567789166521,6.760414691083428,0.0,7.3938782901077555,0,0.0,2,0,2,0.6931471805599453,4,6,6,0,0,3,2003.0,2,2,474,3,3,2,0.0,3.332204510175204,0.0,0.0,0.0,0.0,0,4,1,0.0,7,2009,8,4,173000.0,7.779048644925556,2,6,5,1.9459101490553132,12,5.602118820879701,237.0,0.3327753747398868,3.332204510175204,0.0,0,0.6931471805599453,0.6931471805599453,1,12.06105265381003
973,4.787491742782046,3,4.007333185232471,8.973604867142505,1,1,3,3,0,4,0,20,2,2,4,2,6,5,1979,1979,1,1,9,10,2,0.0,3,3,1,4,3,3,6,0.0,6,0.0,6.823286122355687,918.0,1,3,1,4,6.822197390620491,0.0,0.0,6.822197390620491,0,0.0,2,0,2,0.6931471805599453,3,5,6,1,3,1,1979.0,3,1,264,3,3,2,3.367295829986474,0.0,0.0,0.0,0.0,0.0,0,4,1,0.0,4,2010,8,4,99500.0,7.515344571180436,2,31,31,3.4657359027997265,11,5.21275947818639,264.0,2.1514074765220155,3.367295829986474,0.0,1,0.6931471805599453,0.6931471805599453,0,11.507922973347437
974,2.995732273553991,1,4.553876891600541,9.362116806941977,1,1,3,3,0,0,0,21,2,2,0,2,7,5,2007,2008,1,1,5,5,2,0.0,4,3,2,4,3,3,6,0.0,6,0.0,7.264730177929867,1428.0,1,5,1,4,7.2640301428995295,0.0,0.0,7.2640301428995295,0,0.0,2,0,3,0.6931471805599453,4,6,6,0,0,1,2007.0,0,2,480,3,3,2,0.0,4.795790545596741,0.0,0.0,0.0,0.0,0,4,1,0.0,12,2008,6,5,182000.0,7.957177323459475,2,1,0,0.6931471805599453,12,5.472270673671475,240.0,2.0980866640424467,4.795790545596741,0.0,0,0.6931471805599453,0.6931471805599453,0,12.111767460549332
975,4.248495242049359,3,4.0943445622221,9.342595951096653,1,1,0,3,0,0,0,3,6,1,0,5,7,8,1910,1993,1,1,6,6,2,0.0,3,4,0,4,3,3,6,0.0,6,0.0,6.591673732008658,728.0,1,3,0,4,7.035268599281097,6.784457062637643,0.0,7.610357618312838,0,0.0,1,0,3,0.6931471805599453,4,8,6,0,0,5,1997.0,3,2,532,3,3,2,6.234410725718371,4.912654885736052,0.0,0.0,0.0,0.0,0,0,1,0.0,10,2009,8,4,167500.0,7.918264686095274,1,99,16,2.5649493574615367,15,5.530916076633002,266.0,1.732238332783816,6.4692503167957724,0.0,0,0.6931471805599453,0.6931471805599453,0,12.02874460037869
976,5.075173815233827,1,4.297285406218791,7.8826922062890254,1,1,3,3,0,2,0,21,2,2,3,5,7,5,2000,2000,1,1,8,8,2,0.0,4,3,2,4,3,3,2,6.464588303689961,6,0.0,3.4965075614664802,673.0,1,5,1,4,6.511745329644728,6.565264970035361,0.0,7.231287004327616,1,0.0,2,1,3,0.6931471805599453,4,6,6,0,0,5,2000.0,3,2,490,3,3,2,5.0369526024136295,3.9318256327243257,0.0,0.0,0.0,0.0,0,4,1,0.0,4,2006,8,4,165000.0,7.628031126930335,4,6,6,1.9459101490553132,12,5.43952753509956,245.0,0.6514052019614103,5.318119993844216,0.0,0,0.6931471805599453,0.6931471805599453,0,12.013706813470414
977,3.4011973816621555,3,3.9318256327243257,8.68270762989381,1,1,0,0,0,4,0,3,2,2,0,2,4,7,1923,1958,1,1,13,14,2,0.0,3,3,2,4,3,3,6,0.0,6,0.0,6.089044875446846,440.0,1,3,1,0,6.767343125265392,0.0,0.0,6.767343125265392,0,0.0,1,0,2,0.6931471805599453,2,4,6,0,0,6,0.0,1,0,0,0,0,2,0.0,0.0,0.0,0.0,0.0,0.0,0,4,1,0.0,8,2006,8,4,85500.0,7.1770187659099,1,83,48,7.604396348796338,11,5.381048764145501,0.0,1.915364504628419,0.0,0.0,0,0.6931471805599453,0.0,0,11.356283350762888
978,4.787491742782046,1,3.5553480614894135,8.360305435879093,1,2,0,3,0,4,0,21,2,2,4,2,7,5,2006,2007,1,1,12,13,2,0.0,4,3,2,4,3,3,2,7.009408932708637,6,0.0,4.912654885736052,1241.0,1,5,1,4,7.123672785204607,0.0,0.0,7.123672785204607,1,0.0,1,1,1,0.6931471805599453,4,4,6,0,0,1,2007.0,0,2,569,3,3,2,0.0,4.762173934797756,0.0,0.0,0.0,0.0,0,4,1,0.0,11,2007,6,5,199900.0,7.8168199657645525,3,1,0,0.0,12,5.737378424084716,284.5,1.2366326506744858,4.762173934797756,0.0,0,0.6931471805599453,0.6931471805599453,0,12.20557752297723
979,2.995732273553991,3,4.219507705176107,9.153770020487789,1,1,3,0,0,4,1,7,2,2,0,2,4,5,1954,1954,1,1,8,8,2,0.0,3,3,1,3,3,3,3,6.315358001522335,6,0.0,5.8377304471659395,894.0,1,5,1,4,6.795705775173514,0.0,0.0,6.795705775173514,0,0.0,1,0,3,0.6931471805599453,3,5,6,0,0,5,1999.0,3,2,400,3,3,2,0.0,0.0,0.0,0.0,0.0,0.0,0,4,1,0.0,5,2007,8,0,110000.0,7.488852955733459,1,53,53,2.1972245773362196,9,5.186267862739414,200.0,2.3580642453142744,0.0,0.0,0,0.6931471805599453,0.6931471805599453,0,11.608244735642321
980,2.995732273553991,3,4.382026634673881,9.084323531392696,1,1,3,3,0,0,0,19,1,2,0,2,5,6,1963,1963,1,1,12,13,2,0.0,3,3,2,3,3,3,5,6.480044561926653,6,0.0,6.154858094016418,1121.0,1,3,1,4,7.02197642307216,0.0,0.0,7.02197642307216,1,0.0,1,0,3,0.6931471805599453,3,5,6,0,0,5,1963.0,3,2,480,3,3,2,0.0,4.394449154672439,0.0,0.0,0.0,0.0,0,2,1,0.0,6,2009,8,4,139000.0,7.715123603632105,2,46,46,3.8501476017100584,11,5.4125385106380595,240.0,2.062347108320536,4.394449154672439,0.0,0,0.6931471805599453,0.6931471805599453,0,11.842236406331555
981,4.442651256490317,3,4.290459441148391,9.402777262511231,1,1,0,3,0,0,0,12,2,2,0,6,7,9,1961,2007,1,1,5,5,3,5.351858133476067,5,3,1,3,3,0,0,6.7661917146603505,6,0.0,4.356708826689592,944.0,1,4,1,4,6.906754778648554,0.0,0.0,6.906754778648554,1,0.0,1,0,3,0.6931471805599453,5,6,6,0,0,1,1961.0,2,2,588,3,3,2,4.976733742420574,4.343805421853684,0.0,0.0,0.0,0.0,0,4,1,0.0,7,2008,8,4,178400.0,7.57198844937744,2,47,1,3.871201010907891,16,5.1149953094204985,294.0,2.496022483862677,5.3981627015177525,0.0,0,0.6931471805599453,0.6931471805599453,1,12.091789104493502
982,4.0943445622221,3,4.584967478670572,9.40943710213184,1,1,0,3,0,0,0,15,2,2,0,5,8,5,1998,1999,3,1,12,13,1,6.883462586413092,4,3,2,4,3,3,2,6.75110146893676,6,0.0,5.918893854273146,1225.0,1,5,1,4,7.151485463904735,7.198183577101943,0.0,7.867871490396322,1,0.0,2,1,4,0.6931471805599453,4,8,6,1,3,1,1998.0,0,3,676,3,3,2,5.5254529391317835,0.0,0.0,0.0,0.0,0.0,0,4,1,0.0,7,2009,8,4,336000.0,8.252446090246952,4,11,10,2.4849066497880004,13,5.788429948716486,225.33333333333334,1.5415656117355179,5.5254529391317835,0.0,1,0.6931471805599453,0.6931471805599453,1,12.724869415131389
983,2.995732273553991,3,3.7612001156935624,8.065265208897733,1,1,3,3,0,4,0,0,2,2,0,2,7,5,2007,2007,1,1,12,13,1,2.833213344056216,4,3,2,4,3,0,6,0.0,6,0.0,7.144407180321139,1266.0,1,5,1,4,7.143617602704121,0.0,0.0,7.143617602704121,0,0.0,2,0,2,0.6931471805599453,4,6,6,1,4,1,2007.0,0,2,388,3,3,2,4.61512051684126,2.833213344056216,0.0,0.0,0.0,0.0,0,4,1,0.0,3,2008,8,4,159895.0,7.836764783264067,2,1,1,0.6931471805599453,12,5.351858133476067,194.0,0.9216476061936106,4.762173934797756,0.0,1,0.6931471805599453,0.6931471805599453,1,11.982278882874377
984,4.0943445622221,3,4.248495242049359,9.328123407632566,1,1,3,3,0,0,0,5,2,2,0,5,8,5,2002,2002,1,1,5,5,2,0.0,4,3,2,4,3,2,6,0.0,6,0.0,7.029087564149662,1128.0,1,5,1,4,7.046647277848756,7.040536390215956,0.0,7.736307096548285,0,0.0,2,1,4,0.6931471805599453,4,9,6,1,4,1,2002.0,3,2,779,3,3,2,0.0,0.0,0.0,0.0,0.0,0.0,0,4,1,0.0,5,2008,8,4,255900.0,8.136810863675537,3,6,6,1.9459101490553132,13,5.539082519212066,389.5,1.591816311084281,0.0,0.0,1,0.6931471805599453,0.6931471805599453,0,12.45254592991672
985,4.499809670330265,3,4.31748811353631,9.22276289197474,1,1,3,3,0,4,0,11,2,2,2,0,5,5,1977,1977,1,1,9,10,2,0.0,3,3,1,0,0,4,4,0.0,4,0.0,0.0,0.0,1,3,1,4,7.171656822768514,6.07073772800249,0.0,7.458186157340487,0,0.0,2,0,4,1.0986122886681098,4,8,6,0,0,1,1977.0,3,2,539,3,3,2,0.0,0.0,0.0,0.0,0.0,0.0,0,4,1,0.0,8,2009,0,4,126000.0,7.458186157340487,2,32,32,3.4965075614664802,10,5.3787446156606515,269.5,1.7645767346342527,0.0,0.0,0,0.0,0.6931471805599453,0,11.744045122410057
986,5.247024072160486,3,4.219507705176107,9.294681520409934,1,1,3,3,0,4,0,7,2,2,1,2,5,5,1950,1950,1,1,8,8,2,0.0,3,3,1,3,3,3,0,6.947937068614969,6,0.0,4.8283137373023015,1164.0,2,3,0,4,7.059617628291383,0.0,0.0,7.059617628291383,1,0.0,1,0,3,0.6931471805599453,3,5,6,0,0,5,1950.0,3,1,240,3,3,2,0.0,3.8918202981106265,0.0,0.0,0.0,0.0,0,4,1,0.0,8,2008,3,4,125000.0,7.752764808851328,2,58,58,4.07753744390572,10,5.450179715857283,240.0,2.2350638921185504,3.8918202981106265,0.0,0,0.6931471805599453,0.6931471805599453,0,11.736077016252437
987,3.912023005428146,4,4.07753744390572,8.577347114235984,1,1,3,3,0,0,0,17,1,2,0,0,6,8,1910,2003,3,1,12,13,2,0.0,3,4,1,3,2,3,6,0.0,6,0.0,6.186208623900494,485.0,1,4,1,4,6.90875477931522,6.453624998892692,0.0,7.399398083331354,0,0.0,1,0,2,0.6931471805599453,4,5,6,0,0,1,1950.0,3,1,255,2,3,2,5.978885764901122,0.0,0.0,0.0,0.0,0.0,0,4,1,0.0,6,2006,8,4,117000.0,7.659171367666058,1,96,3,4.04305126783455,14,5.7899601708972535,255.0,1.1779490309046308,5.978885764901122,0.0,0,0.6931471805599453,0.6931471805599453,0,11.669937760751914
988,2.995732273553991,3,4.418840607796598,9.226115291091546,1,1,0,3,0,4,0,16,2,2,0,2,9,5,2009,2010,3,1,12,13,3,6.111467339502679,5,3,2,5,3,0,2,7.4067107301776405,6,0.0,5.652489180268651,1930.0,1,5,1,4,7.570443252057374,0.0,0.0,7.570443252057374,1,0.0,2,1,3,0.6931471805599453,5,8,6,1,4,1,2010.0,0,3,606,3,3,2,5.1298987149230735,4.564348191467836,0.0,0.0,0.0,0.0,0,4,1,0.0,4,2010,6,5,395192.0,8.261009786023827,4,1,0,0.0,14,5.491001710377538,202.0,1.655672039034171,5.575949103146316,0.0,1,0.6931471805599453,0.6931471805599453,1,12.887129532148373
989,4.0943445622221,3,4.382026634673881,9.396487933603666,1,1,0,3,0,4,0,14,2,2,0,5,6,6,1976,1976,1,1,9,10,1,5.700443573390687,3,3,1,3,3,3,3,5.056245805348308,6,0.0,6.541029999189903,848.0,1,3,1,4,7.0192966537150445,6.816735880594968,0.0,7.615791072035833,0,0.0,2,1,4,0.6931471805599453,4,8,6,1,3,1,1976.0,0,2,551,3,3,2,0.0,5.41610040220442,0.0,0.0,0.0,0.0,0,4,1,0.0,6,2007,8,4,195000.0,7.964850887447313,3,31,31,3.4657359027997265,12,5.536349530355997,275.5,1.7806968615678334,5.41610040220442,0.0,1,0.6931471805599453,0.6931471805599453,1,12.180759965737863
990,4.0943445622221,1,4.174387269895637,9.002701007197938,1,1,3,3,0,4,0,21,2,2,0,5,7,5,2006,2006,1,1,12,13,2,0.0,4,3,2,4,4,3,6,0.0,6,0.0,6.647688373563329,770.0,1,5,1,4,6.656726524178391,6.683360945766275,0.0,7.362645270417825,0,0.0,2,1,3,0.6931471805599453,4,6,6,0,0,1,2006.0,2,2,614,3,3,2,0.0,3.9318256327243257,0.0,0.0,0.0,0.0,0,4,1,0.0,8,2006,6,5,197000.0,7.76046702921342,3,0,0,0.0,12,5.570885801189769,307.0,1.6400557367801138,3.9318256327243257,0.0,0,0.6931471805599453,0.6931471805599453,0,12.190964083849375
991,4.0943445622221,3,4.406719247264253,9.1539816383068,1,1,3,3,0,4,0,15,2,2,0,5,8,5,1997,1998,1,1,12,13,1,6.049733455231958,4,3,2,4,3,3,2,6.980075940561763,6,0.0,5.777652323222656,1396.0,1,5,1,4,7.249215057114389,6.893656354602635,0.0,7.779885115070522,1,0.0,2,1,3,0.6931471805599453,4,7,6,1,3,1,1997.0,0,3,870,3,3,2,0.0,4.2626798770413155,0.0,0.0,0.0,0.0,0,4,1,0.0,6,2006,8,4,348000.0,8.239593454305968,4,9,8,2.302585092994046,13,5.833974966015209,290.0,1.374096523236276,4.2626798770413155,0.0,1,0.6931471805599453,0.6931471805599453,1,12.759960632315702
992,4.248495242049359,4,4.795790545596741,9.779680156808055,1,0,3,3,0,0,0,17,0,2,0,5,8,9,1882,1986,1,1,13,14,2,0.0,4,4,0,3,3,3,1,5.37989735354046,6,0.0,6.55250788703459,916.0,1,4,1,4,6.82001636467413,6.717804695023691,0.0,7.462789157412448,0,0.0,1,1,4,0.6931471805599453,4,8,6,1,4,1,1925.0,3,2,424,3,3,1,0.0,5.135798437050262,0.0,0.0,0.0,0.0,0,4,1,0.0,11,2009,8,4,168000.0,7.885329239273191,2,127,23,4.442651256490317,17,5.383347615732612,212.0,2.3168909993956075,5.135798437050262,0.0,1,0.6931471805599453,0.6931471805599453,0,12.031725210748633
993,4.0943445622221,3,4.382026634673881,9.186047679407139,1,1,3,3,0,4,1,12,2,2,0,5,6,8,1964,1993,3,1,13,14,1,5.831882477283517,3,3,1,3,3,1,1,6.285998094508865,5,4.770684624465665,5.135798437050262,822.0,1,4,1,4,6.927557906278317,6.723832440821209,0.0,7.523481312573497,0,0.0,2,1,3,0.6931471805599453,4,7,6,1,2,1,1964.0,2,2,440,3,3,2,5.480638923341991,3.7612001156935624,0.0,0.0,0.0,0.0,0,3,1,0.0,7,2007,8,4,187000.0,7.890956716138919,3,43,14,3.784189633918261,14,5.577571163518185,220.0,1.6625663668336406,5.641907070938114,0.0,1,0.6931471805599453,0.6931471805599453,1,12.138869243416009
994,4.0943445622221,3,4.219507705176107,9.087720658428273,1,1,3,3,0,4,0,5,2,2,0,5,6,5,2005,2006,1,1,12,13,2,0.0,3,3,2,4,3,3,6,0.0,6,0.0,6.621405651764134,750.0,1,5,1,4,6.620073206530356,6.621405651764134,0.0,7.313220387090301,0,0.0,2,1,3,0.6931471805599453,4,6,6,0,0,1,2005.0,2,2,564,3,3,2,0.0,3.58351893845611,0.0,0.0,0.0,0.0,0,4,1,0.0,8,2006,6,5,173900.0,7.718685495198466,3,1,0,0.6931471805599453,11,5.521460917862246,282.0,1.7745002713379705,3.58351893845611,0.0,0,0.6931471805599453,0.6931471805599453,0,12.066241450757124
995,2.995732273553991,3,4.564348191467836,9.429957713513835,1,1,3,3,0,2,0,16,2,2,0,2,10,5,2006,2007,3,1,5,5,3,5.442417710521793,5,3,2,5,3,1,2,7.067319848653476,6,0.0,6.270988431858299,1700.0,1,5,1,4,7.4489161025442,0.0,0.0,7.4489161025442,1,0.0,2,0,3,0.6931471805599453,5,7,6,1,4,1,2008.0,0,3,786,3,3,2,5.37989735354046,3.8918202981106265,0.0,0.0,0.0,0.0,0,4,1,0.0,7,2009,8,4,337500.0,8.136810863675537,3,3,2,0.6931471805599453,15,5.503005953488888,262.0,1.9810416109696336,5.579729825986222,0.0,1,0.6931471805599453,0.6931471805599453,1,12.729323752253295
996,3.912023005428146,3,3.9318256327243257,8.457867725331422,1,1,0,3,0,4,1,3,1,2,0,0,4,7,1946,1950,1,1,8,8,2,0.0,3,3,1,3,3,3,0,5.953243334287785,6,0.0,5.8971538676367405,747.0,1,3,1,4,6.651571873589727,6.124683390894205,0.0,7.114769448366463,1,0.0,1,1,3,0.6931471805599453,3,5,6,0,0,5,1946.0,3,1,305,3,3,2,0.0,4.060443010546419,0.0,0.0,4.1588830833596715,0.0,0,2,1,0.0,8,2006,8,0,121600.0,7.589335823170617,3,60,56,4.110873864173311,11,5.5053315359323625,305.0,1.3430982769649595,4.795790545596741,0.0,0,0.6931471805599453,0.6931471805599453,0,11.7085004721646
997,2.995732273553991,3,4.290459441148391,9.274159884689137,1,1,0,3,0,4,0,12,2,2,0,2,5,6,1961,1961,3,1,13,14,2,0.0,3,3,1,3,3,3,5,6.82001636467413,6,0.0,4.912654885736052,1050.0,1,3,1,4,6.956545443151569,0.0,0.0,6.956545443151569,1,0.0,1,0,3,0.6931471805599453,3,6,6,0,0,1,1961.0,3,1,368,3,3,2,0.0,5.768320995793772,0.0,0.0,0.0,0.0,0,4,1,0.0,1,2006,0,4,136500.0,7.649692623711514,2,45,45,3.828641396489095,11,5.1647859739235145,368.0,2.3176144415375677,5.768320995793772,0.0,0,0.6931471805599453,0.6931471805599453,0,11.824087219587643
998,2.995732273553991,3,4.382026634673881,9.368796057668156,1,1,0,3,0,4,0,14,3,2,0,2,6,6,1970,1970,3,1,6,6,1,6.349138991379798,3,3,1,3,3,3,6,0.0,6,0.0,7.274479558773871,1442.0,1,3,1,4,7.273786317844895,0.0,0.0,7.273786317844895,0,0.0,2,0,2,0.6931471805599453,3,6,6,1,3,1,1970.0,2,2,615,3,3,2,5.918893854273146,0.0,0.0,0.0,0.0,0.0,0,4,1,0.0,2,2009,8,4,185000.0,7.96693349840484,2,39,39,3.6888794541139363,12,5.482026848616839,307.5,2.095009739823261,5.918893854273146,0.0,1,0.6931471805599453,0.6931471805599453,1,12.128116509451258
999,3.4011973816621555,4,4.0943445622221,9.188708071849069,1,1,3,3,0,4,0,9,2,2,0,2,3,4,1922,1950,3,1,13,14,2,0.0,3,3,0,3,2,3,6,0.0,6,0.0,6.915723448631314,1007.0,1,2,0,4,6.981934677156389,0.0,0.0,6.981934677156389,0,0.0,1,0,3,0.6931471805599453,3,6,6,1,4,5,1922.0,3,1,210,3,2,1,0.0,4.61512051684126,3.8918202981106265,0.0,0.0,0.0,0,4,1,0.0,5,2006,8,4,91000.0,7.642044402873258,1,84,56,4.442651256490317,7,5.190175207928333,210.0,2.2067733946926804,5.003946305945459,0.0,1,0.6931471805599453,0.6931471805599453,0,11.418625774449598
1000,2.995732273553991,3,4.1588830833596715,8.819073983267831,1,1,3,3,0,4,0,5,2,2,0,2,7,5,2006,2006,1,1,12,13,3,3.2188758248682006,4,3,2,4,3,0,2,6.532334292222349,6,0.0,6.218600119691729,1187.0,1,5,1,4,7.0967213784947605,0.0,0.0,7.0967213784947605,1,0.0,2,0,2,0.6931471805599453,4,6,6,0,0,1,2006.0,2,2,632,3,3,2,4.663439094112067,4.127134385045092,0.0,0.0,0.0,0.0,0,4,1,0.0,2,2010,8,4,206000.0,7.781138509845015,3,4,4,1.6094379124341003,12,5.304961909266705,316.0,1.722352604773071,5.117993812416755,0.0,0,0.6931471805599453,0.6931471805599453,1,12.235636302128867
1001,2.995732273553991,3,4.30406509320417,9.230731061623917,1,1,3,3,0,0,0,7,2,2,0,2,3,3,1952,1952,0,5,2,2,2,0.0,3,3,3,0,0,4,4,0.0,4,0.0,0.0,0.0,2,2,0,1,6.8501261661455,0.0,0.0,6.8501261661455,0,0.0,1,0,2,0.6931471805599453,2,4,2,0,0,5,1956.0,3,2,528,3,2,2,0.0,0.0,0.0,0.0,0.0,0.0,0,4,1,0.0,7,2009,8,4,82000.0,6.8501261661455,1,57,57,3.9889840465642745,6,5.4638318050256105,264.0,2.3806048954784162,0.0,0.0,0,0.0,0.6931471805599453,0,11.314486721293981
1002,3.4011973816621555,3,4.0943445622221,8.594154232552366,1,1,3,3,0,0,0,17,2,2,0,2,5,6,1920,1950,1,1,13,14,2,0.0,3,3,0,2,3,3,6,0.0,6,0.0,6.539585955617669,691.0,1,5,1,0,6.53813982376767,0.0,0.0,6.53813982376767,0,0.0,1,0,2,0.6931471805599453,5,4,6,0,0,5,1920.0,3,1,216,2,3,0,0.0,3.044522437723423,4.553876891600541,0.0,0.0,0.0,0,4,1,0.0,1,2007,8,0,86000.0,7.231287004327616,1,87,57,4.477336814478207,11,5.151845462647779,216.0,2.0560144087846957,4.74493212836325,0.0,0,0.6931471805599453,0.6931471805599453,0,11.362114203075018
1003,2.995732273553991,3,4.31748811353631,9.38907215991958,1,1,0,3,0,4,0,21,6,2,0,2,8,5,2006,2006,1,1,12,13,1,3.9889840465642745,4,3,2,4,3,3,2,3.2188758248682006,6,0.0,7.346655163176539,1574.0,1,5,1,4,7.3613754289773485,0.0,0.0,7.3613754289773485,0,0.0,2,0,3,0.6931471805599453,4,7,6,1,4,1,2006.0,2,3,824,3,3,2,4.976733742420574,4.653960350157523,0.0,0.0,0.0,0.0,0,4,1,0.0,7,2008,8,4,232000.0,8.054522609537294,2,2,2,1.0986122886681098,13,5.415465279922035,274.6666666666667,2.0276967309422314,5.517452896464707,0.0,1,0.6931471805599453,0.6931471805599453,1,12.354496960983985
1004,4.499809670330265,3,4.382026634673881,9.350102314351341,1,1,0,3,0,0,0,14,1,6,2,2,5,6,1976,1976,1,1,12,13,1,5.10594547390058,3,3,1,3,3,3,6,0.0,6,0.0,7.427144133408616,1680.0,1,2,1,4,7.426549072397305,0.0,0.0,7.426549072397305,0,0.0,2,0,4,1.0986122886681098,3,8,6,0,0,5,1976.0,3,2,528,3,3,2,0.0,0.0,0.0,0.0,0.0,0.0,0,4,1,0.0,6,2007,8,4,136905.0,8.11969625295725,2,31,31,3.4657359027997265,11,5.3471075307174685,264.0,1.9235532419540369,0.0,0.0,0,0.6931471805599453,0.6931471805599453,1,11.827049837927534
1005,4.787491742782046,3,3.7612001156935624,8.065265208897733,1,1,3,3,0,4,0,0,2,2,4,2,7,5,2005,2006,1,1,12,13,1,2.833213344056216,4,3,2,4,3,3,2,2.833213344056216,6,0.0,7.193685818395112,1346.0,1,5,1,4,7.315883504509785,0.0,0.0,7.315883504509785,0,0.0,2,0,1,0.6931471805599453,4,7,6,1,4,1,2005.0,0,2,457,3,3,2,5.056245805348308,0.0,0.0,0.0,0.0,0.0,0,4,1,0.0,5,2009,8,4,181000.0,7.955074273262696,2,4,3,1.6094379124341003,12,5.369973355454472,228.5,0.7493817043879472,5.056245805348308,0.0,1,0.6931471805599453,0.6931471805599453,1,12.10625783509458
1006,4.382026634673881,3,4.174387269895637,9.034199674257309,1,1,3,3,0,4,0,5,2,2,0,7,5,8,1977,1977,1,1,6,6,1,5.3981627015177525,4,3,1,4,4,0,2,6.39024066706535,6,0.0,5.968707559985366,985.0,1,3,1,4,6.892641641172089,0.0,0.0,6.892641641172089,0,0.0,2,0,3,0.6931471805599453,3,6,6,0,0,1,1977.0,3,1,328,3,3,2,5.351858133476067,0.0,0.0,0.0,0.0,0.0,0,4,1,0.0,11,2008,8,4,149900.0,7.585788821732034,2,31,31,3.4657359027997265,13,5.100882171944034,328.0,2.14155803308522,5.351858133476067,0.0,0,0.6931471805599453,0.6931471805599453,1,11.917730355182513
1007,2.995732273553991,3,4.290459441148391,9.405495886750224,1,1,2,3,0,4,0,12,4,2,0,2,6,3,1970,1970,1,1,9,10,2,0.0,3,3,1,4,3,3,3,7.121252453244542,6,0.0,6.042632833682381,1657.0,1,4,1,4,7.4127640174265625,0.0,0.0,7.4127640174265625,0,0.6931471805599453,2,0,3,0.6931471805599453,3,7,6,1,3,1,1970.0,3,2,484,3,3,2,0.0,0.0,0.0,0.0,4.997212273764115,0.0,0,4,1,0.0,3,2007,8,4,163500.0,8.105911197986508,3,37,37,3.6375861597263857,9,5.46685386837125,242.0,1.9927318693236609,4.997212273764115,0.0,1,0.6931471805599453,0.6931471805599453,0,12.004574385508691
1008,5.075173815233827,4,3.044522437723423,7.7039102096163115,1,1,3,3,0,4,0,10,2,2,4,5,4,4,1970,1970,1,1,5,5,2,0.0,3,3,1,3,3,3,1,5.6131281063880705,3,5.6131281063880705,0.0,546.0,1,3,1,4,6.302618975744905,6.304448802421981,0.0,6.9957661563048505,0,0.0,1,1,3,0.6931471805599453,3,6,6,0,0,1,1970.0,2,1,286,3,3,2,5.476463551931511,0.0,0.0,0.0,0.0,0.0,0,4,1,0.0,8,2009,8,4,88000.0,7.401231264413015,2,39,39,3.6888794541139363,8,5.204006687076795,286.0,0.708144053311461,5.476463551931511,0.0,0,0.6931471805599453,0.6931471805599453,0,11.385103457032141
1009,2.995732273553991,3,3.7612001156935624,9.402447229504935,1,1,0,3,0,1,0,11,2,2,0,2,7,5,2004,2005,3,1,12,13,3,4.6913478822291435,4,3,2,5,3,2,6,0.0,6,0.0,7.444833273892193,1710.0,1,5,1,4,7.444248649496705,0.0,0.0,7.444248649496705,0,0.0,2,0,3,0.6931471805599453,4,7,6,1,4,1,2004.0,0,2,550,3,3,2,4.61512051684126,3.8918202981106265,0.0,0.0,5.198497031265826,0.0,0,4,1,0.0,4,2009,8,4,240000.0,8.13739583005665,2,5,4,1.791759469228055,12,5.498338500441392,275.0,1.9581985800082289,5.796057750765372,0.0,1,0.6931471805599453,0.6931471805599453,1,12.388398368982115
1010,3.912023005428146,3,4.0943445622221,8.699514748210191,1,1,3,3,0,4,0,18,2,2,0,0,5,5,1926,1950,1,1,13,14,2,0.0,3,2,0,3,3,3,6,0.0,6,0.0,6.9167150203536085,1008.0,1,5,1,4,6.915723448631314,0.0,6.244166900663736,7.3277805384216315,0,0.0,2,0,4,0.6931471805599453,3,7,6,0,0,6,0.0,1,0,0,0,0,1,0.0,0.0,4.9344739331306915,0.0,0.0,0.0,0,4,1,0.0,6,2006,8,4,102000.0,7.60887062919126,2,80,56,7.604396348796338,10,5.381870389366318,0.0,1.371734209788561,4.9344739331306915,0.0,0,0.6931471805599453,0.0,0,11.532737896139919
1011,3.912023005428146,3,4.74493212836325,9.96580485860099,1,1,3,3,0,4,0,19,2,2,0,0,5,5,1948,1950,1,1,13,14,2,0.0,3,3,1,3,3,3,6,0.0,6,0.0,6.580639137284949,720.0,1,3,1,4,6.579251212010101,6.313548046277095,0.0,7.147559271189454,0,0.0,2,0,4,0.6931471805599453,3,7,6,1,4,1,1948.0,3,1,312,3,3,2,0.0,0.0,4.6913478822291435,0.0,0.0,0.0,0,4,1,0.0,8,2008,8,4,135000.0,7.596392304064196,2,60,58,4.110873864173311,10,5.201649122134141,312.0,2.8182455874115355,4.6913478822291435,0.0,1,0.6931471805599453,0.6931471805599453,0,11.813037464800539
1012,4.499809670330265,3,4.31748811353631,9.192685436737461,1,1,3,3,0,4,0,7,2,2,2,2,5,5,1965,1965,3,1,1,1,2,0.0,3,3,1,0,0,4,4,0.0,4,0.0,0.0,0.0,1,3,0,4,7.416979621381154,0.0,0.0,7.416979621381154,0,0.0,2,0,4,1.0986122886681098,3,8,6,0,0,6,0.0,1,0,0,0,0,2,0.0,0.0,0.0,0.0,0.0,0.0,0,4,1,0.0,5,2010,8,4,100000.0,7.416979621381154,2,45,45,7.606387389772652,10,5.337538079701318,0.0,1.7757058153563081,0.0,0.0,0,0.0,0.0,0,11.51293546492023
1013,4.248495242049359,3,4.007333185232471,9.26785427817679,1,1,3,3,0,4,0,6,2,2,0,5,6,7,1923,1996,3,1,13,14,2,0.0,3,4,2,3,2,3,6,0.0,6,0.0,6.401917196727186,602.0,1,3,1,4,6.802394763324311,6.401917196727186,0.0,7.31455283232408,0,0.0,1,1,3,0.6931471805599453,4,7,6,2,3,5,1923.0,3,1,180,3,3,2,4.574710978503383,0.0,4.727387818712341,0.0,3.9889840465642745,0.0,0,4,1,0.0,8,2007,8,4,165000.0,7.651595573857601,2,84,11,4.442651256490317,13,5.368642683268766,180.0,1.9533014458527094,5.568344503761097,0.0,1,0.6931471805599453,0.6931471805599453,0,12.013706813470414
1014,3.4011973816621555,4,4.0943445622221,8.881836305004146,1,1,3,3,0,4,0,17,2,2,0,2,5,4,1910,2006,3,1,8,12,2,0.0,3,3,0,3,3,3,0,5.5134287461649825,5,6.144185634125646,5.739792912179234,1022.0,2,3,0,4,6.92951677076365,0.0,0.0,6.92951677076365,1,0.0,1,0,2,0.6931471805599453,3,4,1,0,0,5,1956.0,3,1,280,3,3,2,0.0,3.4339872044851463,5.424950017481403,0.0,0.0,0.0,0,4,1,0.0,6,2009,8,4,85000.0,7.622663951323595,2,99,3,3.9889840465642745,9,5.543222409643759,280.0,1.9523195342404969,5.54907608489522,0.0,0,0.6931471805599453,0.6931471805599453,0,11.350418300109132
1015,2.995732273553991,3,4.0943445622221,9.36426245424844,1,1,3,3,0,4,0,12,0,2,0,2,6,5,1948,1950,1,1,8,8,1,5.332718793265369,3,3,1,3,2,3,1,5.820082930352362,6,0.0,6.616065185132817,1082.0,1,3,1,4,6.9865664594064265,0.0,0.0,6.9865664594064265,0,0.0,1,0,2,0.6931471805599453,3,5,6,1,4,5,1948.0,3,1,240,3,3,2,0.0,4.875197323201151,0.0,0.0,0.0,0.0,0,4,1,0.0,11,2007,8,4,119200.0,7.679713639966372,1,59,57,4.0943445622221,11,5.377128546972327,240.0,2.3776959948420124,4.875197323201151,0.0,1,0.6931471805599453,0.6931471805599453,1,11.688566422839942
1016,4.0943445622221,3,4.248495242049359,9.035986984831405,1,1,3,3,0,4,0,14,2,2,0,5,8,6,2001,2001,1,1,12,13,2,0.0,4,3,2,4,3,3,2,6.467698726104354,6,0.0,5.123963979403259,810.0,1,5,1,4,6.697034247666484,6.752270376141742,0.0,7.417580402414544,1,0.0,2,1,3,0.6931471805599453,4,6,6,0,0,1,2001.0,0,2,528,3,3,2,0.0,3.828641396489095,0.0,0.0,0.0,0.0,0,4,1,0.0,11,2009,8,4,227000.0,7.813995675002791,4,8,8,2.1972245773362196,14,5.625820933186489,264.0,1.6184065824168608,3.828641396489095,0.0,0,0.6931471805599453,0.6931471805599453,0,12.33270970174018
1017,2.995732273553991,3,4.290459441148391,9.382864086290027,1,1,3,3,0,4,0,5,2,2,0,2,7,5,1996,1996,3,1,12,13,1,5.2832037287379885,4,3,2,4,3,1,2,6.53813982376767,6,0.0,6.703188113240863,1504.0,1,5,1,4,7.315883504509785,0.0,0.0,7.315883504509785,1,0.0,2,0,3,0.6931471805599453,4,6,6,1,3,1,1996.0,0,2,478,3,3,2,4.7535901911063645,4.204692619390966,0.0,0.0,0.0,0.0,0,4,1,0.0,6,2009,8,4,203000.0,8.00903068506973,3,13,13,2.6390573296152584,12,5.52412403528173,239.0,2.0669805817802414,5.204006687076795,0.0,1,0.6931471805599453,0.6931471805599453,1,12.220966184120165
1018,4.787491742782046,3,4.119037174812473,8.668024081118821,1,1,0,3,0,1,0,22,2,2,4,2,8,5,1984,1984,1,1,6,6,2,0.0,4,3,1,4,3,0,2,6.9440872082295275,6,0.0,5.220355825078324,1220.0,1,4,1,4,7.215239978730097,0.0,0.0,7.215239978730097,1,0.0,1,0,1,0.6931471805599453,4,4,6,1,5,1,1984.0,2,2,565,3,3,2,4.1588830833596715,0.0,0.0,0.0,0.0,0.0,0,4,1,0.0,8,2009,0,0,187500.0,7.855544677915663,2,25,25,3.258096538021482,13,5.8289456176102075,282.5,1.4527841023887236,4.1588830833596715,0.0,1,0.6931471805599453,0.6931471805599453,0,12.141539457711714
1019,4.382026634673881,3,4.174387269895637,9.285818833152089,1,1,0,3,0,2,0,8,2,2,0,7,7,5,1991,1992,1,1,6,6,1,4.343805421853684,4,3,2,4,3,3,6,0.0,6,0.0,5.953243334287785,384.0,1,4,1,4,6.687108607866515,6.508769136971682,0.0,7.294377299288821,0,0.0,2,1,3,0.6931471805599453,4,7,6,1,3,1,1991.0,2,2,402,3,3,2,5.10594547390058,0.0,0.0,0.0,0.0,0.0,0,4,1,0.0,5,2007,8,4,160000.0,7.526178913346146,3,16,15,2.833213344056216,12,5.348467150233509,201.0,1.9914415338632667,5.10594547390058,0.0,1,0.6931471805599453,0.6931471805599453,1,11.982935344196433
1020,4.787491742782046,3,3.7612001156935624,8.0106915391303,1,1,3,3,0,4,0,0,2,2,4,2,7,5,2005,2005,1,1,12,13,1,4.983606621708336,4,3,2,4,3,1,2,2.833213344056216,6,0.0,7.205635176410364,1362.0,1,5,1,4,7.317212408359839,0.0,0.0,7.317212408359839,0,0.0,2,0,2,0.6931471805599453,4,6,6,1,4,1,2005.0,0,2,440,3,3,2,4.962844630259907,3.044522437723423,0.0,0.0,0.0,0.0,0,4,1,0.0,4,2006,8,4,213490.0,7.961370201719511,2,1,1,0.6931471805599453,12,5.5254529391317835,220.0,0.6934791307704623,5.093750200806762,0.0,1,0.6931471805599453,0.6931471805599453,1,12.271349956195543
1021,2.995732273553991,3,4.0943445622221,8.857088135314953,1,1,3,3,0,4,0,7,2,2,0,2,4,5,2005,2005,1,1,12,13,2,0.0,3,3,2,4,3,3,2,6.932447891572509,6,0.0,4.6913478822291435,1132.0,1,5,1,4,7.0317412587631285,0.0,0.0,7.0317412587631285,1,0.0,1,1,2,0.6931471805599453,4,5,6,0,0,1,2005.0,0,2,451,3,3,2,5.53338948872752,4.174387269895637,0.0,0.0,0.0,0.0,0,4,1,0.0,6,2008,8,4,176000.0,7.724888439323074,3,3,3,1.3862943611198906,9,5.422303346329028,225.5,1.8253468765518244,5.75890177387728,0.0,0,0.6931471805599453,0.6931471805599453,0,12.07824495582233
1022,2.995732273553991,3,4.1588830833596715,8.910045761473558,1,1,3,3,0,4,0,5,2,2,0,2,7,5,2006,2006,1,1,12,13,3,4.442651256490317,4,3,2,4,3,0,2,6.529418838262226,6,0.0,6.246106765481563,1199.0,1,5,1,4,7.106606137727303,0.0,0.0,7.106606137727303,1,0.0,2,0,2,0.6931471805599453,4,6,6,0,0,1,2006.0,2,2,632,3,3,2,4.663439094112067,4.007333185232471,0.0,0.0,0.0,0.0,0,4,1,0.0,7,2006,6,5,194000.0,7.791109510610028,3,0,0,0.0,12,5.314846668499247,316.0,1.8034396237462558,5.075173815233827,0.0,0,0.6931471805599453,0.6931471805599453,1,12.175618592671356
1023,3.912023005428146,4,3.9512437185814275,9.152605321324945,1,1,3,3,0,4,0,17,2,2,0,0,5,5,1930,1950,1,1,13,14,2,0.0,3,3,1,3,3,3,3,5.783825182329737,6,0.0,6.3784261836515865,912.0,1,4,1,0,6.815639990074331,5.820082930352362,0.0,7.129297548929373,0,0.0,1,0,2,0.6931471805599453,3,6,6,0,0,5,1957.0,3,1,160,2,2,2,0.0,0.0,5.262690188904886,0.0,0.0,0.0,0,4,1,0.0,3,2007,8,4,87000.0,7.67786350067821,1,77,57,3.9318256327243257,10,5.337538079701318,160.0,2.0233077723955715,5.262690188904886,0.0,0,0.6931471805599453,0.6931471805599453,0,11.373674891823535
1024,4.787491742782046,3,3.7612001156935624,8.065265208897733,1,1,3,3,0,4,0,0,2,2,4,2,7,5,2005,2006,1,1,12,13,1,2.70805020110221,4,3,2,4,4,3,2,2.833213344056216,6,0.0,7.193685818395112,1346.0,1,5,1,4,7.315883504509785,0.0,0.0,7.315883504509785,0,0.0,2,0,2,0.6931471805599453,4,7,6,1,4,1,2005.0,0,2,437,3,3,2,5.056245805348308,3.044522437723423,0.0,0.0,0.0,0.0,0,4,1,0.0,5,2008,8,4,191000.0,7.955074273262696,2,3,2,1.3862943611198906,12,5.369973355454472,218.5,0.7493817043879472,5.176149732573829,0.0,1,0.6931471805599453,0.6931471805599453,1,12.160033942617156
1025,2.995732273553991,3,4.442651256490317,9.648466262323895,1,1,0,3,0,0,0,23,2,2,0,2,8,6,1976,1976,3,6,10,6,2,0.0,4,3,1,4,3,0,0,7.061334366910438,3,5.993961427306569,0.0,1565.0,1,3,1,4,7.971776122880628,0.0,0.0,7.971776122880628,1,0.0,2,0,2,0.6931471805599453,4,10,6,1,4,1,1976.0,0,2,665,3,3,2,0.0,4.290459441148391,5.1647859739235145,0.0,0.0,0.0,0,4,1,0.0,5,2008,0,0,287000.0,8.40357646462927,3,32,32,3.4965075614664802,14,5.669191029886582,332.5,1.6766901394432678,5.5093883366279774,0.0,1,0.6931471805599453,0.6931471805599453,0,12.567240979056246
1026,2.995732273553991,3,4.248495242049359,8.948975607841776,1,1,3,3,0,0,0,5,2,2,0,2,5,5,1972,1972,1,1,12,13,2,0.0,3,3,1,3,3,3,3,4.9344739331306915,5,6.150602768446279,5.6240175061873385,882.0,1,3,1,4,6.782192056006791,0.0,0.0,6.782192056006791,1,0.0,1,0,3,0.6931471805599453,3,5,6,0,0,5,1980.0,3,2,461,3,3,2,4.574710978503383,0.0,0.0,0.0,0.0,0.0,0,2,1,0.0,3,2007,8,4,112500.0,7.475339236566737,2,35,35,3.332204510175204,10,5.172754143572691,230.5,2.1667835518349836,4.574710978503383,0.0,0,0.6931471805599453,0.6931471805599453,0,11.630717389475995
1027,2.995732273553991,3,4.290459441148391,9.137769679141348,1,1,3,3,0,4,0,12,1,2,0,2,5,5,1960,1960,1,1,8,6,1,5.783825182329737,3,3,1,3,3,3,5,6.548219102762372,6,0.0,6.349138991379798,1268.0,1,3,1,4,7.142036574706803,0.0,0.0,7.142036574706803,1,0.0,1,0,3,0.6931471805599453,3,6,6,2,4,1,1960.0,3,2,461,3,3,2,0.0,0.0,0.0,0.0,4.969813299576001,0.0,0,4,1,0.0,4,2010,8,4,167500.0,7.836764783264067,2,50,50,3.9318256327243257,10,5.350277105478748,230.5,1.9957331044345445,4.969813299576001,0.0,1,0.6931471805599453,0.6931471805599453,1,12.02874460037869
1028,2.995732273553991,3,4.2626798770413155,9.161150127785412,1,1,0,1,0,4,0,23,2,2,0,2,8,5,2007,2008,1,1,12,13,3,5.82600010738045,4,3,2,4,3,1,2,7.322510433997394,6,0.0,4.836281906951478,1638.0,1,5,1,4,7.406103381237015,0.0,0.0,7.406103381237015,1,0.0,2,0,3,0.6931471805599453,4,7,6,1,4,1,2008.0,2,3,800,3,3,2,5.262690188904886,3.8066624897703196,0.0,0.0,0.0,0.0,0,4,1,0.0,4,2008,6,5,293077.0,8.096817470572319,3,1,0,0.0,13,5.460193232181702,266.6666666666667,1.7550467465483959,5.4680601411351315,0.0,1,0.6931471805599453,0.6931471805599453,1,12.588194064175278
1029,3.912023005428146,3,4.3694478524670215,9.158204617555654,1,1,3,3,0,4,0,12,0,2,0,0,5,5,1941,1950,1,1,14,15,2,0.0,3,3,1,3,3,3,5,5.910796644040527,1,3.7376696182833684,5.886104031450156,768.0,1,3,1,4,6.875232087276577,6.013715156042802,0.0,7.226936018493289,1,0.0,1,0,3,0.6931471805599453,3,6,6,1,4,1,1941.0,3,1,240,3,3,2,0.0,0.0,0.0,0.0,0.0,0.0,0,4,1,0.0,4,2007,8,4,105000.0,7.670428522190693,2,66,57,4.204692619390966,10,5.435176549265234,240.0,1.9312685990623653,0.0,0.0,1,0.6931471805599453,0.6931471805599453,0,11.561725152903833
1030,5.075173815233827,4,3.044522437723423,7.426549072397305,1,1,3,3,0,4,0,2,2,2,3,5,6,7,1972,1972,1,1,6,6,1,5.641907070938114,3,3,1,3,3,3,1,5.762051382780177,6,0.0,5.87493073085203,672.0,1,4,1,4,6.51025834052315,6.304448802421981,0.0,7.1049654482698426,0,0.6931471805599453,1,1,3,0.6931471805599453,3,7,6,0,0,5,1972.0,3,1,264,3,3,2,0.0,3.367295829986474,0.0,0.0,0.0,0.0,0,4,1,0.0,5,2006,8,4,118000.0,7.5443321080536885,3,34,34,3.5553480614894135,13,5.159055299214529,264.0,0.32158362412746233,3.367295829986474,0.0,0,0.6931471805599453,0.6931471805599453,1,11.678448377988165
1031,5.247024072160486,2,4.0943445622221,8.86531163267185,1,1,3,3,0,4,0,18,2,2,1,5,5,8,1916,1995,1,1,12,13,2,0.0,3,3,2,3,3,2,6,0.0,6,0.0,6.532334292222349,686.0,1,4,1,4,6.854354502255021,6.8885724595653635,0.0,7.564238475170491,0,0.0,2,0,5,1.0986122886681098,3,10,6,0,0,6,0.0,1,0,0,0,0,0,0.0,0.0,5.43372200355424,0.0,0.0,0.0,0,4,1,0.0,7,2006,8,4,160000.0,7.868636894184167,2,90,11,7.604396348796338,13,5.261653382176445,0.0,1.301073157501358,5.43372200355424,0.0,0,0.6931471805599453,0.0,0,11.982935344196433
1032,4.31748811353631,3,4.624972813284271,9.671744632408455,1,1,3,3,0,0,0,18,2,2,0,3,7,3,1920,1970,1,1,13,10,2,0.0,3,3,0,3,3,3,2,6.261491684321042,6,0.0,5.71042701737487,824.0,1,5,1,4,7.430707082545968,6.906754778648554,5.986452005284438,8.033334015880062,1,0.0,2,1,5,0.6931471805599453,3,12,6,2,3,2,1970.0,0,2,672,3,3,2,4.919980925828125,4.1588830833596715,0.0,0.0,0.0,0.0,0,4,1,0.0,8,2009,8,4,197000.0,8.163086375583216,4,89,39,3.6888794541139363,10,5.548427366092061,336.0,1.638410616528394,5.298317366548036,0.0,1,0.6931471805599453,0.6931471805599453,0,12.190964083849375
1033,4.0943445622221,3,4.51085950651685,9.584727524513486,1,1,0,3,0,0,0,15,2,2,0,5,8,7,1993,1993,1,1,8,8,2,0.0,4,4,2,4,4,3,2,6.920671504248683,6,0.0,5.7899601708972535,1338.0,1,5,1,4,7.20934025660291,7.063903961472068,0.0,7.832014180505469,1,0.0,2,1,5,0.6931471805599453,4,10,6,1,3,1,1993.0,2,3,796,3,3,2,5.3471075307174685,4.02535169073515,0.0,0.0,0.0,0.0,0,4,1,0.0,11,2006,8,0,310000.0,8.257904193465674,4,13,13,2.6390573296152584,15,5.529429087511423,265.3333333333333,1.7527133440080167,5.579729825986222,0.0,1,0.6931471805599453,0.6931471805599453,0,12.644330802262578
1034,2.995732273553991,3,4.248495242049359,9.002701007197938,1,1,3,3,0,4,0,5,2,2,0,2,7,5,2002,2002,1,1,12,13,3,5.69035945432406,4,3,2,4,3,3,2,6.894670039433482,6,0.0,6.505784060128229,1654.0,1,5,1,4,7.4109518755836366,0.0,0.0,7.4109518755836366,1,0.0,2,0,3,0.6931471805599453,4,6,6,0,0,1,2002.0,3,3,900,3,3,2,0.0,4.919980925828125,0.0,0.0,0.0,0.0,0,4,1,0.0,2,2006,8,4,230000.0,8.104099056143582,3,4,4,1.6094379124341003,12,5.619192406355582,300.0,1.5917491316143015,4.919980925828125,0.0,0,0.6931471805599453,0.6931471805599453,1,12.345838935721968
1035,3.4011973816621555,3,3.912023005428146,8.74909824839902,1,1,3,0,0,4,0,6,2,2,0,2,5,7,1938,1950,1,1,8,8,2,0.0,3,4,2,2,2,3,6,0.0,6,0.0,6.825460036255307,920.0,1,5,1,4,6.860663671448287,0.0,0.0,6.860663671448287,0,0.0,1,0,2,0.6931471805599453,2,5,6,1,4,2,1938.0,3,1,240,2,3,2,0.0,0.0,0.0,0.0,0.0,0.0,0,2,1,0.0,6,2007,8,4,119750.0,7.535830462798367,1,69,57,4.248495242049359,12,5.251225759014186,240.0,1.8884345769507334,0.0,0.0,1,0.6931471805599453,0.6931471805599453,0,11.693169865968983
1036,2.995732273553991,3,4.182050142641207,9.350102314351341,1,1,0,3,0,1,0,7,2,2,0,2,4,3,1957,1957,1,1,13,14,2,0.0,3,4,3,0,0,4,4,0.0,4,0.0,0.0,0.0,1,5,0,4,6.739336627357174,0.0,0.0,6.739336627357174,0,0.0,1,0,3,0.6931471805599453,3,5,6,0,0,5,1957.0,3,1,290,3,3,0,5.231108616854587,0.0,0.0,0.0,0.0,0.0,0,4,1,0.0,1,2009,8,4,84000.0,6.739336627357174,1,52,52,3.970291913552122,7,5.1298987149230735,290.0,2.6107656869941676,5.231108616854587,0.0,0,0.0,0.6931471805599453,0,11.338583982516495
1037,2.995732273553991,3,4.48863636973214,9.464827539570322,1,1,0,1,0,4,0,23,2,2,0,2,9,5,2007,2008,3,1,12,13,3,4.2626798770413155,4,3,2,5,3,1,2,6.930494765951626,6,0.0,6.395261598115449,1620.0,1,5,1,4,7.3901814282264295,0.0,0.0,7.3901814282264295,1,0.0,2,0,2,0.6931471805599453,5,6,6,1,5,1,2008.0,0,3,912,3,3,2,5.43372200355424,0.0,0.0,0.0,0.0,0.0,0,4,1,0.0,9,2009,8,4,315500.0,8.083328608786376,3,2,1,0.6931471805599453,14,5.598421958998375,304.0,2.0746461113438928,5.43372200355424,0.0,1,0.6931471805599453,0.6931471805599453,1,12.66191713053049
1038,4.0943445622221,3,4.248495242049359,9.131297164635729,1,1,3,3,0,4,0,5,2,2,0,5,8,5,2001,2002,1,1,12,13,1,5.983936280687191,4,3,2,4,3,3,6,0.0,6,0.0,6.962243464266207,1055.0,1,5,1,4,6.961296045910167,7.097548850614793,0.0,7.724446645633537,0,0.0,2,1,3,0.6931471805599453,4,7,6,1,3,3,2001.0,0,2,905,3,3,2,0.0,3.828641396489095,0.0,0.0,5.247024072160486,0.0,0,4,1,0.0,9,2008,8,4,287000.0,8.10711747075039,3,7,6,2.0794415416798357,13,5.778536496578224,452.5,1.4068505190021925,5.459585514144159,0.0,1,0.6931471805599453,0.6931471805599453,1,12.567240979056246
1039,5.075173815233827,4,3.044522437723423,7.334981878871814,1,1,3,3,0,4,0,10,2,2,3,5,4,6,1970,2008,1,1,5,5,2,0.0,3,3,1,3,3,3,6,0.0,6,0.0,6.304448802421981,546.0,1,3,1,4,6.682108597449809,6.304448802421981,0.0,7.203405521083095,0,0.0,1,1,3,0.6931471805599453,3,6,6,1,3,6,0.0,1,0,0,0,0,2,0.0,0.0,0.0,0.0,0.0,0.0,0,4,1,0.0,5,2009,8,4,97000.0,7.5443321080536885,2,39,1,7.605890001053122,10,5.4116460518550396,0.0,0.13157635778871926,0.0,0.0,1,0.6931471805599453,0.0,0,11.48247656671073
1040,5.19295685089021,4,3.044522437723423,7.29776828253138,1,1,3,3,0,4,0,10,2,2,4,6,4,4,1970,1970,1,1,5,5,2,0.0,3,3,1,4,3,0,2,6.234410725718371,6,0.0,4.804021044733257,630.0,1,3,1,4,6.4457198193855785,0.0,0.0,6.4457198193855785,1,0.0,1,0,1,0.6931471805599453,3,3,6,0,0,1,1970.0,3,1,286,3,3,2,0.0,0.0,0.0,0.0,0.0,0.0,0,4,1,0.0,4,2009,8,4,80000.0,7.138866999945524,2,39,39,3.6888794541139363,8,5.3471075307174685,286.0,0.8520484631458015,0.0,0.0,0,0.6931471805599453,0.6931471805599453,0,11.289794413577894
1041,2.995732273553991,3,4.477336814478207,9.482274087459825,1,1,3,3,0,0,0,19,2,2,0,2,5,4,1957,2000,1,1,13,14,0,4.219507705176107,3,3,1,3,3,3,5,5.1298987149230735,1,6.52649485957079,5.652489180268651,1134.0,1,5,1,4,7.497207223203318,0.0,0.0,7.497207223203318,1,0.0,2,0,3,0.6931471805599453,3,8,0,1,3,1,1957.0,2,2,484,3,3,2,0.0,0.0,0.0,0.0,0.0,0.0,0,0,1,0.0,1,2006,8,4,155000.0,7.98514393119862,3,49,6,3.912023005428146,9,5.417765681523481,242.0,1.9850668642565072,0.0,0.0,1,0.6931471805599453,0.6931471805599453,1,11.951186847493476
1042,4.0943445622221,3,4.382026634673881,9.119320973589014,1,1,3,3,0,4,0,14,1,2,0,5,6,8,1966,2000,3,1,6,6,1,5.53338948872752,3,3,1,3,3,3,2,5.993961427306569,5,4.174387269895637,5.820082930352362,800.0,1,4,1,4,6.684611727667927,6.725033642166843,0.0,7.397561535524052,0,0.6931471805599453,1,1,4,0.6931471805599453,4,7,6,0,0,1,1966.0,3,2,484,3,3,2,0.0,3.713572066704308,0.0,0.0,0.0,0.0,0,4,1,0.0,7,2008,8,4,173000.0,7.796469243086058,3,42,8,3.7612001156935624,14,5.451651386468739,242.0,1.721759438064962,3.713572066704308,0.0,0,0.6931471805599453,0.6931471805599453,1,12.06105265381003
1043,4.787491742782046,3,3.5263605246161616,8.59062950948942,1,1,0,3,0,4,0,16,2,2,3,2,6,5,2005,2005,1,1,12,13,3,4.912654885736052,4,3,2,4,3,0,0,6.803505257608338,6,0.0,6.008813185442595,1306.0,1,5,1,4,7.174724309836376,0.0,0.0,7.174724309836376,1,0.0,2,0,1,0.6931471805599453,4,5,6,1,4,1,2005.0,2,2,624,3,3,2,5.14166355650266,4.1588830833596715,0.0,0.0,0.0,0.0,0,4,1,0.0,8,2009,8,4,196000.0,7.867871490396322,3,4,4,1.6094379124341003,11,5.565286397402276,312.0,1.4159051996530432,5.455321115357702,0.0,1,0.6931471805599453,0.6931471805599453,1,12.185875040240456
1044,4.0943445622221,3,4.454347296253507,9.379154445411636,1,1,3,3,0,4,0,20,2,2,0,5,7,5,1990,1990,3,1,6,6,1,4.605170185988092,3,3,2,4,3,3,2,6.990256500493881,6,0.0,5.968707559985366,1475.0,1,5,1,4,7.3343293503005365,6.682108597449809,0.0,7.753194269884341,1,0.0,2,1,4,0.6931471805599453,4,10,6,1,5,1,1990.0,3,2,514,3,3,2,5.262690188904886,4.804021044733257,0.0,0.0,0.0,0.0,0,4,1,0.0,5,2008,8,4,262280.0,8.24380842366528,4,18,18,2.9444389791664403,12,5.450609176890295,257.0,1.6259601755272952,5.749392985908253,0.0,1,0.6931471805599453,0.6931471805599453,1,12.47717172708952
1045,2.995732273553991,3,4.382026634673881,9.169518377455928,1,1,3,3,0,4,0,14,4,2,0,2,8,5,1981,1981,3,7,3,3,2,0.0,4,3,2,4,3,3,0,7.007600613951853,6,0.0,7.259116128097101,2524.0,1,3,1,4,7.8336002236611035,0.0,0.0,7.8336002236611035,1,0.0,2,1,4,0.6931471805599453,4,9,6,1,4,1,1981.0,0,2,542,3,3,2,6.163314804034641,4.795790545596741,0.0,0.0,0.0,0.0,0,2,1,0.0,7,2009,8,4,278000.0,8.52674740422105,4,28,28,3.367295829986474,13,5.636375646324884,271.0,1.3359181537948237,6.38856140554563,0.0,1,0.6931471805599453,0.6931471805599453,0,12.535379989788607
1046,2.995732273553991,3,4.182050142641207,9.523690191176541,1,1,0,3,0,1,0,7,2,2,0,2,3,5,1955,1955,3,1,3,14,2,0.0,3,3,3,0,0,4,4,0.0,4,0.0,0.0,0.0,1,5,1,0,7.457609289715606,0.0,0.0,7.457609289715606,0,0.0,2,0,4,0.6931471805599453,3,8,3,1,4,1,1955.0,3,2,452,3,3,2,0.0,0.0,0.0,0.0,0.0,0.0,0,4,1,0.0,6,2009,8,4,139600.0,7.457609289715606,2,54,54,4.007333185232471,8,5.378167748035771,226.0,2.0660809014609356,0.0,0.0,1,0.0,0.6931471805599453,0,11.846543632608535
1047,4.0943445622221,3,4.442651256490317,9.683837890476173,1,1,0,3,0,4,0,22,2,2,0,5,9,5,2005,2006,3,1,5,5,3,5.342334251964811,4,3,2,5,3,0,2,5.484796933490655,6,0.0,7.469083884921234,1992.0,1,5,1,4,7.596894438144544,6.776506992372183,0.0,7.961370201719511,0,0.0,3,1,4,0.6931471805599453,5,11,6,1,4,3,2005.0,0,3,716,3,3,2,5.3706380281276624,4.6913478822291435,0.0,0.0,0.0,0.0,0,4,1,0.0,7,2006,6,5,556581.0,8.48879371689454,4,1,0,0.6931471805599453,14,5.56347492892114,238.66666666666666,1.722467688756663,5.777652323222656,0.0,1,0.6931471805599453,0.6931471805599453,1,13.229569788348705
1048,2.995732273553991,3,4.04305126783455,9.131838143821225,1,1,1,3,0,4,0,5,2,2,0,2,5,5,1994,1995,1,1,12,13,2,0.0,3,3,2,4,3,3,2,6.532334292222349,6,0.0,5.720311776607412,990.0,1,5,1,4,6.897704943128636,0.0,0.0,6.897704943128636,0,0.6931471805599453,1,0,3,0.6931471805599453,3,5,6,0,0,5,1996.0,3,2,672,3,3,2,0.0,0.0,0.0,0.0,0.0,0.0,0,4,1,0.0,2,2008,8,4,145000.0,7.590852123688581,2,14,13,2.5649493574615367,10,5.288267030694535,336.0,2.2341332006925896,0.0,0.0,0,0.6931471805599453,0.6931471805599453,0,11.884495917930655
1049,2.995732273553991,3,4.605170185988092,9.98736903651683,1,1,3,3,0,4,0,11,2,2,0,2,5,4,1960,2006,3,1,6,6,1,4.330733340286331,3,2,3,0,0,4,4,0.0,4,0.0,0.0,0.0,1,3,1,4,7.479299637782834,0.0,0.0,7.479299637782834,0,0.0,1,0,3,0.6931471805599453,3,9,2,1,3,1,1960.0,3,2,336,3,3,2,0.0,0.0,0.0,0.0,0.0,0.0,0,0,1,0.0,11,2009,8,4,115000.0,7.479299637782834,1,49,3,3.912023005428146,9,5.282075060446614,168.0,2.508069398733997,0.0,0.0,1,0.0,0.6931471805599453,1,11.652696102959753
1050,2.995732273553991,3,4.0943445622221,9.314700387300425,1,1,3,2,0,4,0,7,2,2,0,2,4,7,1946,2006,1,1,8,8,2,0.0,3,3,1,0,0,4,4,0.0,4,0.0,0.0,0.0,1,5,1,4,6.835184586147301,0.0,0.0,6.835184586147301,0,0.0,1,0,2,0.6931471805599453,4,6,6,0,0,5,1946.0,3,1,308,3,3,2,0.0,0.0,0.0,0.0,0.0,0.0,0,4,1,0.0,4,2010,8,0,84900.0,6.835184586147301,1,64,4,4.174387269895637,11,5.043425116919247,308.0,2.479515801153124,0.0,0.0,0,0.0,0.6931471805599453,0,11.349241150793087
1051,2.995732273553991,3,4.290459441148391,9.104201775914515,1,1,0,3,0,4,0,8,2,2,0,2,7,5,2007,2007,1,1,12,13,2,0.0,4,3,2,4,3,0,6,0.0,6,0.0,7.172424577124845,1302.0,1,5,1,4,7.171656822768514,0.0,0.0,7.171656822768514,0,0.0,2,0,3,0.6931471805599453,4,6,6,0,0,1,2007.0,0,2,436,3,3,2,0.0,3.1354942159291497,0.0,0.0,0.0,0.0,0,4,1,0.0,8,2007,6,5,176485.0,7.86480400332846,2,0,0,0.0,12,5.37989735354046,218.0,1.932544953146001,3.1354942159291497,0.0,0,0.6931471805599453,0.6931471805599453,0,12.080996832096167
1052,2.995732273553991,3,4.634728988229636,9.32143441948177,1,1,0,3,0,0,0,5,2,2,0,2,7,5,2007,2007,1,1,12,13,2,0.0,4,3,2,4,3,0,6,0.0,6,0.0,7.183111701743281,1316.0,1,5,1,4,7.182352111885263,0.0,0.0,7.182352111885263,0,0.0,2,0,3,0.6931471805599453,4,6,6,1,4,1,2007.0,0,2,440,3,3,2,0.0,3.044522437723423,0.0,0.0,0.0,0.0,0,4,1,0.0,10,2007,6,5,200141.0,7.875499292445208,2,0,0,0.0,12,5.390592642657207,220.0,2.139082307596507,3.044522437723423,0.0,1,0.6931471805599453,0.6931471805599453,0,12.206782393599413
1053,4.0943445622221,3,4.605170185988092,9.159047077588632,1,1,3,3,0,0,0,12,0,2,0,5,6,6,1964,1978,1,1,12,13,0,5.60947179518496,3,3,1,3,3,3,5,6.093569770045136,6,0.0,5.926926025970411,816.0,1,3,1,4,7.027314514039777,6.7464121285733745,0.0,7.589335823170617,0,0.6931471805599453,1,1,4,0.6931471805599453,3,9,6,1,3,1,1964.0,2,2,540,3,3,2,0.0,3.970291913552122,0.0,0.0,0.0,0.0,0,0,1,0.0,6,2007,8,4,165000.0,7.934871565945177,3,43,29,3.784189633918261,12,5.392111245834397,270.0,1.5697112544180154,3.970291913552122,0.0,1,0.6931471805599453,0.6931471805599453,1,12.013706813470414
1054,2.995732273553991,3,4.219507705176107,9.055089086704891,1,1,3,3,0,4,1,7,2,2,0,2,5,6,1957,2002,3,1,6,6,3,4.983606621708336,3,3,1,3,3,0,5,5.950642552587727,6,0.0,6.726233402358747,1216.0,1,5,1,0,7.330405211844402,0.0,0.0,7.330405211844402,0,0.0,1,0,4,0.6931471805599453,3,7,3,1,4,2,1957.0,3,1,364,3,3,2,4.762173934797756,4.3694478524670215,0.0,0.0,0.0,0.0,0,4,1,0.0,5,2010,8,4,144500.0,7.91644286012226,1,53,8,3.9889840465642745,11,5.384495062789089,364.0,1.7246838748604891,5.272999558563747,0.0,1,0.6931471805599453,0.6931471805599453,1,11.881041706925902
1055,4.0943445622221,3,4.499809670330265,9.33846969968671,1,1,3,3,0,0,0,5,2,2,0,5,8,5,2002,2002,1,1,12,13,1,5.351858133476067,4,3,2,4,3,2,2,6.838405200847344,6,0.0,4.897839799950911,1065.0,1,5,1,4,6.994849985833071,6.80128303447162,0.0,7.5953872788539725,1,0.0,2,1,3,0.6931471805599453,4,7,6,1,4,1,2002.0,0,2,586,3,3,2,5.298317366548036,4.110873864173311,0.0,0.0,0.0,0.0,0,4,1,0.0,11,2006,8,4,255000.0,8.024207485778577,4,4,4,1.6094379124341003,13,5.649477129798659,293.0,1.7430824208327382,5.560681631015528,0.0,1,0.6931471805599453,0.6931471805599453,1,12.449022745701502
1056,2.995732273553991,3,4.6443908991413725,9.337941716569905,1,1,3,3,0,4,0,14,2,2,0,2,6,5,1976,1976,1,1,9,10,1,5.081404364984463,3,3,1,4,3,3,0,6.4692503167957724,6,0.0,6.309918278226516,1193.0,1,3,1,4,7.328437352895162,0.0,0.0,7.328437352895162,0,0.6931471805599453,2,0,3,0.6931471805599453,3,7,6,1,3,1,1976.0,0,2,478,3,3,2,0.0,0.0,0.0,0.0,5.247024072160486,0.0,0,2,1,0.0,5,2008,0,0,180000.0,7.906915488678587,3,32,32,3.4965075614664802,11,5.382527203839849,239.0,2.0095043636747425,5.247024072160486,0.0,1,0.6931471805599453,0.6931471805599453,1,12.100717685412471
1057,4.787491742782046,3,3.7612001156935624,8.861066543517762,1,1,0,3,0,4,0,16,2,2,4,2,7,5,2005,2005,1,1,12,13,3,5.484796933490655,4,3,2,4,3,0,2,6.492239835020471,6,0.0,6.559615237493242,1364.0,1,5,1,4,7.218176838403408,0.0,0.0,7.218176838403408,1,0.0,2,0,2,0.6931471805599453,4,6,6,1,4,1,2005.0,2,2,484,3,3,2,5.262690188904886,3.6109179126442243,0.0,0.0,0.0,0.0,0,4,1,0.0,6,2006,8,4,185850.0,7.911324018963353,3,1,1,0.6931471805599453,12,5.426417369175352,242.0,1.6428897051143534,5.43372200355424,0.0,1,0.6931471805599453,0.6931471805599453,1,12.13270055639427
1058,4.0943445622221,3,4.51085950651685,10.307585059236986,1,1,1,3,0,2,0,15,2,2,0,5,7,6,1994,1994,1,1,6,6,2,0.0,4,3,2,4,3,3,2,6.39024066706535,6,0.0,5.937536205082426,973.0,1,5,1,4,6.88653164253051,6.77078942390898,0.0,7.52294091807237,0,0.0,2,1,3,0.6931471805599453,4,7,6,1,4,3,1994.0,0,2,467,3,3,2,5.1298987149230735,4.59511985013459,0.0,0.0,0.0,0.0,0,4,1,0.0,1,2009,8,4,248000.0,7.945555428253489,3,15,15,2.772588722239781,13,5.577030769017057,233.5,2.7846441411646166,5.58724865840025,0.0,1,0.6931471805599453,0.6931471805599453,0,12.421188057397055
1059,4.0943445622221,3,4.564348191467836,9.33326571881348,1,1,0,3,0,4,0,16,2,2,0,5,9,5,2008,2008,1,1,12,13,3,5.043425116919247,5,3,2,5,3,0,2,6.842683282238422,6,0.0,5.1298987149230735,1104.0,1,5,1,4,7.029972911706386,6.961296045910167,0.0,7.688913336864796,1,0.0,2,1,3,0.6931471805599453,5,10,6,1,4,1,2008.0,0,3,836,3,3,2,0.0,4.634728988229636,0.0,0.0,0.0,0.0,0,4,1,0.0,7,2009,8,4,335000.0,8.098034756176071,4,1,1,0.6931471805599453,14,5.38632824387075,278.6666666666667,1.6443523819486854,4.634728988229636,0.0,1,0.6931471805599453,0.6931471805599453,1,12.721888795877375
1060,3.912023005428146,3,4.30406509320417,9.330343164370879,1,1,0,1,0,0,1,6,2,2,0,0,6,7,1932,1950,1,1,8,8,1,6.175867270105761,3,3,1,3,3,2,5,5.697093486505405,3,6.324358962381311,0.0,854.0,1,3,1,4,6.999422467507961,6.79794041297493,0.0,7.596392304064196,0,0.0,1,1,3,0.6931471805599453,3,7,6,1,4,5,1977.0,3,2,432,3,2,2,0.0,0.0,2.995732273553991,0.0,0.0,0.0,0,4,1,0.0,3,2007,8,4,220000.0,7.953318346560431,2,75,57,3.4339872044851463,13,5.650482155008883,216.0,1.7339508603066829,2.995732273553991,0.0,1,0.6931471805599453,0.6931471805599453,1,12.301387370778713
1061,4.787491742782046,3,3.713572066704308,8.501063809486354,1,1,3,3,0,4,0,22,2,2,4,2,8,5,2001,2001,1,1,5,5,2,0.0,4,3,2,4,3,2,2,6.424869023905388,6,0.0,6.583409222158765,1338.0,1,5,1,4,7.198931240688173,0.0,0.0,7.198931240688173,1,0.0,2,0,2,0.6931471805599453,4,6,6,0,0,1,2001.0,0,2,582,3,3,2,0.0,0.0,5.14166355650266,0.0,0.0,0.0,0,4,1,0.0,4,2010,8,4,213500.0,7.892078421248119,3,9,9,2.302585092994046,13,5.407171771460119,291.0,1.30213256879818,5.14166355650266,0.0,0,0.6931471805599453,0.6931471805599453,0,12.271396795480596
1062,3.4011973816621555,0,4.787491742782046,9.798127036878302,0,1,3,2,0,4,0,9,2,2,0,2,3,4,1935,1950,1,1,8,8,2,0.0,2,3,1,3,3,3,6,0.0,6,0.0,6.796823718274855,894.0,1,3,1,4,6.795705775173514,0.0,0.0,6.795705775173514,0,0.0,1,0,2,0.6931471805599453,3,6,6,0,0,5,1994.0,2,3,1248,3,3,2,0.0,3.044522437723423,0.0,0.0,0.0,0.0,0,4,3,6.329720905522696,8,2008,3,4,81000.0,7.488852955733459,1,73,58,2.70805020110221,7,5.003946305945459,416.0,3.0024212617047876,3.044522437723423,0.0,0,0.6931471805599453,0.6931471805599453,0,11.302216779257382
1063,5.247024072160486,4,4.442651256490317,9.517825071724143,1,0,3,3,0,4,0,17,2,2,1,5,5,5,1900,1950,1,1,13,14,2,0.0,3,3,0,3,3,3,6,0.0,6,0.0,6.4967749901858625,662.0,1,3,0,4,7.259819610363186,6.82001636467413,0.0,7.756623334538858,0,0.0,2,0,5,1.0986122886681098,3,10,3,0,0,5,1945.0,3,2,560,3,3,2,0.0,4.060443010546419,0.0,0.0,0.0,0.0,0,4,1,0.0,9,2007,8,4,90000.0,8.00603417874901,2,107,57,4.143134726391533,10,5.454038241544812,280.0,1.7612017371852853,4.060443010546419,0.0,0,0.6931471805599453,0.6931471805599453,0,11.407576060361786
1064,3.4011973816621555,4,3.912023005428146,8.699514748210191,1,1,3,3,0,4,0,17,0,2,0,2,6,6,1925,1980,1,1,8,8,2,0.0,3,4,0,3,3,3,1,5.986452005284438,6,0.0,6.561030665896573,1103.0,1,4,1,4,7.005789019253503,0.0,0.0,7.005789019253503,0,0.0,1,0,2,0.6931471805599453,4,5,6,1,4,5,1976.0,3,2,440,3,3,2,5.117993812416755,4.795790545596741,0.0,0.0,0.0,0.0,0,2,1,0.0,7,2006,8,4,110500.0,7.698936199813447,1,81,26,3.4339872044851463,12,5.396351106819402,220.0,1.6937257289566896,5.659482215759621,0.0,1,0.6931471805599453,0.6931471805599453,0,11.612779849672751
1065,2.995732273553991,3,4.290459441148391,9.305650551780507,1,1,0,3,0,1,0,12,2,2,0,2,5,6,1966,1966,1,1,9,10,1,5.303304908059076,3,3,1,3,3,2,1,6.608000625296087,5,5.442417710521793,5.220355825078324,1154.0,1,5,1,4,7.050989447068045,0.0,0.0,7.050989447068045,0,0.0,1,1,3,0.6931471805599453,3,6,6,1,1,1,1966.0,2,2,480,3,3,2,0.0,4.07753744390572,0.0,0.0,0.0,0.0,0,2,1,0.0,11,2009,8,4,154000.0,7.744136627627991,2,43,43,3.784189633918261,11,5.25922997783999,240.0,2.2546611047124627,4.07753744390572,0.0,1,0.6931471805599453,0.6931471805599453,1,11.944714374881176
1066,4.0943445622221,3,4.382026634673881,9.546812608597396,1,1,3,3,0,4,1,4,2,2,0,5,7,5,1996,1997,1,1,13,14,2,0.0,4,3,2,5,3,1,2,7.091742115095153,6,0.0,4.663439094112067,1306.0,1,5,1,4,7.174724309836376,6.86171134048073,0.0,7.723120092266331,1,0.0,2,1,3,0.6931471805599453,4,7,6,0,0,1,1996.0,2,2,533,3,3,2,5.6937321388027,3.8066624897703196,0.0,0.0,0.0,0.0,0,4,1,0.0,4,2010,8,4,328000.0,8.179199798423086,4,14,13,2.70805020110221,12,5.777209943211018,266.5,1.823692516331064,5.831882477283517,0.0,0,0.6931471805599453,0.6931471805599453,0,12.700771936142122
1067,4.0943445622221,3,4.07753744390572,8.966611387052865,1,1,0,3,0,4,0,8,2,2,0,5,6,7,1993,1994,1,1,12,13,2,0.0,4,3,2,4,3,3,6,0.0,6,0.0,6.684611727667927,799.0,1,4,1,4,6.683360945766275,6.650279048587422,0.0,7.359467638255621,0,0.0,2,1,3,0.6931471805599453,3,7,6,1,3,1,1993.0,2,2,380,3,3,2,0.0,3.713572066704308,0.0,0.0,0.0,0.0,0,4,1,0.0,5,2009,8,4,178000.0,7.7706452341291765,3,16,15,2.833213344056216,13,5.413557489200308,190.0,1.6071437487972433,3.713572066704308,0.0,1,0.6931471805599453,0.6931471805599453,0,12.08954444723597
1068,4.0943445622221,3,4.382026634673881,9.186047679407139,1,1,3,3,0,4,1,12,2,2,0,5,6,6,1964,1964,1,1,6,6,1,5.8888779583328805,3,3,1,3,3,1,2,6.51471269087253,3,4.672828834461906,0.0,780.0,1,3,1,4,6.682108597449809,6.70196036600254,0.0,7.384610383176974,1,0.0,1,1,4,0.6931471805599453,3,7,6,0,0,1,1964.0,2,2,442,3,3,2,5.796057750765372,4.859812404361672,0.0,0.0,5.247024072160486,0.0,0,4,1,0.0,6,2008,8,4,167900.0,7.779466967458324,3,44,44,3.8066624897703196,12,5.4387002341216615,221.0,1.8014372962301637,6.470799503782602,0.0,0,0.6931471805599453,0.6931471805599453,1,12.031129798974042
1069,5.075173815233827,4,3.7376696182833684,8.285008895449879,1,1,3,3,0,4,0,10,2,2,4,5,6,4,1973,1973,1,1,5,5,2,0.0,3,3,1,4,3,3,0,6.731018100482083,6,0.0,4.663439094112067,942.0,1,4,1,4,7.1631723908466425,7.115582126184454,0.0,7.83241092718792,1,0.0,2,1,5,0.6931471805599453,3,10,0,1,4,1,1973.0,0,2,576,3,3,2,6.591673732008658,3.044522437723423,0.0,0.0,0.0,0.0,0,0,1,0.0,6,2006,8,4,151400.0,8.149890544402423,4,33,33,3.5263605246161616,10,5.529825834193874,288.0,0.4525979682619588,6.618738983517219,0.0,1,0.6931471805599453,0.6931471805599453,0,11.927687224983487
1070,3.8066624897703196,3,4.0943445622221,9.169518377455928,1,1,3,3,0,4,0,12,2,2,0,1,5,7,1949,2003,1,1,8,8,2,0.0,3,3,1,3,3,3,0,5.3981627015177525,6,0.0,6.439350371100098,845.0,1,3,1,4,6.794586580876499,0.0,0.0,6.794586580876499,0,0.6931471805599453,1,0,2,0.6931471805599453,4,4,6,0,0,5,1985.0,3,2,576,3,3,2,0.0,0.0,0.0,0.0,0.0,0.0,0,4,1,0.0,5,2007,8,4,135000.0,7.460490305825338,2,58,4,3.1354942159291497,12,5.408292219756609,288.0,2.3749317965794288,0.0,0.0,0,0.6931471805599453,0.6931471805599453,0,11.813037464800539
1071,2.995732273553991,3,4.276666119016055,9.225426009394223,1,1,3,3,0,4,0,12,2,2,0,2,5,5,1956,1956,3,1,8,8,1,4.795790545596741,3,3,1,3,3,3,1,6.375024819828097,6,0.0,6.137727054086234,1048.0,1,3,1,4,6.954638864880987,0.0,0.0,6.954638864880987,1,0.0,1,0,3,0.6931471805599453,3,6,6,0,0,1,1956.0,3,1,286,3,3,2,0.0,3.044522437723423,0.0,0.0,5.262690188904886,0.0,0,4,1,0.0,6,2007,8,4,135000.0,7.647786045440933,2,51,51,3.9512437185814275,10,5.162879395652933,286.0,2.270787144513236,5.3612921657094255,0.0,0,0.6931471805599453,0.6931471805599453,1,11.813037464800539
1072,4.0943445622221,3,4.356708826689592,9.367344120785848,1,1,3,3,0,4,0,14,6,2,0,5,6,6,1968,1968,1,1,8,8,2,0.0,3,3,1,3,3,3,5,5.700443573390687,6,0.0,6.063785208687608,727.0,1,5,1,4,6.720220155135295,6.590301048196686,0.0,7.349873704738337,0,0.0,1,1,4,0.6931471805599453,3,8,6,0,0,1,1968.0,3,2,441,3,3,2,0.0,0.0,0.0,0.0,0.0,0.0,0,4,1,0.0,5,2009,8,4,154000.0,7.733245646529795,2,41,41,3.7376696182833684,12,5.270432163058501,220.5,2.0174704160475105,0.0,0.0,0,0.6931471805599453,0.6931471805599453,0,11.944714374881176
1073,3.912023005428146,3,3.912023005428146,8.933927891782632,1,1,3,3,0,4,0,7,0,2,0,0,5,3,1948,1950,1,1,8,8,2,0.0,3,3,1,2,2,2,6,0.0,6,0.0,6.698268054115413,810.0,1,2,1,0,6.90975328164481,6.12029741895095,0.0,7.283448228756631,1,0.6931471805599453,1,0,4,0.6931471805599453,3,7,6,1,3,5,1954.0,3,1,280,3,3,1,0.0,0.0,0.0,0.0,0.0,0.0,0,4,1,0.0,8,2006,8,4,91500.0,7.725771441587952,3,58,56,3.970291913552122,8,5.337538079701318,280.0,1.6504796630260012,0.0,0.0,1,0.6931471805599453,0.6931471805599453,0,11.424105180165641
1074,4.0943445622221,3,4.31748811353631,8.980927207648378,1,1,0,0,0,0,0,7,2,2,0,5,6,6,1977,1977,3,1,6,10,1,4.948759890378168,3,3,1,3,3,3,1,6.284134161070802,6,0.0,5.049856007249537,690.0,1,3,1,4,6.548219102762372,6.591673732008658,0.0,7.262628600974241,0,0.0,1,1,3,0.6931471805599453,3,6,6,0,0,1,1977.0,0,2,440,3,3,2,5.53338948872752,0.0,0.0,0.0,0.0,0.0,0,2,1,0.0,7,2009,8,4,159500.0,7.65728279297819,2,32,32,3.4965075614664802,12,5.470869131746186,220.0,1.7182986066741364,5.53338948872752,0.0,0,0.6931471805599453,0.6931471805599453,1,11.979805470779858
1075,2.995732273553991,3,4.30406509320417,9.054388070202297,1,1,3,3,0,4,0,5,2,2,0,2,7,5,2006,2006,1,1,12,13,2,0.0,4,3,2,4,3,0,6,0.0,6,0.0,7.123672785204607,1240.0,1,5,1,4,7.122866658599083,0.0,0.0,7.122866658599083,0,0.0,2,0,2,0.6931471805599453,4,5,6,0,0,1,2006.0,2,3,826,3,3,2,4.948759890378168,4.543294782270004,0.0,0.0,0.0,0.0,0,4,1,0.0,5,2007,8,4,194000.0,7.8160138391590275,2,1,1,0.6931471805599453,12,5.5134287461649825,275.3333333333333,1.9315214116032138,5.455321115357702,0.0,0,0.6931471805599453,0.6931471805599453,0,12.175618592671356
1076,4.248495242049359,3,4.31748811353631,9.482274087459825,1,1,3,3,0,4,0,6,2,2,0,5,7,6,1940,1984,1,1,13,14,2,0.0,3,3,1,3,3,3,1,6.018593214496234,6,0.0,5.968707559985366,800.0,1,3,1,4,6.866933284461882,6.660575149839686,0.0,7.461640392208575,0,0.0,1,1,3,0.6931471805599453,3,6,6,2,4,1,1940.0,3,1,240,3,3,2,0.0,0.0,0.0,0.0,0.0,0.0,0,4,1,0.0,7,2007,1,4,219500.0,7.8399193600125825,2,67,23,4.219507705176107,13,5.66988092298052,240.0,2.0206336952512496,0.0,0.0,1,0.6931471805599453,0.6931471805599453,0,12.299112067295642
1077,3.912023005428146,3,4.0943445622221,9.287301413112312,1,0,3,3,0,4,0,17,2,2,0,0,5,8,1936,1989,1,1,13,14,2,0.0,3,3,1,2,3,3,0,6.440946540632921,6,0.0,5.14166355650266,796.0,1,4,1,4,6.999422467507961,5.916202062607435,0.0,7.290292882446597,0,0.6931471805599453,2,0,3,0.6931471805599453,4,7,2,1,3,1,1950.0,3,2,566,3,3,2,6.07993319509559,3.091042453358316,0.0,0.0,0.0,0.0,0,4,3,6.2166061010848646,4,2006,8,4,170000.0,7.724004656676065,3,70,17,4.04305126783455,13,5.344382733391283,283.0,1.9970085306657142,6.126869184114185,0.0,1,0.6931471805599453,0.6931471805599453,0,12.04355959836804
1078,2.995732273553991,3,4.290459441148391,9.672185813520455,1,1,0,3,0,0,0,12,2,2,0,2,5,5,1969,1969,1,1,12,10,2,0.0,3,3,1,3,3,2,1,4.330733340286331,5,6.674561391814426,5.442417710521793,1096.0,1,5,1,4,6.999422467507961,0.0,0.0,6.999422467507961,1,0.0,1,0,3,0.6931471805599453,3,6,6,0,0,1,1969.0,0,1,299,3,3,2,5.484796933490655,3.4965075614664802,0.0,0.0,0.0,0.0,0,4,1,0.0,3,2006,8,0,138800.0,7.692569648067906,2,37,37,3.6375861597263857,10,5.207662998279906,299.0,2.672763346012494,5.60947179518496,0.0,0,0.6931471805599453,0.6931471805599453,0,11.840796531639839
1079,4.787491742782046,4,3.6109179126442243,8.39728289474368,1,1,3,3,0,4,0,5,2,2,4,2,6,5,2004,2004,1,1,12,13,1,5.135798437050262,4,3,2,4,3,2,2,6.4967749901858625,6,0.0,5.231108616854587,848.0,1,5,1,4,6.742880635791903,0.0,0.0,6.742880635791903,1,0.0,1,0,1,0.6931471805599453,4,3,6,1,4,1,2004.0,2,2,420,3,3,2,4.948759890378168,0.0,0.0,0.0,0.0,0.0,0,4,1,0.0,5,2006,8,4,155900.0,7.4360278163518485,2,2,2,1.0986122886681098,11,5.644268347123793,210.0,1.6544022589517768,4.948759890378168,0.0,1,0.6931471805599453,0.6931471805599453,1,11.956976469393481
1080,2.995732273553991,3,4.174387269895637,9.079662048334066,1,1,3,3,0,4,0,5,2,2,0,2,5,5,1994,1994,1,1,12,13,2,0.0,3,3,2,4,3,3,2,6.206575926724928,6,0.0,6.206575926724928,990.0,1,4,1,4,6.897704943128636,0.0,0.0,6.897704943128636,0,0.0,1,0,3,0.6931471805599453,3,5,6,0,0,1,1996.0,3,1,299,3,3,2,0.0,4.174387269895637,0.0,0.0,0.0,0.0,0,4,1,0.0,4,2007,8,4,126000.0,7.590852123688581,1,13,13,2.4849066497880004,10,5.288267030694535,299.0,2.1819571052054307,4.174387269895637,0.0,0,0.6931471805599453,0.6931471805599453,0,11.744045122410057
1081,2.995732273553991,3,4.382026634673881,9.309280319831087,1,1,3,3,0,4,0,14,2,2,0,2,6,7,1971,2004,1,1,12,13,1,4.976733742420574,4,4,1,3,3,3,0,6.48768401848461,6,0.0,6.401917196727186,1258.0,1,5,1,4,7.1372784372603855,0.0,0.0,7.1372784372603855,0,0.6931471805599453,2,0,3,0.6931471805599453,4,5,6,0,0,1,1971.0,2,2,528,3,3,2,4.02535169073515,0.0,0.0,5.37989735354046,0.0,0.0,0,4,1,0.0,10,2008,0,0,145000.0,7.830425617820331,3,37,4,3.6375861597263857,13,5.527840524826286,264.0,2.1720018825707004,5.605802066295998,0.0,0,0.6931471805599453,0.6931471805599453,1,11.884495917930655
1082,2.995732273553991,3,4.31748811353631,8.922658299524402,1,1,3,3,0,0,0,19,1,2,0,2,5,5,1963,1963,1,1,6,6,2,0.0,3,3,1,3,3,3,0,6.715383386334681,6,0.0,5.37989735354046,1040.0,1,2,1,4,6.946975992135418,0.0,0.0,6.946975992135418,1,0.0,1,1,3,0.6931471805599453,3,5,6,0,0,1,1963.0,0,1,308,3,3,2,0.0,0.0,5.3981627015177525,0.0,0.0,0.0,0,2,1,0.0,6,2010,8,4,133000.0,7.640123172695364,3,47,47,3.871201010907891,10,5.337538079701318,308.0,1.9756823073889835,5.3981627015177525,0.0,0,0.6931471805599453,0.6931471805599453,0,11.798111925972618
1083,2.995732273553991,3,4.248495242049359,9.076694687106265,1,1,3,3,0,4,0,5,2,2,0,2,7,5,2002,2002,1,1,12,13,1,4.61512051684126,4,3,2,4,3,3,6,0.0,6,0.0,7.286191714702382,1459.0,1,5,1,4,7.285506548522785,0.0,0.0,7.285506548522785,0,0.0,2,0,3,0.6931471805599453,4,6,6,1,4,1,2002.0,2,2,527,3,3,2,5.262690188904886,3.6888794541139363,0.0,0.0,0.0,0.0,0,4,1,0.0,9,2007,8,4,192000.0,7.978653729082731,2,5,5,1.791759469228055,12,5.493747079294731,263.5,1.791188138583479,5.44673737166631,0.0,1,0.6931471805599453,0.6931471805599453,1,12.165255859329688
1084,2.995732273553991,3,4.382026634673881,9.082507000466299,1,1,3,3,0,4,0,12,2,2,0,2,6,6,1964,1964,3,1,6,6,1,6.054439346269371,3,3,1,3,3,3,1,6.317164686747284,6,0.0,6.54965074223381,1251.0,1,3,1,4,7.1316985104669115,0.0,0.0,7.1316985104669115,1,0.0,1,0,3,0.6931471805599453,3,6,6,2,4,1,1964.0,2,1,461,3,3,2,0.0,4.762173934797756,0.0,0.0,0.0,0.0,0,2,3,6.55250788703459,3,2006,8,4,160000.0,7.824845691026856,2,42,42,3.7612001156935624,12,5.339939041238856,461.0,1.9508084899993867,4.762173934797756,0.0,1,0.6931471805599453,0.6931471805599453,1,11.982935344196433
1085,4.0943445622221,3,4.174387269895637,9.475086413144906,1,1,1,3,0,0,0,8,2,2,0,5,6,5,1995,1996,1,1,6,6,2,0.0,3,3,2,4,3,3,0,6.385194398997726,6,0.0,4.605170185988092,691.0,1,4,1,4,6.53813982376767,6.694562058521095,0.0,7.311886164077165,0,0.0,2,1,3,0.6931471805599453,3,6,6,1,3,1,1995.0,0,2,409,3,3,2,5.755742213586912,3.8066624897703196,0.0,0.0,0.0,0.0,0,4,1,0.0,7,2006,8,4,187500.0,7.691200097522863,3,11,10,2.4849066497880004,11,5.52012669484911,204.5,2.1632002490677413,5.886104031450156,0.0,1,0.6931471805599453,0.6931471805599453,0,12.141539457711714
1086,4.442651256490317,3,4.290459441148391,9.112617283447568,1,1,3,3,0,4,0,20,2,2,0,6,6,6,1992,1992,1,1,6,6,2,0.0,3,3,2,4,3,0,2,6.617402977974478,6,0.0,5.247024072160486,936.0,1,5,1,4,6.903747257584598,0.0,0.0,6.903747257584598,1,0.0,1,0,2,0.6931471805599453,4,5,6,0,0,1,1992.0,3,2,564,3,3,2,4.795790545596741,0.0,0.0,0.0,0.0,0.0,0,4,1,0.0,4,2010,8,4,147000.0,7.566311014772463,2,18,18,2.9444389791664403,12,5.294309345150498,282.0,2.2088700258629697,4.795790545596741,0.0,0,0.6931471805599453,0.6931471805599453,0,11.898194668458823
1087,5.075173815233827,4,3.044522437723423,7.587817219993427,1,1,3,3,0,4,0,10,2,2,4,5,4,5,1973,1973,1,1,5,5,2,0.0,3,3,1,3,3,3,1,5.814130531825066,6,0.0,5.3612921657094255,546.0,1,3,1,4,6.302618975744905,6.304448802421981,0.0,6.9957661563048505,0,0.0,1,1,3,0.6931471805599453,3,6,6,0,0,1,1973.0,2,1,286,3,3,2,4.795790545596741,4.574710978503383,0.0,0.0,0.0,0.0,0,4,1,0.0,5,2010,8,4,83500.0,7.401231264413015,2,37,37,3.6375861597263857,9,5.204006687076795,286.0,0.5920510636885765,5.37989735354046,0.0,0,0.6931471805599453,0.6931471805599453,0,11.332613886815139
1088,4.0943445622221,1,4.442651256490317,9.266153436795395,1,1,3,3,0,4,0,21,2,2,0,5,8,5,2005,2006,1,1,12,13,2,0.0,4,3,2,4,3,2,6,0.0,6,0.0,6.9874902470009905,1082.0,1,5,1,4,6.9865664594064265,6.77078942390898,0.0,7.577121930876679,0,0.0,2,1,3,0.6931471805599453,4,9,6,1,4,1,2005.0,2,3,1043,3,3,2,5.081404364984463,3.9318256327243257,0.0,0.0,0.0,0.0,0,4,1,0.0,5,2009,8,4,252000.0,8.017966703493599,3,4,3,1.6094379124341003,13,5.37989735354046,347.6666666666667,1.6890315059187164,5.351858133476067,0.0,1,0.6931471805599453,0.6931471805599453,0,12.437188334739655
1089,5.075173815233827,4,3.1780538303479458,7.8328075165248645,1,1,3,3,0,4,0,7,2,2,3,5,7,5,2004,2004,1,1,12,13,3,3.9318256327243257,4,3,2,4,3,3,6,0.0,6,0.0,6.878326468291325,970.0,1,5,1,4,6.877296071497429,6.606650186198215,0.0,7.443663683115591,0,0.0,2,0,3,0.6931471805599453,4,7,0,0,0,5,2004.0,3,2,380,3,3,2,0.0,3.713572066704308,0.0,0.0,0.0,0.0,0,4,1,0.0,4,2006,8,4,137500.0,7.893198869544609,2,2,2,1.0986122886681098,12,5.497753534060277,190.0,0.38914383340927394,3.713572066704308,0.0,0,0.6931471805599453,0.6931471805599453,1,11.83138646878959
1090,4.787491742782046,1,3.6109179126442243,8.106514516255185,1,2,0,3,0,4,0,21,2,2,4,2,8,5,2005,2005,1,1,8,8,2,0.0,4,3,2,4,3,3,2,6.946975992135418,6,0.0,5.342334251964811,1247.0,1,5,1,4,7.1284959456800365,0.0,0.0,7.1284959456800365,1,0.0,1,1,1,0.6931471805599453,4,4,6,1,4,1,2005.0,0,2,550,3,3,2,0.0,4.442651256490317,0.0,0.0,0.0,0.0,0,4,1,0.0,4,2006,8,4,197000.0,7.821643126239982,3,1,1,0.6931471805599453,13,5.742201584560146,275.0,0.9780185705751492,4.442651256490317,0.0,1,0.6931471805599453,0.6931471805599453,0,12.190964083849375
1091,4.499809670330265,3,4.0943445622221,9.052984561199976,1,1,3,3,0,0,0,12,2,2,2,2,3,4,1950,1950,1,1,3,3,2,0.0,3,3,3,0,0,4,4,0.0,4,0.0,0.0,0.0,5,2,0,0,6.946975992135418,0.0,0.0,6.946975992135418,0,0.0,2,0,2,1.0986122886681098,3,6,6,0,0,5,1987.0,3,2,400,3,3,2,0.0,0.0,0.0,0.0,0.0,0.0,0,4,1,0.0,6,2009,8,4,92900.0,6.946975992135418,2,59,59,3.1354942159291497,7,5.155216522907363,200.0,2.106008569064558,0.0,0.0,0,0.0,0.6931471805599453,0,11.439289689006644
1092,5.075173815233827,1,3.1780538303479458,7.67786350067821,1,2,3,3,0,4,0,21,2,2,3,5,7,5,1999,2000,1,1,8,8,1,5.3612921657094255,4,3,2,4,3,3,1,6.236369590203704,6,0.0,4.51085950651685,600.0,1,5,1,4,6.436150368369428,6.444131256700441,0.0,7.132497551660044,1,0.0,2,1,2,0.6931471805599453,4,4,6,0,0,5,1999.0,3,2,462,3,3,2,0.0,3.8918202981106265,0.0,0.0,0.0,0.0,0,4,1,0.0,3,2008,8,4,160000.0,7.524021415206125,4,9,8,2.302585092994046,12,5.746203190540153,231.0,0.5453659490181668,3.8918202981106265,0.0,0,0.6931471805599453,0.6931471805599453,1,11.982935344196433
1093,3.912023005428146,3,4.0943445622221,9.035986984831405,1,1,3,0,0,4,0,18,2,2,0,0,6,5,1925,1950,1,1,8,8,2,0.0,3,3,2,3,3,3,5,6.049733455231958,6,0.0,6.63200177739563,1181.0,1,2,1,4,7.237059026124737,5.720311776607412,0.0,7.434847875211999,0,0.0,2,0,4,0.6931471805599453,3,7,6,1,4,5,1925.0,3,2,576,3,3,2,5.8377304471659395,0.0,4.859812404361672,0.0,0.0,0.0,0,4,1,0.0,6,2008,8,4,136500.0,7.963807953231451,2,83,58,4.430816798843313,11,5.488937726156687,288.0,1.6011391096194054,6.154858094016418,0.0,1,0.6931471805599453,0.6931471805599453,0,11.824087219587643
1094,2.995732273553991,3,4.2626798770413155,9.130214327496898,1,1,3,3,0,0,0,12,1,2,0,2,5,8,1965,1998,3,1,8,8,1,5.117993812416755,3,3,1,3,3,2,2,6.495265555937008,6,0.0,5.318119993844216,864.0,1,4,1,4,7.090076835776092,0.0,0.0,7.090076835776092,1,0.0,1,1,1,0.6931471805599453,4,6,6,0,0,5,1977.0,3,2,884,3,3,2,0.0,4.174387269895637,0.0,0.0,0.0,0.0,0,2,1,0.0,10,2006,8,4,146000.0,7.6324011266014535,3,41,8,3.4011973816621555,13,5.298317366548036,442.0,2.040137491720806,4.174387269895637,0.0,0,0.6931471805599453,0.6931471805599453,1,11.891368749982085
1095,2.995732273553991,3,4.30406509320417,8.677269139262872,1,1,3,3,0,4,0,12,2,2,0,2,5,7,1956,2000,1,1,8,8,2,0.0,3,3,1,3,3,3,1,5.517452896464707,5,5.484796933490655,6.1070228877422545,936.0,1,5,1,4,6.841615476477592,0.0,0.0,6.841615476477592,1,0.0,1,0,2,0.6931471805599453,3,4,6,0,0,1,1956.0,0,1,308,3,3,2,0.0,0.0,4.394449154672439,0.0,5.081404364984463,0.0,0,4,1,0.0,5,2010,8,4,129000.0,7.534762657037537,2,54,10,4.007333185232471,12,5.455321115357702,308.0,1.8356536627852802,5.484796933490655,0.0,0,0.6931471805599453,0.6931471805599453,0,11.767575435251748
1096,2.995732273553991,3,4.356708826689592,9.139595967450425,1,1,0,3,0,4,0,5,2,2,0,2,6,5,2006,2006,1,1,12,13,2,0.0,4,3,2,4,3,3,2,3.2188758248682006,6,0.0,7.1631723908466425,1314.0,1,4,1,4,7.1808311990445555,0.0,0.0,7.1808311990445555,0,0.0,2,0,3,0.6931471805599453,4,6,6,1,4,1,2006.0,2,2,440,3,3,2,0.0,3.1354942159291497,0.0,0.0,0.0,0.0,0,4,1,0.0,3,2007,8,4,176432.0,7.873978379604501,2,1,1,0.6931471805599453,11,5.389071729816501,220.0,1.958764768405869,3.1354942159291497,0.0,1,0.6931471805599453,0.6931471805599453,0,12.080696479888447
1097,4.248495242049359,4,4.0943445622221,8.836664586357426,1,1,3,3,0,4,0,9,2,2,0,5,6,7,1914,2006,1,1,13,14,2,0.0,3,3,2,3,3,3,6,0.0,6,0.0,6.529418838262226,684.0,1,3,1,4,6.650279048587422,6.368187186350492,0.0,7.2115567333138015,0,0.0,1,1,3,0.6931471805599453,4,7,6,0,0,6,0.0,1,0,0,0,0,2,4.919980925828125,0.0,4.7535901911063645,0.0,0.0,0.0,0,4,1,0.0,3,2007,8,4,127000.0,7.620214770574455,2,93,1,7.60489448081162,13,5.265646584258488,0.0,1.6251078530436245,5.529429087511423,0.0,0,0.6931471805599453,0.0,0,11.751950239425476
1098,4.787491742782046,3,4.119037174812473,8.215006432761575,1,1,3,3,0,4,0,22,2,2,4,2,8,5,1986,1986,1,1,6,6,2,0.0,4,3,1,4,3,3,6,0.0,6,0.0,6.980075940561763,1074.0,1,5,1,4,6.992096427415888,0.0,0.0,6.992096427415888,0,0.0,1,1,2,0.6931471805599453,4,5,6,0,0,1,1987.0,2,2,461,3,3,2,0.0,4.31748811353631,4.927253685157205,0.0,0.0,0.0,0,4,1,0.0,10,2007,8,4,170000.0,7.6787889981991535,2,21,21,3.044522437723423,13,5.382658514981787,230.5,1.2229100053456867,5.356586274672012,0.0,0,0.6931471805599453,0.6931471805599453,0,12.04355959836804
1099,3.912023005428146,4,3.912023005428146,8.699514748210191,1,1,3,3,0,4,0,3,2,2,0,0,4,6,1936,1950,1,1,8,8,2,0.0,3,3,0,3,3,3,1,6.511745329644728,6,0.0,0.0,672.0,1,3,1,4,6.6293632534374485,6.342121418721152,0.0,7.188412736496954,0,0.0,1,0,3,0.6931471805599453,3,6,6,0,0,5,1936.0,3,1,240,3,3,2,0.0,0.0,0.0,0.0,0.0,0.0,0,4,1,0.0,7,2009,8,4,128000.0,7.59890045687141,1,73,59,4.30406509320417,10,5.396653267268898,240.0,1.5111020117132385,0.0,0.0,0,0.6931471805599453,0.6931471805599453,0,11.759793355371237
1100,2.995732273553991,3,4.406719247264253,9.382611592916636,1,1,0,3,0,4,0,14,6,2,0,2,7,5,1978,1978,1,1,9,10,1,5.332718793265369,3,3,1,4,3,3,0,6.558197802812269,6,0.0,6.342121418721152,1271.0,1,3,1,4,7.3783837129967145,0.0,0.0,7.3783837129967145,0,0.0,2,0,3,0.6931471805599453,3,7,6,1,3,1,1978.0,2,2,478,3,3,2,0.0,0.0,0.0,0.0,0.0,0.0,0,4,1,0.0,4,2009,0,0,157000.0,7.962763930168115,2,31,31,3.4657359027997265,12,5.432473563941401,239.0,2.004227879919921,0.0,0.0,1,0.6931471805599453,0.6931471805599453,1,11.964007453736912
1101,3.4011973816621555,3,4.0943445622221,9.035986984831405,1,1,3,0,0,4,0,18,2,2,0,2,2,5,1920,1950,1,1,13,14,2,0.0,3,3,1,3,2,3,5,5.673323267171493,6,0.0,0.0,290.0,1,3,0,1,6.082218910376446,0.0,0.0,6.082218910376446,0,0.0,1,0,1,0.6931471805599453,2,3,6,0,0,5,1930.0,3,1,246,3,3,0,0.0,0.0,0.0,0.0,0.0,0.0,0,4,1,0.0,1,2009,8,4,60000.0,6.590301048196686,1,89,59,4.382026634673881,7,4.983606621708336,246.0,2.953768074454959,0.0,0.0,0,0.6931471805599453,0.6931471805599453,0,11.002116507732017
1102,2.995732273553991,3,4.110873864173311,9.185842740375783,1,1,0,3,0,4,0,12,2,2,0,2,5,5,1971,1971,1,1,6,8,2,0.0,3,3,1,3,3,3,1,6.023447592961033,3,5.662960480135946,5.529429087511423,950.0,1,3,1,4,6.856461984594587,0.0,0.0,6.856461984594587,0,0.0,1,0,3,0.6931471805599453,3,5,6,0,0,5,1981.0,3,1,280,3,3,2,0.0,0.0,0.0,0.0,0.0,0.0,0,4,1,0.0,7,2007,8,4,119500.0,7.549609165154532,1,36,36,3.295836866004329,10,5.247024072160486,280.0,2.329380755781196,0.0,0.0,0,0.6931471805599453,0.6931471805599453,0,11.691080018519527
1103,2.995732273553991,3,4.248495242049359,8.85366542803745,1,1,3,3,0,4,0,12,2,2,0,2,5,7,1960,2002,1,1,13,14,1,3.828641396489095,3,3,1,3,3,3,5,6.3784261836515865,6,0.0,6.0473721790462776,1010.0,1,5,1,4,7.033506484287697,0.0,0.0,7.033506484287697,0,0.0,1,0,2,0.6931471805599453,3,6,6,0,0,1,1960.0,2,1,254,3,3,2,0.0,2.833213344056216,0.0,0.0,0.0,0.0,0,3,1,0.0,4,2007,8,3,135000.0,7.670428522190693,1,47,5,3.871201010907891,12,5.241747015059643,254.0,1.820158943749753,2.833213344056216,0.0,0,0.6931471805599453,0.6931471805599453,1,11.813037464800539
1104,2.995732273553991,3,4.3694478524670215,9.094929520464856,1,1,3,3,0,0,0,12,2,2,0,2,6,6,1959,1959,3,1,3,3,2,0.0,3,3,1,3,3,2,0,6.486160788944089,6,0.0,0.0,655.0,1,5,1,4,7.085064293952548,0.0,0.0,7.085064293952548,0,0.6931471805599453,1,0,3,0.6931471805599453,3,6,6,1,2,3,1954.0,0,2,539,3,3,2,0.0,0.0,5.262690188904886,0.0,0.0,0.0,0,4,1,0.0,7,2006,8,4,159500.0,7.522400231387125,2,47,47,3.970291913552122,12,5.293304824724492,269.5,2.0098652265123076,5.262690188904886,0.0,1,0.6931471805599453,0.6931471805599453,0,11.979805470779858
1105,5.075173815233827,4,3.1780538303479458,7.60887062919126,1,1,3,3,0,4,0,2,2,2,4,5,5,5,1970,1970,1,1,6,6,1,5.720311776607412,3,3,1,3,3,3,6,0.0,6,0.0,6.447305862541213,630.0,1,3,1,4,6.4457198193855785,6.511745329644728,0.0,7.171656822768514,0,0.0,2,1,3,0.6931471805599453,3,6,6,0,0,5,1970.0,3,2,440,3,3,2,0.0,0.0,0.0,0.0,0.0,0.0,0,4,1,0.0,4,2007,8,4,106000.0,7.566311014772463,3,37,37,3.6375861597263857,10,5.37989735354046,220.0,0.43721380642274466,0.0,0.0,0,0.6931471805599453,0.6931471805599453,1,11.571203807011969
1106,4.0943445622221,3,4.584967478670572,9.413770891980372,1,1,0,3,0,0,0,15,2,2,0,5,8,5,1994,1995,1,1,6,6,1,5.8944028342648505,4,3,2,5,3,0,2,6.940222469119639,6,0.0,6.068425588244111,1463.0,1,5,1,4,7.313220387090301,7.023758954738443,0.0,7.871692664323645,1,0.0,2,1,3,0.6931471805599453,4,9,6,2,3,1,1994.0,2,2,712,3,3,2,5.231108616854587,3.4965075614664802,0.0,0.0,0.0,0.0,0,4,1,0.0,4,2010,8,4,325000.0,8.315077007294104,4,16,15,2.833213344056216,13,5.674468086987425,356.0,1.5420782276567273,5.389071729816501,0.0,1,0.6931471805599453,0.6931471805599453,1,12.691583538230217
1107,2.995732273553991,3,4.736198448394496,9.24541789858888,1,1,0,3,0,0,0,20,1,2,0,2,7,5,1990,1991,3,1,6,6,2,0.0,4,3,2,4,3,2,2,6.6052979209482015,6,0.0,5.153291594497779,910.0,1,4,1,4,7.273786317844895,0.0,0.0,7.273786317844895,1,0.0,2,0,3,0.6931471805599453,4,6,6,1,3,1,1990.0,0,2,719,3,3,2,0.0,5.501258210544727,0.0,0.0,0.0,0.0,0,4,1,0.0,5,2007,8,4,179900.0,7.763021309018518,3,17,16,2.8903717578961645,12,5.482026848616839,359.5,1.9716315807439844,5.501258210544727,0.0,1,0.6931471805599453,0.6931471805599453,0,12.100161978566867
1108,4.0943445622221,3,5.123963979403259,10.054361440970256,1,1,2,1,0,1,0,8,2,2,0,5,7,5,2006,2006,1,1,12,13,2,0.0,4,3,2,5,4,3,6,0.0,6,0.0,6.767343125265392,868.0,1,5,1,4,6.787844982309579,7.034387929915503,0.0,7.611347717403621,0,0.0,2,1,3,0.6931471805599453,4,9,6,1,4,3,2006.0,2,2,422,3,3,2,0.0,4.61512051684126,0.0,0.0,0.0,0.0,0,4,1,0.0,9,2006,6,5,274725.0,7.968665700466235,3,0,0,0.0,12,5.414123140067401,211.0,2.4430137235666347,4.61512051684126,0.0,1,0.6931471805599453,0.6931471805599453,0,12.52352951631214
1109,4.0943445622221,3,4.174387269895637,8.995040974685022,1,1,3,3,0,4,0,8,2,2,0,5,6,5,2000,2000,1,1,12,13,2,0.0,3,3,2,4,3,3,6,0.0,6,0.0,6.829793737512425,924.0,1,5,1,4,6.854354502255021,6.610696044717759,0.0,7.432483807917119,0,0.0,2,1,3,0.6931471805599453,3,7,6,1,3,1,2000.0,2,2,463,3,3,2,4.61512051684126,3.8918202981106265,0.0,0.0,0.0,0.0,0,4,1,0.0,11,2007,8,0,181000.0,7.868636894184167,3,7,7,2.0794415416798357,11,5.486573658861806,231.5,1.5625571667679028,5.003946305945459,0.0,1,0.6931471805599453,0.6931471805599453,0,12.10625783509458
1110,2.995732273553991,3,4.672828834461906,9.338029733117072,1,1,0,3,0,4,0,16,2,2,0,2,8,5,2004,2005,1,1,8,8,3,3.7612001156935624,4,3,2,5,3,2,2,6.946975992135418,6,0.0,6.682108597449809,1836.0,1,5,1,4,7.515344571180436,0.0,0.0,7.515344571180436,1,0.0,2,0,3,0.6931471805599453,4,7,6,1,4,1,2004.0,0,3,862,3,3,2,4.836281906951478,5.225746673713202,0.0,0.0,0.0,0.0,0,4,1,0.0,3,2009,8,4,280000.0,8.20849175174038,3,5,4,1.791759469228055,13,5.569434422125123,287.3333333333333,1.8226851619366364,5.739792912179234,0.0,1,0.6931471805599453,0.6931471805599453,1,12.54254845357358
1111,4.0943445622221,3,4.174387269895637,8.987196820661973,1,1,3,3,0,4,0,8,2,2,0,5,6,5,1995,1996,1,1,6,6,2,0.0,3,3,2,4,3,3,2,5.393627546352362,6,0.0,6.318968113746434,773.0,1,4,1,4,6.650279048587422,6.786716950605081,0.0,7.4133673356952405,1,0.0,2,1,3,0.6931471805599453,3,8,6,1,3,1,1995.0,0,2,431,3,3,2,5.41610040220442,4.442651256490317,0.0,0.0,0.0,0.0,0,4,1,0.0,6,2008,8,4,188000.0,7.796057974316123,4,13,12,2.6390573296152584,11,5.333925794015404,215.5,1.5738294849667327,5.733341276897746,0.0,1,0.6931471805599453,0.6931471805599453,0,12.144202560946876
1112,4.0943445622221,3,4.382026634673881,9.257223957875032,1,1,3,3,0,4,0,14,2,2,0,5,7,6,1976,1976,3,1,9,10,1,6.493753839851686,3,3,1,3,3,3,0,6.0014148779611505,6,0.0,5.993961427306569,803.0,1,3,1,4,7.001245622069476,6.7650389767805414,0.0,7.582738488914411,0,0.0,2,1,4,0.6931471805599453,3,8,6,1,4,1,1976.0,2,2,483,3,3,2,0.0,4.248495242049359,0.0,0.0,0.0,0.0,0,4,1,0.0,9,2008,8,4,205000.0,7.925518979786926,3,32,32,3.4965075614664802,13,5.503296947234575,241.5,1.674485468960622,4.248495242049359,0.0,1,0.6931471805599453,0.6931471805599453,1,12.230770136157428
1113,2.995732273553991,3,4.290459441148391,8.867850063029406,1,1,0,3,0,0,0,12,2,2,0,2,5,7,1957,1957,1,1,14,15,2,0.0,3,3,1,3,3,3,2,6.5638555265321274,6,0.0,4.6913478822291435,816.0,1,3,1,0,6.704414354964107,0.0,0.0,6.704414354964107,1,0.0,1,0,2,0.6931471805599453,3,5,6,0,0,5,1957.0,3,1,308,3,3,2,0.0,0.0,0.0,0.0,0.0,0.0,0,4,1,0.0,7,2006,8,4,129900.0,7.397561535524052,2,49,49,3.912023005428146,12,5.094976442530006,308.0,2.1634357080653,0.0,0.0,0,0.6931471805599453,0.6931471805599453,0,11.774527900858468
1114,2.995732273553991,3,4.189654742026425,9.09638749190015,1,1,3,3,0,4,0,12,2,2,0,2,5,7,1953,2006,1,1,13,14,2,0.0,3,3,1,3,3,3,1,6.467698726104354,6,0.0,5.902633333401366,1008.0,1,4,1,4,6.915723448631314,0.0,0.0,6.915723448631314,1,0.0,1,0,2,0.6931471805599453,4,6,6,0,0,1,1953.0,3,1,240,3,3,2,0.0,2.9444389791664403,0.0,0.0,0.0,0.0,0,4,1,0.0,5,2007,8,4,134500.0,7.60887062919126,2,54,1,4.007333185232471,12,5.123963979403259,240.0,2.1806640432688376,2.9444389791664403,0.0,0,0.6931471805599453,0.6931471805599453,0,11.80932691294063
1115,2.995732273553991,3,4.499809670330265,8.594154232552366,1,1,3,3,0,4,0,17,2,2,0,2,5,7,1954,2000,1,1,8,8,2,0.0,3,4,1,3,3,3,5,6.030685260261263,6,0.0,6.037870919922137,833.0,1,5,1,4,6.725033642166843,0.0,0.0,6.725033642166843,0,0.0,1,0,2,0.6931471805599453,4,4,6,0,0,5,1955.0,3,1,326,3,3,2,0.0,0.0,0.0,0.0,0.0,0.0,0,2,1,0.0,8,2006,8,4,117000.0,7.418180822726788,1,52,6,3.9512437185814275,12,5.338739281046952,326.0,1.869120590385523,0.0,0.0,0,0.6931471805599453,0.6931471805599453,0,11.669937760751914
1116,2.995732273553991,3,4.532599493153256,9.399720293137584,1,1,3,3,0,4,0,16,2,2,0,2,8,5,2007,2007,3,1,12,13,3,5.796057750765372,4,3,2,5,3,3,2,6.912742820493176,6,0.0,6.594413459749778,1734.0,1,5,1,4,7.458186157340487,0.0,0.0,7.458186157340487,1,0.0,2,0,3,0.6931471805599453,5,7,6,1,4,1,2007.0,2,3,928,3,3,2,0.0,0.0,0.0,0.0,0.0,0.0,0,4,1,0.0,11,2007,6,5,318000.0,8.151333337900432,3,0,0,0.0,13,5.512276008285174,309.3333333333333,1.9415341357970963,0.0,0.0,1,0.6931471805599453,0.6931471805599453,1,12.669809806411457
1117,4.382026634673881,3,4.174387269895637,8.955448122347393,1,1,3,3,0,4,0,8,2,2,0,7,8,5,2002,2002,3,1,12,13,2,0.0,4,3,2,4,3,3,2,5.869296913133774,6,0.0,4.02535169073515,408.0,1,5,1,4,6.658011045870748,6.46302945692067,0.0,7.257707677160043,1,0.0,2,1,3,0.6931471805599453,4,7,6,1,3,3,2002.0,0,2,527,3,3,2,4.795790545596741,0.0,0.0,0.0,0.0,0.0,0,4,1,0.0,3,2009,8,4,184100.0,7.510430556378006,4,7,7,2.0794415416798357,13,5.311797528104729,263.5,1.6977404451873501,4.795790545596741,0.0,1,0.6931471805599453,0.6931471805599453,0,12.123239799036943
1118,2.995732273553991,3,4.04305126783455,9.186457431512851,1,1,0,3,0,2,0,19,1,2,0,2,5,7,1967,2003,1,1,12,13,2,0.0,3,3,1,3,3,3,1,6.555356891810665,6,0.0,5.262690188904886,894.0,1,5,1,4,6.795705775173514,0.0,0.0,6.795705775173514,1,0.0,1,0,3,0.6931471805599453,4,5,6,0,0,1,1967.0,2,2,450,3,3,2,0.0,0.0,0.0,0.0,0.0,0.0,0,4,1,0.0,5,2008,8,4,130000.0,7.488852955733459,2,41,5,3.7376696182833684,12,5.186267862739414,225.0,2.3907516563393365,0.0,0.0,0,0.6931471805599453,0.6931471805599453,0,11.775297421715827
1119,4.382026634673881,3,4.442651256490317,9.534233826390535,1,1,3,3,0,4,0,19,2,2,0,7,5,6,1958,1987,1,1,8,8,2,0.0,3,4,1,3,3,3,6,0.0,6,0.0,6.280395838960195,533.0,1,3,1,4,6.928537818164665,6.364750756851911,0.0,7.3783837129967145,0,0.6931471805599453,1,0,3,0.6931471805599453,3,6,3,0,0,3,1958.0,2,1,300,3,3,2,5.638354669333745,3.5553480614894135,0.0,0.0,0.0,0.0,0,4,1,0.0,12,2008,8,4,140000.0,7.665753431861699,2,50,21,3.9318256327243257,11,5.58662424376866,300.0,2.1558501133938206,5.752572638825633,0.0,0,0.6931471805599453,0.6931471805599453,0,11.849404844423074
1120,2.995732273553991,3,4.248495242049359,8.930626469173578,1,1,3,3,0,4,0,12,2,2,0,2,5,5,1959,1959,1,1,3,14,2,0.0,3,3,1,3,3,3,3,5.91350300563827,6,0.0,6.51025834052315,1040.0,1,3,1,0,6.946975992135418,0.0,0.0,6.946975992135418,0,0.0,1,0,3,0.6931471805599453,3,6,6,0,0,1,1959.0,2,1,286,3,3,2,4.948759890378168,0.0,5.53338948872752,0.0,0.0,0.0,0,1,1,0.0,7,2006,8,4,133700.0,7.640123172695364,1,47,47,3.871201010907891,10,5.155216522907363,286.0,1.9836504770381602,5.973809611869261,0.0,0,0.6931471805599453,0.6931471805599453,0,11.803361242493628
1121,3.4011973816621555,4,4.07753744390572,9.019542996701185,1,1,3,0,0,4,1,9,2,2,0,2,6,5,1920,1950,1,1,3,3,2,0.0,3,3,0,3,3,3,6,0.0,6,0.0,6.920671504248683,1012.0,1,3,1,0,6.919683849847411,0.0,0.0,6.919683849847411,0,0.0,1,0,2,0.6931471805599453,3,6,6,1,4,5,1920.0,3,1,308,3,3,2,0.0,3.1354942159291497,4.727387818712341,0.0,0.0,0.0,0,2,1,0.0,5,2007,8,4,118400.0,7.6128310304073565,1,87,57,4.477336814478207,11,5.127924380619356,308.0,2.0998591468537735,4.90527477843843,0.0,1,0.6931471805599453,0.6931471805599453,0,11.681832447342321
1122,2.995732273553991,3,4.430816798843313,9.218705288307811,1,1,3,3,0,4,0,5,2,2,0,2,7,5,2005,2006,1,1,12,13,1,5.2832037287379885,4,3,2,4,3,0,2,3.2188758248682006,6,0.0,7.332369205929062,1552.0,1,5,1,4,7.347299700743164,0.0,0.0,7.347299700743164,0,0.0,2,0,3,0.6931471805599453,4,7,6,0,0,1,2005.0,2,3,782,3,3,2,4.976733742420574,3.044522437723423,0.0,0.0,0.0,0.0,0,4,1,0.0,7,2006,6,5,212900.0,8.04044688130311,2,1,0,0.6931471805599453,12,5.401389551687851,260.6666666666667,1.8714055875646465,5.10594547390058,0.0,0,0.6931471805599453,0.6931471805599453,1,12.268582547911404
1123,2.995732273553991,3,4.182050142641207,9.096723645189215,1,1,0,3,0,0,0,7,2,2,0,2,4,3,1956,1956,1,1,0,0,2,0.0,3,3,1,3,3,3,6,0.0,6,0.0,6.511745329644728,672.0,1,5,1,0,6.866933284461882,0.0,0.0,6.866933284461882,0,0.0,1,0,3,0.6931471805599453,3,5,6,0,0,2,1956.0,3,1,288,3,3,2,4.174387269895637,0.0,0.0,0.0,5.081404364984463,0.0,0,2,1,0.0,10,2009,0,0,112000.0,7.397561535524052,1,53,53,3.9889840465642745,7,5.2574953720277815,288.0,2.2297903607273333,5.41610040220442,0.0,0,0.6931471805599453,0.6931471805599453,0,11.626263078808801
1124,2.995732273553991,3,3.912023005428146,9.14899674173513,1,1,3,3,0,4,0,7,2,2,0,2,5,9,1947,2008,3,1,12,13,2,0.0,3,5,1,3,3,3,6,0.0,6,0.0,6.54965074223381,698.0,1,5,1,4,6.548219102762372,0.0,0.0,6.548219102762372,0,0.6931471805599453,1,0,2,0.6931471805599453,3,4,6,0,0,6,0.0,1,0,0,0,0,2,0.0,5.303304908059076,0.0,0.0,0.0,0.0,0,4,1,0.0,6,2009,8,4,118000.0,7.241366283322318,2,62,1,7.605890001053122,14,5.161924741642482,0.0,2.600777638972758,5.303304908059076,0.0,0,0.6931471805599453,0.0,0,11.678448377988165
1125,4.382026634673881,3,4.174387269895637,9.118773178450692,1,1,0,3,0,4,0,8,2,2,0,7,7,5,1992,1992,1,1,6,6,1,5.14166355650266,3,3,2,4,3,3,6,0.0,6,0.0,5.953243334287785,384.0,1,4,1,4,6.699500340161678,6.508769136971682,0.0,7.301147805856032,0,0.0,2,1,3,0.6931471805599453,4,7,6,1,3,1,1992.0,0,2,392,3,3,2,4.61512051684126,3.258096538021482,0.0,0.0,0.0,0.0,0,4,1,0.0,7,2007,8,4,163900.0,7.531552381407289,3,15,15,2.772588722239781,12,5.3552376568007185,196.0,1.81762537259466,4.836281906951478,0.0,1,0.6931471805599453,0.6931471805599453,1,12.007017865994577
1126,2.995732273553991,3,4.0943445622221,9.252824983582338,1,1,3,3,0,4,0,12,2,2,0,2,4,5,1955,1955,1,1,9,10,2,0.0,3,3,1,3,3,3,6,0.0,6,0.0,6.913737350659685,1005.0,1,3,1,4,6.912742820493176,0.0,0.0,6.912742820493176,0,0.0,1,0,2,0.6931471805599453,2,5,6,1,3,5,1977.0,3,2,672,2,2,2,0.0,0.0,0.0,0.0,0.0,0.0,0,4,1,0.0,11,2009,8,4,115000.0,7.605890001053122,1,54,54,3.4965075614664802,9,5.303304908059076,336.0,2.340082163089162,0.0,0.0,1,0.6931471805599453,0.6931471805599453,0,11.652696102959753
1127,4.787491742782046,3,3.970291913552122,8.211754397375197,1,1,3,3,0,4,0,0,2,2,4,2,7,5,2007,2007,3,1,12,13,1,4.875197323201151,4,3,2,4,3,3,6,0.0,6,0.0,7.2254814727822945,1373.0,1,5,1,4,7.349230824613334,0.0,0.0,7.349230824613334,0,0.0,2,0,2,0.6931471805599453,4,7,6,1,3,1,2007.0,0,3,660,3,3,2,4.969813299576001,3.044522437723423,0.0,0.0,0.0,0.0,0,4,1,0.0,6,2009,8,4,174000.0,7.982074875081202,2,2,2,1.0986122886681098,12,5.403320675558021,220.0,0.862523572761863,5.099866427824199,0.0,1,0.6931471805599453,0.6931471805599453,1,12.066816325306588
1128,2.995732273553991,3,5.204006687076795,9.586857158128455,1,1,2,3,0,0,0,8,2,2,0,2,7,5,2004,2004,3,1,12,13,2,0.0,4,3,2,4,3,0,2,7.170888478512505,6,0.0,5.442417710521793,1530.0,1,5,1,4,7.333023014386481,0.0,0.0,7.333023014386481,1,0.0,2,0,3,0.6931471805599453,4,7,6,1,4,1,2004.0,0,3,630,3,3,2,4.976733742420574,3.6109179126442243,0.0,0.0,0.0,0.0,0,4,1,0.0,11,2007,8,3,259000.0,8.026170194946426,3,3,3,1.3862943611198906,12,5.387112865331168,210.0,2.2538341437419733,5.198497031265826,0.0,1,0.6931471805599453,0.6931471805599453,0,12.464587201678082
1129,4.0943445622221,3,4.07753744390572,9.375515769935166,1,1,0,3,0,4,0,8,2,2,0,5,7,5,2004,2005,1,1,12,13,2,0.0,4,3,2,4,3,0,6,0.0,6,0.0,6.742880635791903,847.0,1,5,1,4,6.741700694652055,7.014814351275545,0.0,7.580189417944541,0,0.0,2,1,4,0.6931471805599453,4,8,6,1,4,3,2004.0,0,2,434,3,3,2,4.61512051684126,3.8918202981106265,0.0,0.0,0.0,0.0,0,4,1,0.0,7,2007,8,4,215000.0,7.939515260662406,3,3,2,1.3862943611198906,12,5.500747876264705,217.0,1.7953263519906262,5.003946305945459,0.0,1,0.6931471805599453,0.6931471805599453,0,12.278397958261774
1130,4.499809670330265,4,4.0943445622221,8.881836305004146,1,0,3,3,0,4,0,17,2,2,2,6,5,5,1980,1980,1,1,8,8,1,5.198497031265826,3,3,1,4,3,1,2,6.842683282238422,6,0.0,0.0,936.0,1,3,1,4,6.841615476477592,0.0,0.0,6.841615476477592,1,0.0,1,0,2,0.6931471805599453,3,4,6,0,0,5,1980.0,3,2,672,3,3,2,3.912023005428146,0.0,0.0,0.0,0.0,0.0,0,4,1,0.0,8,2007,8,4,140000.0,7.534762657037537,2,27,27,3.332204510175204,10,5.455321115357702,336.0,2.0402208285265546,3.912023005428146,0.0,0,0.6931471805599453,0.6931471805599453,1,11.849404844423074
1131,3.912023005428146,3,4.174387269895637,8.962391701743002,1,1,3,3,0,4,0,18,2,2,0,0,4,3,1928,1950,1,1,14,10,2,0.0,3,3,0,3,3,3,1,6.434546518787453,6,0.0,6.2166061010848646,1122.0,1,3,1,4,7.191429330036379,6.483107351457199,0.0,7.591357046698551,1,0.0,2,0,4,0.6931471805599453,4,7,3,2,3,5,1981.0,3,2,576,3,3,2,6.068425588244111,3.8066624897703196,0.0,0.0,0.0,0.0,0,2,1,0.0,12,2009,8,4,135000.0,8.04012466444838,3,81,59,3.367295829986474,7,5.645446897643238,288.0,1.371034655044451,6.16541785423142,0.0,1,0.6931471805599453,0.6931471805599453,0,11.813037464800539
1132,2.995732273553991,3,4.143134726391533,9.279119887371008,1,1,3,3,0,4,0,11,2,2,0,2,5,5,1991,1992,1,1,6,6,2,0.0,3,3,2,4,3,2,1,5.3612921657094255,6,0.0,6.637258031284457,974.0,1,3,1,4,6.881411303642535,0.0,0.0,6.881411303642535,0,0.0,1,0,3,0.6931471805599453,3,5,6,0,0,6,0.0,1,0,0,0,0,2,0.0,3.367295829986474,0.0,0.0,0.0,0.0,0,2,1,0.0,9,2007,7,0,93500.0,7.5745584842024805,1,16,15,7.60489448081162,10,5.271973391208435,0.0,2.3977085837284733,3.367295829986474,0.0,0,0.6931471805599453,0.0,0,11.445727410406752
1133,4.248495242049359,4,4.499809670330265,9.20029003612268,1,1,3,3,0,4,0,17,2,2,0,5,6,4,1880,1950,1,1,13,14,2,0.0,3,3,0,3,3,2,6,0.0,6,0.0,6.9167150203536085,1008.0,2,3,1,4,7.071573364211532,6.940222469119639,0.0,7.700747794511798,0,0.0,2,0,5,0.6931471805599453,2,8,6,0,0,5,1930.0,3,1,205,2,3,0,0.0,3.8918202981106265,0.0,0.0,0.0,0.0,0,4,1,0.0,5,2007,8,4,117500.0,8.076515327552329,2,127,57,4.356708826689592,10,5.621306252831962,205.0,1.4995422416108828,3.8918202981106265,0.0,0,0.6931471805599453,0.6931471805599453,0,11.674202123168433
1134,4.0943445622221,3,4.382026634673881,9.19299073364107,1,1,0,3,0,4,0,20,2,2,0,5,8,5,1995,1995,1,1,12,13,2,0.0,4,3,2,4,3,3,2,6.371611847231857,6,0.0,6.300785794663244,1128.0,1,5,1,4,7.040536390215956,6.778784897685177,0.0,7.61085279039525,0,0.0,2,1,3,0.6931471805599453,4,8,6,1,3,1,1995.0,2,2,466,3,3,2,0.0,5.049856007249537,0.0,0.0,0.0,0.0,0,4,1,0.0,6,2009,8,4,239500.0,8.054522609537294,3,14,14,2.70805020110221,13,5.531411248715415,233.0,1.5821379432458194,5.049856007249537,0.0,1,0.6931471805599453,0.6931471805599453,0,12.386312871189734
1135,4.0943445622221,3,4.04305126783455,9.079434102128383,1,1,0,1,0,4,0,8,2,2,0,5,6,5,1997,1997,1,1,12,13,2,0.0,3,3,2,4,3,0,6,0.0,6,0.0,6.821107472256465,916.0,1,4,1,4,6.82001636467413,6.529418838262226,0.0,7.3777589082278725,0,0.0,2,1,3,0.6931471805599453,3,7,6,1,3,1,1997.0,0,2,460,3,3,2,4.61512051684126,3.6635616461296463,0.0,0.0,0.0,0.0,0,4,1,0.0,8,2007,8,4,169000.0,7.830425617820331,3,10,10,2.3978952727983707,11,5.431848759172559,230.0,1.7016751939005113,4.9344739331306915,0.0,1,0.6931471805599453,0.6931471805599453,0,12.037659911047468
1136,3.4011973816621555,4,4.0943445622221,8.729073550451737,1,1,3,3,0,0,0,3,2,2,0,2,6,5,1926,1950,1,1,13,14,2,0.0,3,3,0,3,3,3,6,0.0,6,0.0,6.8679744089702925,960.0,1,3,0,4,6.893656354602635,0.0,0.0,6.893656354602635,0,0.0,1,0,2,0.6931471805599453,3,5,6,1,4,5,1926.0,3,1,180,3,3,2,0.0,4.859812404361672,0.0,0.0,0.0,0.0,0,4,1,0.0,5,2007,8,4,102000.0,7.57353126274595,1,81,57,4.406719247264253,11,5.284218442168535,180.0,1.835417195849101,4.859812404361672,0.0,1,0.6931471805599453,0.6931471805599453,0,11.532737896139919
1137,3.912023005428146,3,4.382026634673881,9.169518377455928,1,1,3,3,0,4,0,12,2,2,0,0,6,5,1950,1950,1,1,12,13,2,0.0,3,3,1,3,3,3,1,5.638354669333745,6,0.0,6.6240652277998935,1032.0,1,3,1,0,6.939253946041508,5.3981627015177525,0.0,7.132497551660044,0,0.0,1,0,3,0.6931471805599453,3,6,6,0,0,1,1950.0,3,1,288,3,3,2,0.0,0.0,4.574710978503383,0.0,0.0,0.0,0,4,1,0.0,4,2008,8,0,119000.0,7.7336835707759,1,58,58,4.07753744390572,11,5.340738082431989,288.0,2.0370208257958837,4.574710978503383,0.0,0,0.6931471805599453,0.6931471805599453,0,11.686887175419702
1138,3.912023005428146,3,3.9889840465642745,8.754949455098293,1,1,3,3,0,4,0,19,1,2,0,0,5,8,1875,1996,1,1,12,13,2,0.0,3,4,1,3,3,3,6,0.0,6,0.0,6.660575149839686,780.0,1,4,0,4,6.659293919683638,5.484796933490655,0.0,6.927557906278317,0,0.0,1,0,2,0.6931471805599453,3,6,6,0,0,6,0.0,1,0,0,0,0,0,0.0,0.0,5.176149732573829,0.0,0.0,0.0,0,4,1,0.0,5,2010,8,4,94000.0,7.495541943884256,1,135,14,7.606387389772652,13,5.135798437050262,0.0,1.827391548819976,5.176149732573829,0.0,0,0.6931471805599453,0.0,0,11.451060699493427
1139,2.995732273553991,3,4.290459441148391,9.19207456316929,1,1,0,3,0,4,1,11,2,2,0,2,6,5,1977,1977,1,1,9,7,2,0.0,3,3,2,3,3,1,0,7.357556200910353,6,0.0,0.0,1567.0,1,3,1,4,7.356918242356021,0.0,0.0,7.356918242356021,1,0.0,2,0,2,0.6931471805599453,4,5,6,2,3,1,1977.0,2,2,714,3,3,2,5.579729825986222,3.4965075614664802,0.0,0.0,0.0,0.0,0,4,1,0.0,5,2009,8,4,196000.0,8.050065422915965,3,32,32,3.4965075614664802,11,5.74748032992192,357.0,1.8351563208132693,5.6937321388027,0.0,1,0.6931471805599453,0.6931471805599453,0,12.185875040240456
1140,3.4011973816621555,3,4.584967478670572,9.074635189810808,1,1,0,3,0,4,0,3,2,2,0,2,5,5,1920,1950,1,1,11,12,2,0.0,3,2,0,3,3,3,1,6.470799503782602,6,0.0,5.602118820879701,915.0,1,3,1,4,7.062191632286556,0.0,0.0,7.062191632286556,0,0.0,1,0,3,0.6931471805599453,3,6,0,1,4,5,1972.0,3,2,495,3,3,2,0.0,0.0,5.37989735354046,0.0,4.844187086458591,0.0,0,4,1,0.0,5,2007,8,4,144000.0,7.641084249174914,1,87,57,3.58351893845611,10,5.270432163058501,247.5,2.012443557524252,5.8377304471659395,0.0,1,0.6931471805599453,0.6931471805599453,0,11.87757552297847
1141,2.995732273553991,3,4.0943445622221,8.902455592206882,1,1,3,3,0,0,0,12,2,2,0,2,5,7,1951,1951,1,1,6,6,2,0.0,3,3,1,3,3,2,0,6.748759547491679,6,0.0,4.61512051684126,952.0,1,3,1,4,6.858565034791365,0.0,0.0,6.858565034791365,1,0.0,1,0,2,0.6931471805599453,3,4,6,0,0,5,1988.0,3,2,840,3,3,2,0.0,0.0,0.0,0.0,0.0,0.0,0,4,1,0.0,6,2008,0,0,139000.0,7.55171221535131,2,57,57,3.044522437723423,12,5.472270673671475,420.0,2.043890557415517,0.0,0.0,0,0.6931471805599453,0.6931471805599453,0,11.842236406331555
1142,4.0943445622221,3,4.382026634673881,9.240287448344136,1,1,0,3,0,1,0,14,4,2,0,5,5,7,1976,1976,1,1,9,10,1,3.8066624897703196,3,4,1,3,3,3,0,5.945420608606575,6,0.0,5.991464547107982,780.0,1,5,1,4,6.992096427415888,6.660575149839686,0.0,7.532623618788788,1,0.0,2,1,4,0.6931471805599453,4,9,6,1,3,1,1976.0,3,2,484,3,3,2,6.1070228877422545,4.574710978503383,0.0,0.0,0.0,0.0,0,4,1,0.0,10,2009,8,4,197500.0,7.881559917056899,4,33,33,3.5263605246161616,12,5.335399041452568,242.0,1.707663829555347,6.300785794663244,0.0,1,0.6931471805599453,0.6931471805599453,1,12.193498926601634
1143,4.0943445622221,3,4.343805421853684,9.206834232646894,1,1,3,3,0,4,0,5,2,2,0,5,8,5,2006,2007,3,1,12,13,3,5.831882477283517,4,3,2,5,3,1,2,7.048386408721883,6,0.0,5.75890177387728,1466.0,1,5,1,4,7.290292882446597,7.217443431696533,0.0,7.947325027016463,1,0.0,3,0,4,0.6931471805599453,4,11,6,1,3,3,2006.0,2,3,1052,3,3,2,4.836281906951478,4.976733742420574,0.0,0.0,0.0,0.0,0,4,1,0.0,4,2007,6,5,424870.0,8.364973978438726,4,1,0,0.6931471805599453,13,5.549429754218092,350.6666666666667,1.2595092056304318,5.598421958998375,0.0,1,0.6931471805599453,0.6931471805599453,1,12.959540872420414
1144,2.995732273553991,3,4.2626798770413155,9.104979856318357,1,1,3,3,0,4,0,19,2,2,0,2,5,3,1959,1959,1,1,13,10,2,0.0,3,3,1,3,3,3,2,5.666426688112432,6,0.0,6.577861357721047,1006.0,1,3,1,4,6.913737350659685,0.0,0.0,6.913737350659685,0,0.0,1,0,3,0.6931471805599453,3,5,6,0,0,6,0.0,1,0,0,0,0,2,0.0,3.2188758248682006,0.0,0.0,0.0,0.0,0,4,1,0.0,7,2008,8,4,80000.0,7.60688453121963,1,49,49,7.605392364814935,8,5.304299438225584,0.0,2.1912425056586717,3.2188758248682006,0.0,0,0.6931471805599453,0.0,0,11.289794413577894
1145,5.247024072160486,3,4.0943445622221,9.407550541263888,1,1,3,3,0,4,0,7,2,2,1,0,4,4,1941,1950,1,1,8,8,2,0.0,3,2,0,4,3,3,1,5.855071922202427,6,0.0,5.783825182329737,672.0,3,2,0,0,6.51025834052315,5.53338948872752,0.0,6.828712071641684,1,0.0,1,0,2,0.6931471805599453,2,5,6,0,0,5,1941.0,3,1,280,3,3,2,0.0,0.0,0.0,0.0,0.0,0.0,0,2,1,0.0,7,2010,8,4,80000.0,7.3752557780097545,2,69,60,4.248495242049359,8,5.2192741592075835,280.0,2.578838469622204,0.0,0.0,0,0.6931471805599453,0.6931471805599453,0,11.289794413577894
1146,3.912023005428146,4,3.9512437185814275,8.738735461363474,1,1,3,3,0,4,0,3,2,2,0,0,5,6,1928,1950,1,1,8,8,2,0.0,3,3,0,3,3,3,6,0.0,6,0.0,6.949856455000773,1042.0,1,5,1,4,6.948897222313312,6.282266746896006,0.0,7.362645270417825,0,0.0,1,0,3,0.6931471805599453,3,8,6,1,4,5,1928.0,3,1,225,3,3,2,0.0,0.0,0.0,0.0,0.0,0.0,0,4,1,0.0,8,2006,8,3,149000.0,7.870165946469845,1,78,56,4.3694478524670215,11,5.2832037287379885,225.0,1.3760901909456489,0.0,0.0,1,0.6931471805599453,0.6931471805599453,0,11.91170829631447
1147,2.995732273553991,3,4.197201947661808,9.323669057283185,1,1,3,3,0,4,0,20,2,2,0,2,6,5,1985,1985,1,1,13,15,1,4.454347296253507,4,3,1,4,3,3,2,7.138073034044347,6,0.0,3.713572066704308,1298.0,1,3,1,4,7.168579897264035,0.0,0.0,7.168579897264035,1,0.0,2,0,3,0.6931471805599453,4,5,6,1,3,1,1985.0,3,2,403,3,3,2,5.111987788356544,3.295836866004329,0.0,0.0,0.0,0.0,0,4,1,0.0,5,2006,8,4,180000.0,7.86172707782398,3,21,21,3.091042453358316,11,5.559141984829935,201.5,2.1550891600191506,5.2574953720277815,0.0,1,0.6931471805599453,0.6931471805599453,1,12.100717685412471
1148,4.248495242049359,3,4.31748811353631,9.392661928770137,1,1,3,0,0,4,0,6,2,2,0,5,7,7,1941,1950,1,1,8,8,2,0.0,3,3,1,3,3,3,5,5.62040086571715,6,0.0,6.063785208687608,704.0,1,5,1,4,6.756932389247553,6.558197802812269,0.0,7.355001921105257,0,0.0,1,1,3,0.6931471805599453,2,7,6,1,4,1,1941.0,3,1,234,3,3,2,0.0,0.0,0.0,0.0,0.0,0.0,0,4,1,0.0,7,2009,8,4,174500.0,7.7266536648476425,2,68,59,4.23410650459726,14,5.409091772049943,234.0,2.037660007664881,0.0,0.0,1,0.6931471805599453,0.6931471805599453,0,12.069685751267224
1149,3.912023005428146,4,4.0943445622221,8.648221453822641,1,1,3,3,0,4,0,17,2,2,0,0,7,7,1926,1950,1,1,13,14,2,0.0,3,3,2,3,3,3,6,0.0,6,0.0,6.35088571671474,572.0,1,3,1,4,6.349138991379798,6.29156913955832,0.0,7.01301578963963,0,0.0,1,0,2,0.6931471805599453,3,5,6,1,4,5,1982.0,3,1,288,3,3,2,0.0,0.0,5.176149732573829,0.0,0.0,0.0,0,4,1,0.0,8,2008,8,4,116900.0,7.428333194190806,1,82,58,3.295836866004329,14,5.40357787720553,288.0,1.6352056641830115,5.176149732573829,0.0,1,0.6931471805599453,0.6931471805599453,0,11.669082701743504
1150,4.248495242049359,4,3.912023005428146,9.104979856318357,1,1,3,3,0,4,0,17,0,2,0,5,7,9,1920,1988,3,1,12,13,2,0.0,3,4,2,3,3,3,0,6.437751649736401,6,0.0,3.295836866004329,650.0,1,5,1,4,6.723832440821209,6.478509642208569,0.0,7.301147805856032,0,0.6931471805599453,1,0,3,0.6931471805599453,3,7,6,0,0,5,1930.0,3,2,324,3,3,2,0.0,0.0,0.0,0.0,0.0,0.0,0,4,1,0.0,7,2009,8,4,143000.0,7.664815785285735,2,89,21,4.382026634673881,16,5.3552376568007185,162.0,1.8038320504623242,0.0,0.0,0,0.6931471805599453,0.6931471805599453,0,11.870606902224587
1151,2.995732273553991,3,4.04305126783455,9.021598247379305,1,1,0,3,0,4,0,12,2,2,0,2,6,5,1950,1950,1,1,3,3,2,0.0,3,3,1,3,3,3,6,0.0,6,0.0,6.838405200847344,932.0,1,5,1,0,6.837332814685591,0.0,0.0,6.837332814685591,0,0.0,1,0,2,0.6931471805599453,4,4,6,1,4,1,1950.0,3,1,306,3,3,2,0.0,0.0,5.3706380281276624,0.0,0.0,0.0,0,0,1,0.0,11,2007,8,4,124000.0,7.530479995245536,1,57,57,4.060443010546419,11,5.4510384535657,306.0,2.184265432693714,5.3706380281276624,0.0,1,0.6931471805599453,0.6931471805599453,0,11.728044909070785
1152,2.995732273553991,3,4.897839799950911,9.784422445377189,1,1,3,3,0,4,0,7,2,2,0,2,5,4,1959,1959,1,1,6,10,1,4.890349128221754,3,3,1,3,3,3,1,5.176149732573829,6,0.0,7.1631723908466425,1466.0,1,3,1,4,7.290292882446597,0.0,0.0,7.290292882446597,0,0.0,1,1,3,0.6931471805599453,2,6,6,2,4,1,1959.0,0,2,528,3,3,2,0.0,4.948759890378168,0.0,0.0,4.61512051684126,0.0,0,4,1,0.0,11,2006,8,4,149900.0,7.983440063006542,2,47,47,3.871201010907891,9,5.498533413218542,264.0,2.4941295629305915,5.484796933490655,0.0,1,0.6931471805599453,0.6931471805599453,1,11.917730355182513
1153,2.995732273553991,3,4.499809670330265,9.55499334068759,1,1,0,3,0,4,0,6,2,2,0,2,6,7,1956,2004,1,1,10,11,2,0.0,3,3,2,3,3,3,0,5.6937321388027,2,6.306275286948016,5.442417710521793,1073.0,1,5,1,4,7.501634457883413,0.0,0.0,7.501634457883413,0,0.0,1,0,2,0.6931471805599453,5,6,6,1,4,1,1956.0,0,2,470,3,3,2,0.0,0.0,5.638354669333745,0.0,0.0,0.0,0,4,1,0.0,7,2006,8,0,230000.0,7.96693349840484,1,50,2,3.9318256327243257,13,5.709874988655359,235.0,2.053358882804176,5.638354669333745,0.0,1,0.6931471805599453,0.6931471805599453,0,12.345838935721968
1154,3.4011973816621555,4,4.0943445622221,8.681011276645632,1,1,3,3,0,0,0,9,2,2,0,2,6,8,1930,2007,1,1,13,14,2,0.0,4,4,0,3,3,0,0,6.289715570908998,6,0.0,5.631211781821365,816.0,1,5,1,4,6.704414354964107,0.0,0.0,6.704414354964107,0,0.0,1,0,2,0.6931471805599453,3,5,6,0,0,5,2002.0,3,1,432,3,3,2,0.0,0.0,4.574710978503383,0.0,0.0,0.0,0,4,1,0.0,6,2008,8,4,120500.0,7.397561535524052,1,78,1,1.9459101490553132,14,5.094976442530006,432.0,1.9765969216815253,4.574710978503383,0.0,0,0.6931471805599453,0.6931471805599453,0,11.699413330633599
1155,4.0943445622221,3,4.290459441148391,9.525151111816216,1,1,0,3,0,4,0,12,2,2,0,5,7,6,1965,1988,1,1,12,13,3,5.666426688112432,3,3,1,3,3,1,0,6.12029741895095,6,0.0,6.018593214496234,864.0,1,3,1,4,6.804614520062624,6.823286122355687,0.0,7.506591780070841,0,0.0,1,2,4,0.6931471805599453,4,8,6,2,4,1,1965.0,3,2,492,3,3,2,4.110873864173311,4.442651256490317,0.0,0.0,5.6131281063880705,0.0,0,0,1,0.0,5,2008,8,4,201800.0,7.895063498091573,3,43,20,3.784189633918261,13,5.427150238391005,246.0,2.0185593317453754,6.035481432524756,0.0,1,0.6931471805599453,0.6931471805599453,1,12.215037342290755
1156,2.995732273553991,3,4.499809670330265,9.284334051884509,1,1,0,3,0,0,0,24,2,2,0,2,5,8,1976,2004,1,1,9,10,2,0.0,4,4,1,4,3,1,0,7.05444965813294,6,0.0,5.638354669333745,1437.0,1,3,1,4,7.270312886079025,0.0,0.0,7.270312886079025,1,0.0,2,0,3,0.6931471805599453,4,6,6,1,2,1,1976.0,2,2,528,3,3,2,0.0,3.091042453358316,0.0,0.0,5.198497031265826,0.0,0,4,1,0.0,7,2007,8,4,218000.0,7.96346006663897,3,31,3,3.4657359027997265,13,5.4785534168509695,264.0,2.014021165805484,5.308267697401205,0.0,1,0.6931471805599453,0.6931471805599453,0,12.292254928916668
1157,4.382026634673881,3,4.442651256490317,9.143131622282732,1,1,3,3,0,4,0,12,2,2,0,7,5,8,1965,1999,1,1,3,3,2,0.0,3,4,2,3,3,1,0,6.452048954437226,6,0.0,6.375024819828097,1219.0,1,4,1,4,7.142827401161621,0.0,0.0,7.142827401161621,0,0.6931471805599453,2,0,3,0.6931471805599453,4,6,6,1,4,1,1965.0,2,2,502,3,3,2,0.0,4.532599493153256,0.0,4.574710978503383,0.0,0.0,0,2,1,0.0,10,2008,8,4,179900.0,7.81762544305337,3,43,9,3.784189633918261,13,5.3510679319335654,251.0,2.000304221121112,5.241747015059643,0.0,1,0.6931471805599453,0.6931471805599453,0,12.100161978566867
1158,4.787491742782046,3,3.5263605246161616,8.517393171418904,1,1,0,3,0,4,0,16,2,2,3,2,7,5,2007,2008,1,1,12,13,3,5.117993812416755,4,3,2,4,3,3,2,6.807934943699926,6,0.0,6.018593214496234,1314.0,1,5,1,4,7.1808311990445555,0.0,0.0,7.1808311990445555,1,0.0,2,0,2,0.6931471805599453,4,6,6,1,4,1,2008.0,2,2,626,3,3,2,5.153291594497779,4.143134726391533,0.0,0.0,0.0,0.0,0,4,1,0.0,7,2009,8,4,230000.0,7.873978379604501,3,2,1,0.6931471805599453,12,5.389071729816501,313.0,1.3365619723743478,5.459585514144159,0.0,1,0.6931471805599453,0.6931471805599453,1,12.345838935721968
1159,2.995732273553991,3,4.5217885770490405,9.386979145634639,1,1,3,3,0,2,0,21,1,2,0,2,8,5,2007,2008,1,1,12,13,3,5.231108616854587,4,3,2,4,3,3,6,0.0,6,0.0,7.365812837209472,1580.0,1,5,1,4,7.365180126021013,0.0,0.0,7.365180126021013,0,0.0,2,0,3,0.6931471805599453,4,7,6,0,0,1,2008.0,2,3,830,3,3,2,0.0,3.2188758248682006,0.0,0.0,0.0,0.0,0,4,1,0.0,6,2008,3,5,235128.0,8.058327306580958,2,1,0,0.0,13,5.419269976965699,276.6666666666667,2.021799019613627,3.2188758248682006,0.0,0,0.6931471805599453,0.6931471805599453,1,12.367889578686164
1160,4.0943445622221,3,4.330733340286331,9.118225083068378,1,1,3,3,0,4,0,14,2,2,0,5,6,6,1974,1974,3,1,6,6,1,5.602118820879701,4,3,1,3,3,3,0,6.093569770045136,6,0.0,6.131226489483141,901.0,1,3,1,4,6.849066282633458,6.839476438228843,0.0,7.53689712956617,0,0.0,2,1,4,0.6931471805599453,4,8,6,1,3,1,1974.0,2,2,540,4,3,2,0.0,4.248495242049359,0.0,0.0,0.0,0.0,0,4,1,0.0,7,2008,8,4,185000.0,7.9291264873067995,3,34,34,3.5553480614894135,12,5.457455587886334,270.0,1.5813279535022071,4.248495242049359,0.0,1,0.6931471805599453,0.6931471805599453,1,12.128116509451258
1161,5.075173815233827,3,3.1780538303479458,7.731930721948486,1,1,3,3,0,4,0,13,2,2,3,5,6,5,1978,1978,1,1,9,2,2,0.0,3,3,1,4,3,3,0,5.7430031878094825,6,0.0,6.300785794663244,855.0,1,2,1,4,6.75110146893676,6.400257445308821,0.0,7.283448228756631,0,0.0,2,1,3,0.6931471805599453,3,7,6,1,3,1,1978.0,3,2,440,3,3,2,3.295836866004329,0.0,0.0,0.0,0.0,0.0,0,4,1,0.0,7,2010,8,4,146000.0,7.745435610274381,3,32,32,3.4965075614664802,11,5.337538079701318,220.0,0.4484824931918552,3.295836866004329,0.0,1,0.6931471805599453,0.6931471805599453,0,11.891368749982085
1162,2.995732273553991,3,4.30406509320417,9.600894867348593,1,1,0,2,0,1,0,6,4,2,0,2,6,7,1954,2006,3,1,6,6,1,4.290459441148391,4,3,1,3,3,3,1,6.591673732008658,6,0.0,6.343880434126331,1296.0,1,5,1,4,7.402451520818244,0.0,0.0,7.402451520818244,1,0.0,1,0,3,0.6931471805599453,4,7,6,1,4,5,1993.0,3,2,924,3,3,2,4.6913478822291435,0.0,0.0,5.37989735354046,0.0,0.0,0,4,1,0.0,11,2008,8,4,224000.0,7.984803389734406,2,54,2,2.772588722239781,13,5.456541371762931,462.0,2.198443346530349,5.783825182329737,0.0,1,0.6931471805599453,0.6931471805599453,1,12.319405795112926
1163,2.995732273553991,3,4.6913478822291435,9.07383312732152,1,1,3,3,0,4,0,19,2,2,0,2,5,5,1968,1968,1,1,12,13,2,0.0,3,3,1,4,3,3,1,6.20050917404269,6,0.0,5.998936561946683,894.0,1,4,1,4,6.795705775173514,0.0,0.0,6.795705775173514,0,0.0,1,0,3,0.6931471805599453,3,5,6,1,1,1,1968.0,0,2,450,3,3,2,0.0,0.0,0.0,0.0,0.0,0.0,0,4,1,0.0,5,2007,8,4,129000.0,7.488852955733459,1,39,39,3.6888794541139363,10,5.186267862739414,225.0,2.2781273521480054,0.0,0.0,1,0.6931471805599453,0.6931471805599453,0,11.767575435251748
1164,4.499809670330265,3,4.0943445622221,9.464982590349763,1,1,3,3,0,4,0,19,1,2,2,6,4,4,1969,1969,1,1,9,10,2,0.0,3,3,1,4,3,0,2,7.089243155027514,6,0.0,0.0,1198.0,1,3,1,4,7.1372784372603855,0.0,0.0,7.1372784372603855,2,0.0,0,2,0,1.0986122886681098,3,6,6,0,0,4,1969.0,3,2,400,2,3,2,4.795790545596741,0.0,0.0,0.0,0.0,0.0,0,4,1,0.0,1,2008,8,2,108959.0,7.806289289267033,4,39,39,3.6888794541139363,8,5.345518968032331,200.0,2.327704153089378,4.795790545596741,0.0,0,0.6931471805599453,0.6931471805599453,0,11.59873612138334
1165,4.382026634673881,3,4.219507705176107,9.69010867127683,1,1,0,3,0,2,0,24,1,2,0,7,5,7,1978,1978,1,1,9,10,2,0.0,3,3,2,4,3,1,0,6.523562306149512,5,5.971261839790462,5.66988092298052,1360.0,1,5,1,4,7.266827347520591,0.0,0.0,7.266827347520591,1,0.0,1,1,2,0.6931471805599453,4,5,6,1,3,1,1978.0,3,2,588,3,3,2,5.1298987149230735,5.198497031265826,0.0,0.0,0.0,0.0,0,4,1,0.0,6,2007,8,4,194000.0,7.934513463882263,3,29,29,3.4011973816621555,12,5.657389435086491,294.0,2.4232813237562394,5.855071922202427,0.0,1,0.6931471805599453,0.6931471805599453,0,12.175618592671356
1166,2.995732273553991,3,4.3694478524670215,9.163353580751846,1,1,0,3,0,4,0,16,2,2,0,2,7,5,2009,2009,1,1,12,13,3,5.594711379601839,4,3,2,4,3,3,6,0.0,6,0.0,7.315218389752975,1502.0,1,5,1,4,7.31455283232408,0.0,0.0,7.31455283232408,0,0.0,2,0,3,0.6931471805599453,4,7,6,0,0,1,2009.0,2,2,644,3,3,2,0.0,4.74493212836325,0.0,0.0,0.0,0.0,0,4,1,0.0,9,2009,6,5,233170.0,8.007700012884026,2,0,0,0.0,12,5.368642683268766,322.0,1.848800748427766,4.74493212836325,0.0,0,0.6931471805599453,0.6931471805599453,1,12.359527368950229
1167,2.995732273553991,3,4.1588830833596715,9.25674674479034,1,1,0,3,0,0,0,5,2,2,0,2,8,5,2008,2008,1,1,12,13,3,4.290459441148391,4,3,2,4,3,0,6,0.0,6,0.0,7.43543801981455,1694.0,1,5,1,4,7.434847875211999,0.0,0.0,7.434847875211999,0,0.0,2,0,3,0.6931471805599453,4,7,6,0,0,1,2008.0,2,3,776,3,3,2,5.081404364984463,3.5263605246161616,0.0,0.0,0.0,0.0,0,4,1,0.0,2,2010,8,4,245350.0,8.127995055771946,2,2,2,1.0986122886681098,13,5.488937726156687,258.6666666666667,1.821898869578339,5.267858159063328,0.0,0,0.6931471805599453,0.6931471805599453,1,12.41044511731981
1168,4.0943445622221,3,4.060443010546419,9.292104673778823,1,1,0,3,0,4,0,8,6,2,0,5,6,5,2000,2000,1,1,12,13,2,0.0,3,3,2,4,3,3,2,6.668228248417403,6,0.0,5.159055299214529,959.0,1,5,1,4,6.8658910748834385,6.569481420414296,0.0,7.421177528595393,1,0.0,2,1,3,0.6931471805599453,3,7,6,1,3,1,2000.0,0,2,472,3,3,2,0.0,3.6635616461296463,0.0,0.0,0.0,0.0,0,4,1,0.0,2,2006,8,4,173000.0,7.874739125171811,4,6,6,1.9459101490553132,11,5.475267379540081,236.0,1.8709271451834286,3.6635616461296463,0.0,1,0.6931471805599453,0.6931471805599453,0,12.06105265381003
1169,4.248495242049359,3,4.787491742782046,9.527192821727743,1,1,3,3,0,0,0,7,2,2,0,5,6,7,1935,1986,3,1,11,12,2,0.0,3,3,1,3,3,3,5,6.440946540632921,6,0.0,6.218600119691729,1127.0,1,5,1,4,7.119635638017636,6.771935555839602,0.0,7.653494909661253,0,0.0,2,0,4,0.6931471805599453,4,7,6,2,3,2,1935.0,3,2,540,3,3,2,0.0,0.0,0.0,0.0,4.51085950651685,0.0,0,4,1,0.0,7,2008,8,4,235000.0,8.081784206935001,2,73,22,4.30406509320417,13,5.70758476060594,270.0,1.8736979120664907,4.51085950651685,0.0,1,0.6931471805599453,0.6931471805599453,0,12.367345048436391
1170,4.0943445622221,3,4.770684624465665,10.48458522928745,1,1,0,3,0,1,0,15,2,2,0,5,10,5,1995,1996,3,1,6,6,1,7.229113877793302,4,4,2,5,3,1,2,7.23561914106675,6,0.0,6.298949246855942,1930.0,1,5,1,4,7.5126175446745105,7.493873886783559,0.0,8.196161139282902,1,0.0,3,1,4,0.6931471805599453,4,10,6,1,3,1,1995.0,0,3,807,3,3,2,5.8916442118257715,4.343805421853684,0.0,0.0,0.0,0.0,0,4,1,0.0,7,2006,8,4,625000.0,8.622813673279921,5,11,10,2.4849066497880004,15,5.893576046288857,269.0,2.2884240900045483,6.082218910376446,0.0,1,0.6931471805599453,0.6931471805599453,1,13.345508528717259
1171,4.382026634673881,3,4.330733340286331,9.198267790741914,1,1,3,3,0,4,0,11,2,2,0,7,6,6,1977,1977,1,1,9,10,2,0.0,3,3,1,3,3,0,0,6.259581464064923,6,0.0,6.354370040797351,1096.0,1,3,1,4,7.0192966537150445,0.0,0.0,7.0192966537150445,1,0.0,1,0,3,0.6931471805599453,3,6,6,1,1,1,1977.0,0,1,358,3,3,2,5.318119993844216,0.0,0.0,0.0,0.0,6.3578422665081,4,0,1,0.0,7,2008,8,4,171000.0,7.7025561132685825,2,31,31,3.4657359027997265,12,5.227537184486989,358.0,2.178971137026869,5.318119993844216,0.6931471805599453,1,0.6931471805599453,0.6931471805599453,0,12.049424683420915
1172,2.995732273553991,3,4.330733340286331,9.118225083068378,1,1,3,3,0,4,0,12,2,2,0,2,6,6,1958,1958,3,1,8,8,2,0.0,3,3,1,3,3,3,0,6.4967749901858625,6,0.0,6.396929655216146,1261.0,1,5,1,4,7.13966033596492,0.0,0.0,7.13966033596492,1,0.0,1,0,3,0.6931471805599453,3,6,6,1,3,1,1958.0,2,2,433,3,3,2,0.0,0.0,0.0,0.0,5.666426688112432,0.0,0,4,3,7.244941546337007,11,2008,8,4,163000.0,7.8328075165248645,2,50,50,3.9318256327243257,12,5.347900866736865,216.5,1.9785647471034575,5.666426688112432,0.0,1,0.6931471805599453,0.6931471805599453,0,12.001511614739405
1173,5.075173815233827,1,3.5553480614894135,8.298290634359283,1,2,0,3,0,4,0,21,2,2,4,5,7,5,2006,2007,1,1,8,8,2,0.0,4,3,2,4,3,3,6,0.0,6,0.0,6.439350371100098,625.0,1,5,1,4,6.437751649736401,6.439350371100098,0.0,7.1308988302963465,0,0.0,2,1,2,0.6931471805599453,4,5,6,0,0,5,2006.0,0,2,625,3,3,2,0.0,4.007333185232471,0.0,0.0,0.0,0.0,0,4,1,0.0,3,2008,8,4,171900.0,7.536363938404511,3,2,1,1.0986122886681098,12,5.521460917862246,312.5,1.1673918040629354,4.007333185232471,0.0,0,0.6931471805599453,0.6931471805599453,0,12.05467400868968
1174,3.912023005428146,3,4.927253685157205,9.799792316197363,1,1,0,0,0,4,0,4,2,2,0,0,5,6,1946,1994,1,1,8,8,2,0.0,3,3,1,3,3,3,5,5.030437921392435,1,6.152732694704104,6.885509670034818,1598.0,1,3,1,4,7.400009517162692,6.879355804460439,6.173786103901937,8.034631032923107,0,0.0,3,0,3,0.6931471805599453,5,12,0,1,4,6,0.0,1,0,0,0,0,2,4.812184355372417,0.0,0.0,0.0,0.0,0.0,0,2,1,0.0,3,2007,8,4,200500.0,8.344029572407049,3,61,13,7.60489448081162,11,5.549724383135106,0.0,1.765161283274257,4.812184355372417,0.0,1,0.6931471805599453,0.0,0,12.208574513247495
1175,4.248495242049359,3,4.382026634673881,9.71474542793925,1,1,0,3,0,4,0,6,2,2,0,5,6,8,1932,1950,1,1,13,14,2,0.0,3,3,0,4,3,3,5,6.222576268071369,6,0.0,6.1092475827643655,952.0,1,3,1,4,7.064759027791802,7.069874128458572,0.0,7.76004068088038,0,0.0,2,1,4,0.6931471805599453,3,9,6,1,4,5,1932.0,3,2,360,3,3,2,0.0,0.0,0.0,0.0,0.0,0.0,0,4,1,0.0,7,2006,8,4,239000.0,8.10076824307173,3,74,56,4.31748811353631,14,5.562816103544161,180.0,1.954704747058871,0.0,0.0,1,0.6931471805599453,0.6931471805599453,0,12.384223015005313
1176,3.912023005428146,3,4.442651256490317,9.275940829060131,1,1,3,3,0,4,0,15,2,2,0,0,8,5,1992,2000,3,1,6,6,1,5.823045895483019,4,3,2,4,3,3,2,6.55250788703459,6,0.0,6.891625897052253,1683.0,1,5,1,4,7.663407664893479,6.612041034833092,0.0,7.962763930168115,0,0.0,2,1,4,0.6931471805599453,4,9,6,1,3,1,1992.0,0,2,541,3,3,2,0.0,3.5263605246161616,0.0,0.0,0.0,0.0,0,4,1,0.0,4,2007,8,4,285000.0,8.423980809694058,3,15,7,2.772588722239781,13,5.765539352831896,270.5,1.3131768988920167,3.5263605246161616,0.0,1,0.6931471805599453,0.6931471805599453,1,12.560247968016562
1177,2.995732273553991,3,3.6109179126442243,8.846640813100485,1,1,0,3,0,1,0,11,2,2,0,2,5,5,1984,1985,1,1,6,10,2,0.0,3,3,1,3,3,3,0,6.490723534502507,6,0.0,5.389071729816501,876.0,1,3,1,4,6.827629234502852,0.0,0.0,6.827629234502852,1,0.0,1,0,3,0.6931471805599453,3,5,6,0,0,1,1984.0,3,1,264,3,3,2,5.8944028342648505,0.0,0.0,0.0,0.0,0.0,0,2,1,0.0,10,2008,8,4,119500.0,7.4949862339505335,2,24,23,3.2188758248682006,10,5.218191322068752,264.0,2.0190115785976337,5.8944028342648505,0.0,0,0.6931471805599453,0.6931471805599453,0,11.691080018519527
1178,3.912023005428146,4,4.0943445622221,8.281470857895167,1,0,3,0,0,4,0,17,0,2,0,0,6,8,1926,2004,1,1,8,8,2,0.0,3,3,1,3,3,3,5,6.150602768446279,6,0.0,5.860786223465865,818.0,1,3,1,4,6.706862336602747,6.008813185442595,0.0,7.1098794630722715,0,0.0,1,0,3,0.6931471805599453,3,5,6,0,0,5,1926.0,3,1,210,3,3,0,0.0,0.0,4.762173934797756,0.0,0.0,0.0,0,4,1,0.0,12,2009,8,4,115000.0,7.621684998724611,1,83,5,4.430816798843313,14,5.500441550638171,210.0,1.1715913948228962,4.762173934797756,0.0,0,0.6931471805599453,0.6931471805599453,0,11.652696102959753
1179,3.912023005428146,3,3.9889840465642745,8.946505025998682,1,1,0,3,0,2,0,6,2,2,0,0,5,6,1921,1950,1,1,13,14,2,0.0,3,3,0,3,3,3,6,0.0,6,0.0,6.595780513961311,731.0,1,5,1,4,6.709304340258298,6.261491684321042,0.0,7.202661196523238,0,0.0,1,1,3,0.6931471805599453,3,7,6,1,4,5,1921.0,3,1,186,2,3,2,5.262690188904886,0.0,4.634728988229636,0.0,0.0,0.0,0,4,1,0.0,7,2009,8,4,154900.0,7.637234388789473,2,88,59,4.48863636973214,11,5.256751047467924,186.0,1.7438438294754444,5.68697535633982,0.0,1,0.6931471805599453,0.6931471805599453,0,11.950541482162043
1180,2.995732273553991,3,4.343805421853684,9.028218795184895,1,1,3,3,0,0,0,7,2,2,0,2,5,5,1954,1954,1,1,13,14,2,0.0,3,3,3,0,0,4,4,0.0,4,0.0,0.0,0.0,1,4,1,4,7.024649030453636,0.0,0.0,7.024649030453636,0,0.0,1,0,3,0.6931471805599453,3,5,3,1,4,6,0.0,1,0,0,0,0,0,0.0,3.6109179126442243,5.25227342804663,0.0,0.0,0.0,0,4,1,0.0,4,2006,8,4,93000.0,7.024649030453636,1,52,52,7.604396348796338,10,5.415211118019536,0.0,2.003569764731258,5.424950017481403,0.0,1,0.0,0.0,0,11.440365524765756
1181,4.0943445622221,3,4.442651256490317,9.320986892063246,1,1,1,3,0,0,0,23,2,2,0,5,7,5,1990,1991,1,1,8,8,2,0.0,3,3,5,4,3,3,3,7.104144092987527,6,0.0,0.0,1216.0,1,5,1,4,7.168579897264035,7.104144092987527,0.0,7.829630389150193,0,0.0,2,1,4,0.6931471805599453,3,8,6,0,0,1,1990.0,0,2,693,3,3,2,0.0,0.0,0.0,0.0,0.0,0.0,0,0,1,0.0,4,2006,8,4,250000.0,8.224163512637862,3,16,15,2.833213344056216,12,5.750188847470357,346.5,1.4913565029130538,0.0,0.0,0,0.6931471805599453,0.6931471805599453,0,12.429220196836383
1182,4.787491742782046,4,4.1588830833596715,8.628197749459149,1,1,0,1,0,4,1,6,2,2,4,2,8,5,2008,2008,3,1,5,5,3,5.231108616854587,5,3,2,5,3,1,2,7.300472814267799,6,0.0,4.795790545596741,1600.0,1,5,1,4,7.409741954080923,0.0,0.0,7.409741954080923,1,0.6931471805599453,2,0,2,0.6931471805599453,4,5,6,1,4,1,2008.0,0,2,482,3,3,2,5.093750200806762,3.9889840465642745,0.0,5.0369526024136295,0.0,0.0,0,4,1,0.0,11,2008,6,5,392500.0,8.087025470667701,4,0,0,0.0,13,5.800304041646823,241.0,1.2184557953782253,5.910796644040527,0.0,1,0.6931471805599453,0.6931471805599453,1,12.880294363972055
1183,4.0943445622221,3,5.075173815233827,9.656499466411903,1,1,0,3,0,0,0,15,2,2,0,5,10,5,1996,1996,3,1,13,7,2,0.0,4,3,2,5,3,0,2,7.64826303090192,6,0.0,5.707110264748875,2396.0,1,5,1,4,7.787796878181171,7.633369649679584,0.0,8.406485069431817,1,0.0,3,1,4,0.6931471805599453,5,10,6,2,3,1,1996.0,0,3,813,3,3,2,5.147494476813453,4.3694478524670215,0.0,0.0,0.0,6.320768294250582,5,2,1,0.0,7,2007,8,0,745000.0,8.835210463664092,5,11,11,2.4849066497880004,15,6.10389997643777,271.0,1.2500143969800872,5.521460917862246,0.6931471805599453,1,0.6931471805599453,0.6931471805599453,0,13.521140839642674
1184,3.4011973816621555,3,4.0943445622221,9.287301413112312,1,0,3,3,0,4,0,17,2,2,0,2,5,6,1920,1950,3,1,11,12,2,0.0,3,3,0,3,3,3,5,6.71174039505618,6,0.0,5.703782474656201,1120.0,1,5,1,4,7.029972911706386,0.0,0.0,7.029972911706386,1,0.0,1,0,2,0.6931471805599453,3,5,6,1,4,5,1970.0,3,2,720,3,3,2,5.438079308923196,0.0,0.0,0.0,0.0,0.0,0,4,1,0.0,6,2006,8,4,120000.0,7.718685495198466,2,86,56,3.6109179126442243,11,5.420534999272286,360.0,2.257328501405925,5.438079308923196,0.0,1,0.6931471805599453,0.6931471805599453,0,11.695255355062795
1185,2.995732273553991,3,3.912023005428146,10.466896138710247,0,1,3,3,0,4,1,23,2,2,0,2,5,4,1963,1963,3,1,8,8,1,5.424950017481403,3,3,1,3,3,1,5,7.05617528410041,6,0.0,6.025865973825314,1572.0,1,4,1,4,7.360103972989152,0.0,0.0,7.360103972989152,1,0.0,1,1,3,0.6931471805599453,3,5,6,2,3,0,1963.0,2,3,995,3,3,2,0.0,5.575949103146316,0.0,0.0,5.575949103146316,0.0,0,4,1,0.0,5,2007,8,4,186700.0,8.053251153549096,3,44,44,3.8066624897703196,9,5.7506660605550515,331.6666666666667,3.106792165721095,6.267200548541362,0.0,1,0.6931471805599453,0.6931471805599453,1,12.137263685701864
1186,3.912023005428146,3,4.0943445622221,9.183791036742646,1,1,3,3,0,4,0,7,2,2,0,0,5,7,1924,1950,1,1,0,0,2,0.0,3,4,0,3,3,3,1,5.973809611869261,6,0.0,5.973809611869261,784.0,1,4,1,4,6.855408798609928,5.60947179518496,0.0,7.107425474110705,1,0.0,1,0,4,0.6931471805599453,3,7,6,0,0,1,1965.0,3,1,392,3,3,2,0.0,0.0,5.4680601411351315,0.0,0.0,0.0,0,4,1,0.0,3,2006,8,4,104900.0,7.60339933974067,2,82,56,3.7376696182833684,12,5.161515325055391,392.0,2.0763655626319415,5.4680601411351315,0.0,0,0.6931471805599453,0.6931471805599453,0,11.560772327227417
1187,5.247024072160486,3,4.672828834461906,9.270023374137356,1,1,0,0,0,0,1,17,0,0,1,5,3,5,1900,1970,1,1,6,6,2,0.0,3,3,1,2,3,2,1,6.089044875446846,6,0.0,6.289715570908998,978.0,1,3,1,4,6.921658184151129,6.530877627725885,0.0,7.4377951216719325,1,0.0,2,0,3,1.0986122886681098,3,7,6,0,0,4,1920.0,3,2,420,2,2,2,0.0,4.31748811353631,0.0,0.0,0.0,0.0,0,4,1,0.0,8,2009,8,0,95000.0,7.892452043520352,3,109,39,4.499809670330265,8,5.491884972616619,210.0,1.8322282524654245,4.31748811353631,0.0,0,0.6931471805599453,0.6931471805599453,0,11.461642696843066
1188,2.995732273553991,3,4.48863636973214,9.430359045942868,1,1,3,3,0,0,0,15,2,2,0,2,8,5,1994,1995,1,1,7,7,2,0.0,4,3,2,4,3,3,2,7.284134806195205,6,0.0,5.1298987149230735,1624.0,1,5,1,4,7.392647520721623,0.0,0.0,7.392647520721623,1,0.0,2,0,2,0.6931471805599453,4,5,6,1,2,1,1994.0,2,3,757,3,3,2,0.0,4.74493212836325,5.262690188904886,0.0,0.0,0.0,0,0,1,0.0,7,2006,8,4,262000.0,8.085794701281568,3,12,11,2.5649493574615367,13,5.783209608287523,252.33333333333334,2.0377115252212445,5.726847747587197,0.0,1,0.6931471805599453,0.6931471805599453,0,12.476103599529843
1189,4.0943445622221,3,4.219507705176107,9.097731427593528,1,1,0,3,0,4,0,5,2,2,0,5,7,5,2002,2002,1,1,12,13,1,4.564348191467836,4,3,2,4,3,3,6,0.0,6,0.0,6.723832440821209,831.0,1,5,1,4,6.7226297948554485,6.721425700790643,0.0,7.414572881350589,0,0.0,2,1,3,0.6931471805599453,4,7,6,0,0,1,2002.0,2,2,493,3,3,2,4.976733742420574,4.23410650459726,0.0,0.0,0.0,0.0,0,4,1,0.0,7,2009,8,4,195000.0,7.820439515262181,3,7,7,2.0794415416798357,12,5.468662732295275,246.5,1.6831585462429395,5.3612921657094255,0.0,0,0.6931471805599453,0.6931471805599453,1,12.180759965737863
1190,4.0943445622221,3,4.0943445622221,8.922658299524402,1,1,3,3,0,4,0,8,2,2,0,5,7,5,1999,1999,1,1,12,13,2,0.0,3,3,2,3,3,3,6,0.0,6,0.0,6.902742737158593,994.0,1,4,1,4,6.93537044601511,6.655440350367647,0.0,7.4977617006225685,0,0.0,2,1,3,0.6931471805599453,4,7,6,1,3,1,1999.0,0,2,442,3,3,2,4.948759890378168,4.110873864173311,0.0,0.0,0.0,0.0,0,4,1,0.0,6,2010,8,4,189000.0,7.936660155225426,3,11,11,2.4849066497880004,12,5.551851551567256,221.0,1.4248965989018327,5.303304908059076,0.0,1,0.6931471805599453,0.6931471805599453,0,12.149507585033072
1191,5.247024072160486,3,4.290459441148391,10.387856258239758,1,1,3,2,0,4,1,11,2,2,1,2,4,4,1961,1975,1,1,8,8,3,5.0106352940962555,3,4,1,3,3,0,1,7.05617528410041,6,0.0,4.51085950651685,1249.0,1,5,1,4,7.3914152346753585,0.0,0.0,7.3914152346753585,1,0.0,1,0,3,0.6931471805599453,3,7,6,1,3,0,1975.0,0,4,1356,3,3,2,6.0867747269123065,0.0,0.0,0.0,0.0,0.0,0,4,1,0.0,3,2007,8,4,168000.0,7.962415680121064,2,46,32,3.4965075614664802,8,5.445505085620045,339.0,2.9964410235644,6.0867747269123065,0.0,1,0.6931471805599453,0.6931471805599453,1,12.031725210748633
1192,5.075173815233827,1,3.1780538303479458,7.8804263442924,1,2,3,3,0,4,0,21,2,2,3,5,8,5,1999,2000,1,1,8,8,1,6.124683390894205,4,3,2,4,3,3,6,0.0,6,0.0,6.655440350367647,776.0,1,5,1,4,6.638567789166521,6.519147287940395,0.0,7.273092595999522,0,0.0,2,1,2,0.6931471805599453,4,5,6,0,0,5,1999.0,3,2,492,3,3,2,5.332718793265369,0.0,0.0,0.0,0.0,0.0,0,4,1,0.0,11,2007,8,4,174000.0,7.7039102096163115,3,8,7,2.1972245773362196,13,5.663654683565421,246.0,0.6073337482928777,5.332718793265369,0.0,0,0.6931471805599453,0.6931471805599453,1,12.066816325306588
1193,3.912023005428146,4,4.0943445622221,9.169518377455928,1,0,3,3,0,4,0,17,2,2,0,0,5,8,1925,1994,2,1,12,13,2,0.0,3,3,2,3,3,2,6,0.0,6,0.0,6.555356891810665,702.0,1,4,1,4,6.7357800142423265,6.447305862541213,0.0,7.294377299288821,0,0.0,1,0,3,0.6931471805599453,4,6,6,0,0,5,1925.0,3,1,250,3,2,1,0.0,0.0,4.442651256490317,0.0,0.0,0.0,0,1,1,0.0,7,2007,8,4,125000.0,7.684324067681155,1,82,13,4.418840607796598,13,5.502617830060767,250.0,1.875141078167106,4.442651256490317,0.0,0,0.6931471805599453,0.6931471805599453,0,11.736077016252437
1194,4.787491742782046,4,4.290459441148391,8.411832675758411,1,1,3,3,0,2,0,11,2,2,4,2,6,5,1999,1999,3,1,12,13,1,6.054439346269371,3,3,2,5,3,3,2,6.784457062637643,6,0.0,5.834810737062605,1224.0,1,5,1,4,7.1098794630722715,0.0,0.0,7.1098794630722715,1,0.0,2,0,2,0.6931471805599453,3,5,6,0,0,1,1999.0,0,2,402,3,3,2,0.0,5.720311776607412,0.0,0.0,0.0,0.0,0,4,1,0.0,6,2009,8,4,165000.0,7.803026643632217,3,10,10,2.3978952727983707,11,5.500441550638171,201.0,1.3019532126861397,5.720311776607412,0.0,0,0.6931471805599453,0.6931471805599453,1,12.013706813470414
1195,4.0943445622221,3,4.382026634673881,9.144627828610801,1,1,3,3,0,0,0,19,2,2,0,5,6,7,1969,1969,1,1,6,6,3,4.969813299576001,3,3,1,3,3,3,0,5.918893854273146,6,0.0,5.680172609017068,663.0,1,3,1,4,6.4967749901858625,6.536691597591305,0.0,7.20934025660291,0,0.0,1,1,4,0.6931471805599453,3,7,6,0,0,1,1969.0,0,1,299,3,3,2,5.940171252720432,3.6109179126442243,0.0,0.0,0.0,0.0,0,2,1,0.0,3,2010,8,4,158000.0,7.608374474380783,2,41,41,3.7376696182833684,13,5.263430107547596,299.0,1.9352875720078921,6.030685260261263,0.0,0,0.6931471805599453,0.6931471805599453,1,11.970356641102999
1196,4.0943445622221,3,3.9318256327243257,8.990815266184685,1,1,0,3,0,4,0,8,2,2,0,5,6,5,2005,2005,1,1,12,13,2,0.0,3,3,2,4,3,3,6,0.0,6,0.0,6.591673732008658,728.0,1,5,1,4,6.590301048196686,6.591673732008658,0.0,7.283448228756631,0,0.0,2,1,3,0.6931471805599453,4,8,6,0,0,1,2005.0,0,2,400,3,3,2,4.61512051684126,3.2188758248682006,0.0,0.0,0.0,0.0,0,4,1,0.0,7,2008,8,4,176000.0,7.688913336864796,3,3,3,1.3862943611198906,11,5.204006687076795,200.0,1.7073670374280527,4.8283137373023015,0.0,0,0.6931471805599453,0.6931471805599453,0,12.07824495582233
1197,4.0943445622221,3,4.060443010546419,9.550662331752143,1,1,0,3,0,4,0,8,2,2,0,5,7,5,2006,2006,1,1,12,13,2,0.0,4,3,2,4,3,0,6,0.0,6,0.0,6.779921907472252,879.0,1,5,1,4,6.778784897685177,6.892641641172089,0.0,7.529943370601589,0,0.0,2,1,4,0.6931471805599453,4,9,6,1,4,3,2006.0,0,3,660,3,3,2,4.61512051684126,2.8903717578961645,0.0,0.0,0.0,0.0,0,4,1,0.0,11,2006,6,5,219210.0,7.91644286012226,3,0,0,0.0,12,5.332718793265369,220.0,2.0207189611505547,4.770684624465665,0.0,1,0.6931471805599453,0.6931471805599453,0,12.29779001527865
1198,4.31748811353631,4,4.174387269895637,9.088172738001974,1,1,0,0,0,0,0,17,2,2,0,4,7,6,1916,1950,1,1,8,8,2,0.0,3,3,0,3,3,3,6,0.0,6,0.0,6.704414354964107,815.0,1,5,1,4,6.703188113240863,6.775366090936392,0.0,7.432483807917119,0,0.0,1,0,3,0.6931471805599453,3,7,6,1,4,5,1916.0,3,1,225,3,3,2,0.0,0.0,5.802118375377063,0.0,0.0,0.0,0,4,1,0.0,7,2006,5,4,144000.0,7.826044013518965,1,90,56,4.51085950651685,13,5.486573658861806,225.0,1.655688930084856,5.802118375377063,0.0,1,0.6931471805599453,0.6931471805599453,0,11.87757552297847
1199,2.995732273553991,3,4.248495242049359,9.116029692504942,1,1,3,3,0,4,0,5,2,2,0,2,7,5,2001,2001,1,1,12,13,2,0.0,4,3,2,4,3,3,6,0.0,6,0.0,7.10085190894405,1212.0,1,5,1,4,7.10002716662926,0.0,0.0,7.10002716662926,0,0.0,2,0,3,0.6931471805599453,4,6,6,0,0,1,2001.0,2,2,573,3,3,2,5.877735781779639,0.0,0.0,0.0,0.0,0.0,0,4,1,0.0,6,2009,8,4,178000.0,7.793174347189205,2,8,8,2.1972245773362196,12,5.308267697401205,286.5,2.0160025258756815,5.877735781779639,0.0,0,0.6931471805599453,0.6931471805599453,0,12.08954444723597
1200,2.995732273553991,3,4.31748811353631,9.326789184619429,1,1,3,3,0,4,0,19,2,2,0,2,4,5,1963,1979,1,1,6,6,1,3.9512437185814275,3,3,1,3,3,3,5,6.306275286948016,6,0.0,6.22455842927536,1051.0,1,4,1,4,7.231287004327616,0.0,0.0,7.231287004327616,0,0.0,1,1,3,0.6931471805599453,3,6,6,1,1,1,1974.0,3,2,459,3,3,2,0.0,4.418840607796598,0.0,0.0,0.0,0.0,0,4,1,0.0,10,2006,8,4,148000.0,7.796880342783522,2,43,27,3.4965075614664802,9,5.43952753509956,229.5,2.095502180291814,4.418840607796598,0.0,1,0.6931471805599453,0.6931471805599453,1,11.904974309480183
1201,2.995732273553991,3,4.2626798770413155,9.143452426434552,1,1,3,3,0,4,0,12,2,2,0,2,4,5,1970,1970,1,1,8,8,2,0.0,3,3,1,3,3,3,6,0.0,6,0.0,6.762729506931879,864.0,1,4,1,4,6.761572768804055,0.0,0.0,6.761572768804055,0,0.0,1,0,3,0.6931471805599453,3,5,6,0,0,1,1972.0,3,1,280,3,3,2,0.0,0.0,0.0,0.0,0.0,0.0,0,4,3,0.0,7,2006,7,0,116050.0,7.454719949364001,1,36,36,3.5553480614894135,9,5.152134856369956,280.0,2.3818796576304955,0.0,0.0,0,0.6931471805599453,0.6931471805599453,0,11.6617850286409
1202,4.0943445622221,3,4.382026634673881,9.249561085129464,1,1,3,3,0,0,0,5,2,2,0,5,7,5,1998,1998,1,1,12,13,2,0.0,3,3,2,4,3,0,6,0.0,6,0.0,6.7650389767805414,866.0,1,5,1,4,6.763884908562435,6.81783057145415,0.0,7.483806687665835,0,0.0,2,1,3,0.6931471805599453,4,6,6,0,0,1,1998.0,2,2,546,3,3,2,5.293304824724492,3.6109179126442243,0.0,0.0,0.0,0.0,0,4,1,0.0,3,2009,8,4,197900.0,7.8804263442924,3,11,11,2.4849066497880004,12,5.69204721843778,273.0,1.7657543974636287,5.459585514144159,0.0,0,0.6931471805599453,0.6931471805599453,0,12.19552218463499
1203,3.912023005428146,4,3.912023005428146,8.699514748210191,1,1,3,3,0,0,0,3,2,2,0,0,5,8,1925,1997,1,1,13,14,2,0.0,3,3,0,3,3,3,6,0.0,6,0.0,6.785587645007929,884.0,1,5,1,4,6.784457062637643,6.142037405587356,0.0,7.206377291472252,1,0.0,1,0,3,0.6931471805599453,3,5,6,1,2,5,1960.0,3,1,216,3,3,0,0.0,0.0,5.342334251964811,0.0,0.0,0.0,0,4,1,0.0,5,2009,8,4,117000.0,7.710653323501202,2,84,12,3.912023005428146,13,5.596939379038152,216.0,1.4931374567379396,5.342334251964811,0.0,1,0.6931471805599453,0.6931471805599453,0,11.669937760751914
1204,2.995732273553991,3,4.31748811353631,9.185022563991893,1,1,3,3,0,4,0,5,2,2,0,2,7,5,2000,2001,1,1,12,13,1,5.147494476813453,4,3,2,4,3,3,6,0.0,6,0.0,7.396948602621014,1630.0,1,5,1,4,7.396335293800808,0.0,0.0,7.396335293800808,0,0.0,2,0,3,0.6931471805599453,4,6,6,1,3,1,2000.0,3,2,451,3,3,2,4.31748811353631,5.459585514144159,0.0,0.0,0.0,0.0,0,4,1,0.0,10,2009,8,4,213000.0,8.089482474360754,2,9,8,2.302585092994046,12,5.604575824572753,225.5,1.7886872701910848,5.733341276897746,0.0,1,0.6931471805599453,0.6931471805599453,1,12.269052139516223
1205,2.995732273553991,3,4.356708826689592,9.224243277145174,1,1,3,3,0,4,0,14,2,2,0,2,5,6,1975,1975,1,1,6,6,2,0.0,3,3,1,4,3,3,0,6.670766320845874,6,0.0,5.594711379601839,1056.0,1,5,1,4,6.97914527506881,0.0,0.0,6.97914527506881,1,0.0,1,1,3,0.6931471805599453,3,6,6,0,0,1,1975.0,2,2,495,3,3,2,0.0,4.48863636973214,0.0,0.0,0.0,0.0,0,2,1,0.0,7,2006,8,4,153500.0,7.6638772587034705,3,31,31,3.4657359027997265,11,5.187385805840755,247.5,2.245098002076364,4.48863636973214,0.0,0,0.6931471805599453,0.6931471805599453,0,11.941462360646149
1206,2.995732273553991,3,4.499809670330265,9.594513744616725,1,1,0,3,0,1,0,20,2,2,0,2,7,7,1990,1991,3,1,6,6,1,5.459585514144159,4,3,1,4,3,2,0,6.186208623900494,1,5.181783550292085,7.311218384419629,2158.0,1,4,1,4,7.694392802629421,0.0,0.0,7.694392802629421,0,0.0,2,0,3,0.6931471805599453,4,7,6,1,3,1,1990.0,2,3,701,3,3,2,4.442651256490317,4.2626798770413155,0.0,0.0,0.0,0.0,0,4,1,0.0,6,2009,8,4,271900.0,8.378850241794492,2,19,18,2.995732273553991,14,5.748482653574108,233.66666666666666,1.9001209419873037,5.043425116919247,0.0,1,0.6931471805599453,0.6931471805599453,1,12.513193308436527
1207,2.995732273553991,2,4.197201947661808,9.093806555720231,1,1,3,3,0,4,0,20,2,2,0,2,4,4,1966,1966,1,1,6,6,2,0.0,3,3,1,3,3,3,5,6.963189985870238,6,0.0,0.0,1056.0,1,3,1,4,6.962243464266207,0.0,0.0,6.962243464266207,1,0.0,1,0,2,0.6931471805599453,3,5,6,0,0,5,1966.0,3,1,384,3,3,2,0.0,3.7612001156935624,0.0,0.0,0.0,0.0,0,2,1,0.0,11,2006,8,4,107000.0,7.655390644826152,2,40,40,3.713572066704308,8,5.352805551832106,384.0,2.1315630914540242,3.7612001156935624,0.0,0,0.6931471805599453,0.6931471805599453,0,11.580593459194764
1208,2.995732273553991,3,4.248495242049359,9.119868468812108,1,1,3,3,0,4,0,5,2,2,0,2,6,5,2003,2003,1,1,12,13,1,4.795790545596741,4,3,2,4,3,0,2,5.831882477283517,6,0.0,7.202661196523238,1682.0,1,5,1,4,7.438383530044307,0.0,0.0,7.438383530044307,1,0.0,2,0,3,0.6931471805599453,4,7,6,0,0,1,2003.0,2,2,544,3,3,2,5.262690188904886,3.1780538303479458,0.0,0.0,0.0,0.0,0,4,1,0.0,5,2006,8,4,200000.0,8.126222529458525,3,3,3,1.3862943611198906,11,5.4924733809889945,272.0,1.6814849387677995,5.375278407684165,0.0,0,0.6931471805599453,0.6931471805599453,1,12.206077645517674
1209,2.995732273553991,3,4.248495242049359,8.95712413640568,1,1,3,3,0,4,0,12,2,2,0,2,5,7,1962,1980,1,1,8,8,2,0.0,3,4,1,3,3,3,5,6.22455842927536,1,4.6913478822291435,5.768320995793772,931.0,1,3,1,4,7.1569563646156364,0.0,0.0,7.1569563646156364,1,0.0,1,0,3,0.6931471805599453,3,6,6,0,0,5,1980.0,3,2,506,3,3,2,0.0,0.0,0.0,0.0,0.0,0.0,0,4,1,0.0,10,2008,8,4,140000.0,7.7025561132685825,2,46,28,3.367295829986474,12,5.365196895387581,253.0,1.800167771790044,0.0,0.0,0,0.6931471805599453,0.6931471805599453,0,11.849404844423074
1210,2.995732273553991,3,4.442651256490317,9.228376734462282,1,1,0,3,0,1,0,21,8,2,0,2,8,5,2006,2006,3,1,12,13,3,6.042632833682381,4,3,2,5,3,2,2,7.107425474110705,6,0.0,6.089044875446846,1660.0,1,5,1,4,7.414572881350589,0.0,0.0,7.414572881350589,1,0.0,2,0,3,0.6931471805599453,4,8,6,1,4,1,2006.0,2,2,500,3,3,2,5.777652323222656,3.9318256327243257,0.0,0.0,0.0,0.0,0,4,1,0.0,5,2006,6,5,290000.0,8.107720061910534,3,0,0,0.0,13,5.335131339670753,250.0,1.8138038531116925,5.921578419643816,0.0,1,0.6931471805599453,0.6931471805599453,1,12.577639650232573
1211,4.0943445622221,3,4.248495242049359,9.325274910068282,1,1,3,3,0,4,0,20,2,2,0,5,6,5,1992,1992,1,1,13,14,2,0.0,4,3,2,4,3,3,6,0.0,6,0.0,6.962243464266207,1055.0,1,5,1,4,6.961296045910167,6.673297967767654,0.0,7.520234556474628,0,0.0,2,1,3,0.6931471805599453,4,8,6,1,3,1,1992.0,2,2,462,3,3,2,6.455198563340122,4.653960350157523,0.0,0.0,0.0,0.0,0,0,3,5.993961427306569,5,2010,8,4,189000.0,7.9724660159745655,3,18,18,2.9444389791664403,11,5.440793014794791,231.0,1.8050403535936548,6.606650186198215,0.0,1,0.6931471805599453,0.6931471805599453,0,12.149507585033072
1212,3.912023005428146,3,5.0238805208462765,9.403766708502243,1,1,0,0,0,4,1,8,2,2,0,0,8,7,1988,2005,1,1,13,14,2,0.0,4,3,5,4,3,0,2,6.059123195581797,6,0.0,4.890349128221754,559.0,1,4,1,4,6.984716320118266,6.511745329644728,0.0,7.468513271496337,0,0.0,2,0,4,0.6931471805599453,3,8,6,0,0,2,1988.0,2,2,492,3,3,2,5.786897381366708,2.5649493574615367,0.0,0.0,0.0,0.0,0,4,1,0.0,6,2010,8,4,164000.0,7.745435610274381,2,22,5,3.1354942159291497,15,5.389071729816501,246.0,1.9352534370059065,5.823045895483019,0.0,0,0.6931471805599453,0.6931471805599453,0,12.00762780434872
1213,3.4011973816621555,3,3.912023005428146,9.142061531222888,1,1,3,3,0,4,0,7,2,2,0,2,4,6,1941,1950,3,1,8,8,2,0.0,3,3,1,3,3,3,5,5.84354441703136,6,0.0,5.796057750765372,672.0,1,3,1,4,6.51025834052315,0.0,0.0,6.51025834052315,1,0.0,1,0,2,0.6931471805599453,3,4,6,0,0,1,1941.0,3,1,234,3,3,0,0.0,4.736198448394496,0.0,0.0,0.0,0.0,0,4,1,0.0,8,2009,8,4,113000.0,7.203405521083095,2,68,59,4.23410650459726,10,5.123963979403259,234.0,2.631803190699739,4.736198448394496,0.0,0,0.6931471805599453,0.6931471805599453,0,11.635151947212842
1214,4.382026634673881,3,4.2626798770413155,9.234642664499148,1,1,0,3,0,1,0,19,2,2,0,7,4,9,1965,2001,1,1,12,13,2,0.0,3,4,1,3,4,0,2,6.47543271670409,6,0.0,0.0,648.0,1,5,1,4,6.866933284461882,0.0,0.0,6.866933284461882,1,0.6931471805599453,0,0,0,0.6931471805599453,3,3,6,0,0,1,1965.0,3,1,364,3,3,2,4.48863636973214,0.0,0.0,0.0,0.0,0.0,0,4,1,0.0,5,2006,8,4,145000.0,7.382746449738912,2,41,5,3.7376696182833684,13,5.768320995793772,364.0,2.3677093800372657,4.48863636973214,0.0,0,0.6931471805599453,0.6931471805599453,0,11.884495917930655
1215,4.442651256490317,3,4.23410650459726,9.230633075243945,1,1,0,3,0,4,0,12,2,2,0,6,5,5,1962,1962,1,1,8,8,2,0.0,3,3,1,3,3,0,1,6.665683717782408,6,0.0,4.955827057601261,925.0,1,3,1,4,6.906754778648554,0.0,0.0,6.906754778648554,1,0.0,1,0,3,0.6931471805599453,3,6,6,0,0,1,1962.0,3,1,300,3,3,2,5.017279836814924,4.290459441148391,0.0,0.0,0.0,0.0,0,4,1,0.0,5,2006,8,4,134500.0,7.562161631225652,2,44,44,3.8066624897703196,10,5.1149953094204985,300.0,2.3238782965953915,5.407171771460119,0.0,0,0.6931471805599453,0.6931471805599453,0,11.80932691294063
1216,2.995732273553991,3,4.59511985013459,8.867004635333567,1,1,0,3,0,4,0,19,2,2,0,2,5,5,1966,1966,1,1,12,13,2,0.0,3,3,1,3,3,3,5,5.198497031265826,3,5.926926025970411,5.831882477283517,894.0,1,3,1,4,6.795705775173514,0.0,0.0,6.795705775173514,0,0.0,1,0,3,0.6931471805599453,3,5,6,0,0,5,1966.0,2,1,384,3,3,2,0.0,0.0,0.0,0.0,0.0,0.0,0,2,1,0.0,5,2007,8,4,125000.0,7.488852955733459,1,41,41,3.7376696182833684,10,5.186267862739414,384.0,2.071298860160053,0.0,0.0,0,0.6931471805599453,0.6931471805599453,0,11.736077016252437
1217,4.499809670330265,4,4.219507705176107,9.097171673870545,1,1,3,3,0,4,0,19,5,2,2,0,6,5,1978,1978,1,1,12,13,2,0.0,3,3,3,0,0,4,4,0.0,4,0.0,0.0,0.0,1,3,1,4,7.183870715062453,6.371611847231857,0.0,7.550661243105336,0,0.0,2,0,4,1.0986122886681098,3,8,6,0,0,1,1978.0,3,2,539,3,3,2,0.0,0.0,0.0,0.0,0.0,0.0,0,4,1,0.0,4,2010,8,4,112000.0,7.550661243105336,2,32,32,3.4965075614664802,11,5.4712197014254995,269.5,1.546510430765209,0.0,0.0,0,0.0,0.6931471805599453,0,11.626263078808801
1218,2.995732273553991,1,4.276666119016055,9.064157861798101,1,1,3,3,0,4,0,21,2,2,0,2,8,5,2009,2009,1,1,5,5,3,4.290459441148391,4,3,2,4,3,2,2,6.842683282238422,6,0.0,5.8998973535824915,1300.0,1,5,1,4,7.1808311990445555,0.0,0.0,7.1808311990445555,1,0.0,2,0,3,0.6931471805599453,4,6,6,0,0,1,2009.0,2,2,552,3,3,2,4.912654885736052,4.727387818712341,0.0,0.0,0.0,0.0,0,4,1,0.0,9,2009,6,5,229456.0,7.868636894184167,3,0,0,0.0,13,5.389071729816501,276.0,1.8833266627535454,5.5134287461649825,0.0,0,0.6931471805599453,0.6931471805599453,1,12.343470927093518
1219,3.912023005428146,4,3.9512437185814275,8.738735461363474,1,1,3,3,0,4,0,3,2,2,0,0,4,5,1947,1950,1,1,0,0,2,0.0,3,3,3,0,0,4,4,0.0,4,0.0,0.0,0.0,1,4,0,4,6.51025834052315,5.484796933490655,0.0,6.815639990074331,0,0.0,1,0,2,0.6931471805599453,3,3,6,0,0,6,0.0,1,0,0,0,0,0,0.0,0.0,0.0,0.0,0.0,0.0,0,4,1,0.0,7,2006,8,4,80500.0,6.815639990074331,1,59,56,7.604396348796338,9,5.717027701406222,0.0,1.923095471289142,0.0,0.0,0,0.0,0.0,0,11.296024885689746
1220,5.075173815233827,4,3.044522437723423,7.426549072397305,1,1,3,3,0,4,0,2,2,2,3,5,6,5,1971,1971,1,1,5,5,1,5.4680601411351315,3,3,1,3,3,3,6,0.0,6,0.0,6.511745329644728,672.0,1,3,1,4,6.51025834052315,6.304448802421981,0.0,7.1049654482698426,0,0.0,1,1,3,0.6931471805599453,3,7,6,0,0,6,0.0,1,0,0,0,0,0,5.308267697401205,0.0,0.0,0.0,0.0,0.0,0,4,1,0.0,4,2006,8,0,91500.0,7.5443321080536885,2,35,35,7.604396348796338,11,5.159055299214529,0.0,0.32158362412746233,5.308267697401205,0.0,0,0.6931471805599453,0.0,1,11.424105180165641
1221,2.995732273553991,3,4.189654742026425,8.961879012677683,1,1,0,3,0,4,0,12,2,2,0,2,5,5,1964,1964,1,1,13,14,2,0.0,3,3,1,3,3,3,5,5.746203190540153,3,6.398594934535208,0.0,912.0,1,3,1,4,6.815639990074331,0.0,0.0,6.815639990074331,0,0.0,1,0,2,0.6931471805599453,3,5,6,0,0,1,1964.0,3,1,288,3,3,2,0.0,0.0,0.0,0.0,0.0,0.0,0,4,1,0.0,11,2006,8,0,115000.0,7.508787170634276,1,42,42,3.7612001156935624,10,5.206202077640231,288.0,2.1462390226033516,0.0,0.0,0,0.6931471805599453,0.6931471805599453,0,11.652696102959753
1222,2.995732273553991,3,4.007333185232471,9.017968479328726,1,1,3,3,0,4,0,19,1,2,0,2,5,5,1968,1968,3,1,6,6,2,0.0,3,3,1,3,3,3,1,5.5254529391317835,3,6.20050917404269,5.351858133476067,952.0,1,5,1,4,7.099201743553092,0.0,0.0,7.099201743553092,0,0.0,1,0,3,0.6931471805599453,3,5,6,1,3,1,1968.0,3,1,322,3,3,2,0.0,4.1588830833596715,0.0,0.0,0.0,0.0,0,4,1,0.0,8,2008,8,4,134000.0,7.679251425953058,1,40,40,3.713572066704308,10,5.489763831118992,322.0,1.9187667357756344,4.1588830833596715,0.0,1,0.6931471805599453,0.6931471805599453,0,11.80560254159177
1223,3.912023005428146,3,4.356708826689592,9.25874951118387,1,1,3,3,0,4,0,12,0,2,0,0,6,6,1949,1950,1,1,13,14,1,5.771441123130016,3,3,1,3,3,2,5,5.2832037287379885,6,0.0,6.739336627357174,1040.0,1,5,1,4,7.0630481633881725,6.520621127558696,0.0,7.520776415062797,0,0.0,2,0,3,0.6931471805599453,3,7,6,1,4,1,1949.0,3,1,315,3,3,2,0.0,0.0,0.0,0.0,0.0,0.0,0,1,1,0.0,1,2007,8,4,143000.0,7.9676267393338165,2,58,57,4.07753744390572,12,5.574866266007485,315.0,1.7379730961210729,0.0,0.0,1,0.6931471805599453,0.6931471805599453,1,11.870606902224587
1224,2.995732273553991,3,4.48863636973214,9.276128112514186,1,1,3,3,0,4,0,12,2,2,0,2,5,3,1951,1951,3,1,13,14,1,3.8066624897703196,3,3,1,3,2,3,3,6.6293632534374485,6,0.0,7.2305631534092925,2136.0,1,3,0,0,7.666690200080086,0.0,0.0,7.666690200080086,0,0.0,2,0,4,0.6931471805599453,3,7,4,0,0,5,1951.0,3,2,528,3,3,2,0.0,3.4339872044851463,0.0,0.0,0.0,0.0,0,2,1,0.0,10,2006,8,4,137900.0,8.35983738064003,2,55,55,4.02535169073515,8,5.720780051024772,264.0,1.6094379124341003,3.4339872044851463,0.0,0,0.6931471805599453,0.6931471805599453,1,11.834291315386718
1225,4.0943445622221,3,4.0943445622221,9.641083287268616,1,1,0,3,0,4,0,8,6,2,0,5,7,5,2004,2005,1,1,12,13,2,0.0,4,3,2,4,3,0,2,6.586171654854675,6,0.0,4.174387269895637,788.0,1,5,1,4,6.669498089857879,6.555356891810665,0.0,7.306531398939505,1,0.0,2,1,3,0.6931471805599453,4,8,6,1,4,1,2004.0,0,2,388,3,3,2,4.61512051684126,4.330733340286331,0.0,0.0,0.0,0.0,0,4,1,0.0,2,2008,8,4,184000.0,7.731053144007127,4,4,3,1.6094379124341003,12,5.227089857259669,194.0,2.334551888329111,5.170483995038151,0.0,1,0.6931471805599453,0.6931471805599453,0,12.122696471358964
1226,4.382026634673881,3,4.174387269895637,9.257414779362112,1,1,3,3,0,4,0,12,2,2,0,7,6,8,1958,1958,3,1,12,13,1,4.1588830833596715,3,4,1,3,3,0,2,6.230481447578482,6,0.0,4.406719247264253,588.0,1,5,1,4,7.037027614686276,0.0,0.0,7.037027614686276,0,0.6931471805599453,1,0,3,0.6931471805599453,3,6,6,0,0,1,1958.0,2,1,264,3,3,2,5.41610040220442,0.0,0.0,0.0,0.0,0.0,0,3,1,0.0,6,2007,8,4,145000.0,7.453561871643373,2,49,49,3.912023005428146,14,5.245268145458221,264.0,2.2203871646758353,5.41610040220442,0.0,0,0.6931471805599453,0.6931471805599453,1,11.884495917930655
1227,4.0943445622221,3,4.454347296253507,9.588639812011577,1,1,0,3,0,1,0,21,1,2,0,5,6,5,2007,2007,1,1,12,13,3,4.31748811353631,4,3,2,4,3,2,6,0.0,6,0.0,6.796823718274855,894.0,1,5,1,4,6.795705775173514,6.946975992135418,0.0,7.566828479208331,0,0.0,2,1,4,0.6931471805599453,4,9,6,1,4,3,2007.0,0,3,668,3,3,2,4.61512051684126,2.9444389791664403,0.0,0.0,0.0,0.0,0,4,1,0.0,1,2008,8,4,214000.0,7.946971357693591,3,1,1,0.6931471805599453,11,5.369603901872112,222.66666666666666,2.0218113328032468,4.77912349311153,0.0,1,0.6931471805599453,0.6931471805599453,1,12.273735966890268
1228,2.995732273553991,3,4.276666119016055,9.090655529030203,1,1,3,3,0,0,0,12,2,2,0,2,5,8,1965,2008,1,1,12,13,1,5.707110264748875,3,3,1,3,3,3,0,6.39024066706535,6,0.0,5.762051382780177,912.0,1,5,1,4,6.815639990074331,0.0,0.0,6.815639990074331,1,0.0,1,0,2,0.6931471805599453,4,5,6,0,0,5,1992.0,3,2,576,3,3,2,0.0,5.484796933490655,0.0,0.0,0.0,0.0,0,4,1,0.0,12,2008,8,4,147000.0,7.508787170634276,2,43,0,2.833213344056216,13,5.206202077640231,288.0,2.2750155389558717,5.484796933490655,0.0,0,0.6931471805599453,0.6931471805599453,1,11.898194668458823
1229,4.787491742782046,3,4.174387269895637,9.078978053779355,1,1,3,3,0,0,0,16,2,2,4,2,9,5,2008,2008,3,1,8,8,1,6.642486801367256,5,3,2,5,3,3,2,7.340186835320115,6,0.0,5.093750200806762,1702.0,1,5,1,4,7.43955930913332,0.0,0.0,7.43955930913332,1,0.0,1,1,1,0.6931471805599453,5,7,6,1,4,1,2008.0,0,3,1052,3,3,2,0.0,4.290459441148391,0.0,0.0,5.41610040220442,0.0,0,4,1,0.0,10,2008,6,5,367294.0,8.132706489693264,3,0,0,0.0,14,5.493649160078006,350.6666666666667,1.6394187446460362,5.6937321388027,0.0,1,0.6931471805599453,0.6931471805599453,1,12.813920618864572
1230,4.382026634673881,3,4.248495242049359,8.9758830607617,1,1,3,3,0,4,0,12,2,2,0,7,5,5,1960,1960,3,1,3,6,2,0.0,3,3,1,3,3,3,0,6.502790045915623,6,0.0,6.016157159698354,1075.0,1,4,1,4,7.317876198626496,0.0,0.0,7.317876198626496,0,0.0,2,0,4,0.6931471805599453,3,7,0,0,0,2,1960.0,3,1,404,3,3,2,0.0,0.0,0.0,0.0,0.0,0.0,0,1,1,0.0,8,2008,8,4,127000.0,7.856319571406588,2,48,48,3.8918202981106265,10,5.371966049571182,404.0,1.658006862135204,0.0,0.0,0,0.6931471805599453,0.6931471805599453,0,11.751950239425476
1231,4.499809670330265,3,4.2626798770413155,9.846387960495555,1,1,0,3,0,4,0,19,1,5,2,0,5,5,1977,1977,5,1,9,10,2,0.6931471805599453,3,3,1,4,3,3,2,6.212606095751519,5,5.356586274672012,6.481577129276431,1361.0,1,5,1,4,7.215975002651466,7.138866999945524,0.0,7.8709295967551425,0,0.0,2,2,4,1.0986122886681098,3,12,6,1,3,3,1977.0,2,2,600,3,3,0,5.049856007249537,3.2188758248682006,4.983606621708336,0.0,0.0,0.0,0,4,0,9.024131268455035,8,2007,8,4,190000.0,8.289288323000317,4,30,30,3.4339872044851463,10,5.386022946967143,300.0,1.9754583637404126,5.783825182329737,0.0,1,0.6931471805599453,0.6931471805599453,1,12.154784614286667
1232,4.499809670330265,3,4.248495242049359,8.952605375892354,1,1,3,3,0,4,0,12,2,2,2,7,5,6,1962,1962,3,1,13,14,1,4.795790545596741,3,3,1,3,3,0,0,6.6895992691789665,6,0.0,5.717027701406222,1106.0,1,3,1,4,7.081708586105575,0.0,0.0,7.081708586105575,1,0.0,1,0,3,0.6931471805599453,3,6,6,0,0,1,1962.0,3,2,540,3,3,2,0.0,2.9444389791664403,0.0,0.0,0.0,0.0,0,1,1,0.0,5,2006,8,4,132500.0,7.738923757439457,2,44,44,3.8066624897703196,11,5.28994911687752,270.0,1.8708967897867788,2.9444389791664403,0.0,0,0.6931471805599453,0.6931471805599453,1,11.794345471549745
1233,4.499809670330265,3,4.248495242049359,9.194414221425923,1,1,3,3,0,2,0,12,2,2,2,2,4,5,1962,1962,1,1,6,6,2,0.0,3,3,3,0,0,4,4,0.0,4,0.0,0.0,0.0,1,3,1,4,7.1098794630722715,0.0,0.0,7.1098794630722715,0,0.0,2,0,2,1.0986122886681098,3,6,6,0,0,4,1962.0,3,2,462,3,3,2,0.0,0.0,0.0,0.0,0.0,0.0,0,4,1,0.0,3,2007,8,4,101800.0,7.1098794630722715,2,45,45,3.828641396489095,9,5.318119993844216,231.0,2.0845347583536524,0.0,0.0,0,0.0,0.6931471805599453,0,11.530775206233024
1234,2.995732273553991,3,4.290459441148391,9.405907155520158,1,1,0,3,0,4,0,12,2,2,0,2,5,5,1959,1959,3,1,9,10,1,5.198497031265826,3,3,1,3,3,3,5,6.90875477931522,6,0.0,5.241747015059643,1188.0,1,2,1,4,7.080026499922591,0.0,0.0,7.080026499922591,1,0.0,1,0,3,0.6931471805599453,3,6,6,0,0,1,1959.0,2,2,531,3,3,2,0.0,0.0,0.0,0.0,0.0,0.0,0,2,1,0.0,5,2010,0,0,142000.0,7.773173680482536,2,51,51,3.9512437185814275,10,5.288267030694535,265.5,2.3258806555975675,0.0,0.0,0,0.6931471805599453,0.6931471805599453,1,11.863589378812122
1235,4.248495242049359,2,4.007333185232471,9.050758302151717,1,1,3,0,0,4,0,18,2,2,0,5,5,6,1911,1950,1,1,8,8,2,0.0,3,3,2,3,3,0,6,0.0,6,0.0,6.846943139585379,940.0,1,3,0,0,6.931471805599453,6.846943139585379,0.0,7.582738488914411,0,0.0,1,1,4,0.6931471805599453,3,7,6,0,0,6,0.0,1,0,0,0,0,0,0.0,5.262690188904886,0.0,0.0,0.0,0.0,0,4,1,0.0,11,2008,8,0,130000.0,7.973844375944687,2,97,58,7.605392364814935,11,5.636828339859098,0.0,1.4680198132373063,5.262690188904886,0.0,0,0.6931471805599453,0.0,0,11.775297421715827
1236,4.248495242049359,3,4.564348191467836,9.482807278621483,1,1,3,3,0,4,0,6,2,2,0,5,5,5,1914,1950,1,1,13,14,2,0.0,3,3,0,4,3,2,6,0.0,6,0.0,6.617402977974478,747.0,1,4,1,1,6.79346613258001,6.794586580876499,0.0,7.486613313139955,0,0.0,1,1,4,0.6931471805599453,3,9,6,0,0,5,1914.0,3,1,180,2,2,0,5.318119993844216,3.713572066704308,0.0,0.0,0.0,0.0,0,4,1,0.0,7,2006,8,4,138887.0,7.836369760545124,2,92,56,4.532599493153256,10,5.289388735803735,180.0,1.9961939654815286,5.497168225293202,0.0,0,0.6931471805599453,0.6931471805599453,0,11.841423131921784
1237,5.075173815233827,3,3.58351893845611,7.873978379604501,1,1,3,3,0,4,0,16,2,2,3,5,7,5,2003,2003,1,1,12,15,3,4.672828834461906,4,3,2,4,3,3,6,0.0,6,0.0,6.639875833826536,764.0,1,5,1,4,6.638567789166521,6.760414691083428,0.0,7.3938782901077555,0,0.0,2,1,2,0.6931471805599453,4,6,6,0,0,3,2003.0,2,2,474,3,3,2,0.0,3.332204510175204,0.0,0.0,0.0,0.0,0,4,1,0.0,6,2010,8,4,175500.0,7.779048644925556,3,7,7,2.0794415416798357,12,5.602118820879701,237.0,0.48010008949674526,3.332204510175204,0.0,0,0.6931471805599453,0.6931471805599453,1,12.075400019877522
1238,4.0943445622221,3,3.713572066704308,9.424887076064874,1,1,1,3,0,2,0,5,2,2,0,5,7,5,2004,2005,1,1,12,13,2,0.0,4,3,2,4,3,3,6,0.0,6,0.0,6.742880635791903,847.0,1,5,1,4,6.741700694652055,7.004881989712859,0.0,7.5745584842024805,0,0.0,2,1,4,0.6931471805599453,4,8,6,1,4,3,2004.0,0,2,434,3,3,2,4.61512051684126,3.8918202981106265,0.0,0.0,0.0,0.0,0,4,1,0.0,9,2006,8,4,195000.0,7.9355873855892,3,2,1,1.0986122886681098,12,5.495116942522644,217.0,1.8503285918623937,5.003946305945459,0.0,1,0.6931471805599453,0.6931471805599453,0,12.180759965737863
1239,2.995732273553991,3,4.143134726391533,9.478227817099784,1,1,3,3,0,4,0,20,5,2,0,2,6,5,2005,2005,1,1,12,13,2,0.0,4,3,2,4,3,3,6,0.0,6,0.0,7.040536390215956,1141.0,1,5,1,4,7.039660349862076,0.0,0.0,7.039660349862076,0,0.0,1,1,3,0.6931471805599453,3,6,6,0,0,5,2005.0,3,2,484,3,3,2,0.0,0.0,0.0,0.0,0.0,0.0,0,4,1,0.0,3,2006,8,0,142500.0,7.732807530422021,2,1,1,0.6931471805599453,11,5.24790088063402,242.0,2.4385674672377085,0.0,0.0,0,0.6931471805599453,0.6931471805599453,0,11.86710429621008
1240,2.995732273553991,3,4.1588830833596715,9.109082539901955,1,1,0,1,0,4,0,23,2,2,0,2,8,5,2006,2006,3,1,12,13,1,3.4965075614664802,4,3,2,4,3,0,2,6.061456918928017,6,0.0,6.955592608396297,1476.0,1,5,1,4,7.302496423727326,0.0,0.0,7.302496423727326,0,0.0,2,0,2,0.6931471805599453,5,6,6,1,4,1,2006.0,2,2,472,3,3,2,4.795790545596741,3.5263605246161616,0.0,0.0,0.0,0.0,0,4,1,0.0,12,2007,8,4,265900.0,7.992944547318106,2,1,1,0.6931471805599453,13,5.51073695449927,236.0,1.8065861161746302,5.0369526024136295,0.0,1,0.6931471805599453,0.6931471805599453,1,12.490879338036375
1241,4.0943445622221,3,4.174387269895637,9.006754319877503,1,1,3,3,0,4,0,5,2,2,0,5,7,5,2003,2003,1,1,12,13,1,5.53338948872752,4,3,2,4,3,3,2,6.311734809152915,6,0.0,5.814130531825066,884.0,1,5,1,4,6.784457062637643,6.785587645007929,0.0,7.477604243197589,1,0.0,2,1,3,0.6931471805599453,4,8,6,0,0,1,2003.0,2,2,543,3,3,2,0.0,4.1588830833596715,0.0,0.0,0.0,0.0,0,4,1,0.0,7,2008,8,4,224900.0,7.883069351305753,4,5,5,1.791759469228055,12,5.3981627015177525,271.5,1.5291500766799149,4.1588830833596715,0.0,0,0.6931471805599453,0.6931471805599453,1,12.323415584358154
1242,2.995732273553991,3,4.418840607796598,9.195125206169703,1,1,3,3,0,4,0,21,2,2,0,2,7,6,2007,2007,3,1,12,13,3,0.0,4,3,2,4,3,0,6,0.0,6,0.0,7.432483807917119,1689.0,1,5,1,4,7.4318919168078,0.0,0.0,7.4318919168078,0,0.0,2,0,3,0.6931471805599453,4,7,6,0,0,1,2007.0,2,3,954,3,3,2,0.0,4.04305126783455,0.0,0.0,0.0,0.0,0,4,1,0.0,6,2007,6,5,248328.0,8.125039097367745,2,0,0,0.0,13,5.485981767752487,318.0,1.7632332893619023,4.04305126783455,0.0,0,0.6931471805599453,0.6931471805599453,0,12.42250975887691
1243,4.442651256490317,3,4.442651256490317,9.270964993792617,1,1,3,3,0,4,0,14,2,2,0,6,7,6,1974,1974,1,1,9,10,1,4.406719247264253,3,3,1,4,3,1,2,6.786716950605081,3,5.1298987149230735,0.0,1053.0,1,3,1,4,7.067319848653476,0.0,0.0,7.067319848653476,1,0.0,2,0,3,0.6931471805599453,4,6,6,2,3,1,1974.0,2,2,528,3,3,2,0.0,4.795790545596741,0.0,0.0,0.0,0.0,0,2,1,0.0,1,2010,8,3,170000.0,7.70796153183549,3,36,36,3.6109179126442243,13,5.27556037942542,264.0,2.2036451451391423,4.795790545596741,0.0,1,0.6931471805599453,0.6931471805599453,1,12.04355959836804
1244,2.995732273553991,3,4.672828834461906,9.53899642739739,1,1,3,3,0,4,0,16,2,2,0,2,10,5,2006,2006,1,1,12,13,2,0.0,5,3,2,5,4,1,2,7.234898420314831,6,0.0,6.53813982376767,2076.0,1,5,1,4,7.638198244285779,0.0,0.0,7.638198244285779,1,0.0,2,1,2,0.6931471805599453,5,7,6,1,4,1,2006.0,0,3,850,3,3,2,5.37989735354046,5.438079308923196,0.0,0.0,0.0,0.0,0,4,1,0.0,9,2006,6,5,465000.0,8.331345424845724,4,0,0,0.0,15,5.692288095230466,283.3333333333333,1.90079818311161,6.100318952020064,0.0,1,0.6931471805599453,0.6931471805599453,0,13.049794835104816
1245,4.248495242049359,3,4.30406509320417,9.344434106456882,1,1,0,1,0,0,1,6,2,2,0,5,8,7,1929,1950,1,1,3,12,2,0.0,3,3,2,4,3,3,6,0.0,6,0.0,6.675823221634848,792.0,1,2,1,4,6.674561391814426,6.587550014824796,0.0,7.324489979348532,0,0.0,1,0,3,0.6931471805599453,4,7,6,2,4,5,1931.0,3,2,400,3,3,2,0.0,0.0,0.0,0.0,0.0,0.0,0,4,1,0.0,6,2006,8,4,230000.0,7.744569809354496,1,77,56,4.330733340286331,15,5.378579830293219,200.0,2.0199441271083494,0.0,0.0,1,0.6931471805599453,0.6931471805599453,0,12.345838935721968
1246,4.382026634673881,3,4.356708826689592,9.400133943608838,1,1,3,3,0,4,0,14,2,2,0,7,6,7,1984,2003,3,1,12,13,1,4.31748811353631,3,3,1,4,3,3,6,0.0,6,0.0,6.373319789577012,585.0,1,5,1,4,7.038783541388542,6.591673732008658,0.0,7.532623618788788,0,0.0,3,1,3,0.6931471805599453,3,7,6,1,3,3,1984.0,0,2,477,3,3,2,5.594711379601839,4.727387818712341,0.0,0.0,4.997212273764115,0.0,0,4,1,0.0,1,2007,8,0,178000.0,7.8050670442584895,4,23,4,3.1780538303479458,13,5.586713469733475,238.5,1.8675103248200504,6.269096283706261,0.0,1,0.6931471805599453,0.6931471805599453,1,12.08954444723597
1247,4.0943445622221,1,4.174387269895637,9.002701007197938,1,1,3,3,0,4,0,21,2,2,0,5,7,5,2005,2006,1,1,12,13,2,0.0,4,3,2,4,3,3,6,0.0,6,0.0,6.6293632534374485,756.0,1,5,1,4,6.628041376179533,6.682108597449809,0.0,7.347943823148687,0,0.0,2,1,3,0.6931471805599453,4,6,6,0,0,1,2005.0,2,2,615,3,3,2,0.0,3.828641396489095,0.0,0.0,0.0,0.0,0,4,1,0.0,3,2006,6,5,186500.0,7.744569809354496,3,1,0,0.6931471805599453,12,5.556184353920632,307.5,1.654757184049251,3.828641396489095,0.0,0,0.6931471805599453,0.6931471805599453,0,12.136191879981927
1248,4.382026634673881,3,4.290459441148391,9.419628376999952,1,1,0,3,0,4,0,11,2,2,0,7,6,5,1976,1976,1,1,6,6,1,5.817111159963204,3,3,1,3,3,0,2,6.29156913955832,6,0.0,6.161207321695077,1012.0,1,3,1,4,6.9411900550683745,0.0,0.0,6.9411900550683745,1,0.0,1,0,3,0.6931471805599453,3,6,6,0,0,1,1976.0,3,3,888,3,3,2,0.0,0.0,0.0,0.0,0.0,0.0,0,4,1,0.0,5,2010,8,4,169900.0,7.6236419465115715,2,34,34,3.5553480614894135,11,5.149430585840319,296.0,2.478438321931577,0.0,0.0,0,0.6931471805599453,0.6931471805599453,1,12.042971193457888
1249,4.31748811353631,4,4.0943445622221,9.169518377455928,1,0,3,3,0,4,0,17,2,2,0,4,6,5,1917,1950,1,1,0,0,2,0.0,3,3,0,4,3,3,5,5.768320995793772,6,0.0,6.0330862217988015,735.0,4,2,0,4,7.033506484287697,6.829793737512425,0.0,7.629489916393995,0,0.0,1,1,3,0.6931471805599453,3,8,6,1,4,5,1950.0,3,2,396,2,2,1,0.0,0.0,5.560681631015528,0.0,0.0,0.0,0,4,1,0.0,4,2008,8,4,129500.0,7.934871565945177,2,91,58,4.07753744390572,11,5.550048374714159,198.0,1.5400284610619328,5.560681631015528,0.0,1,0.6931471805599453,0.6931471805599453,0,11.771443882099637
1250,2.995732273553991,3,4.0943445622221,8.881836305004146,1,1,3,3,0,4,0,12,2,2,0,2,5,7,1950,1950,1,1,8,8,2,0.0,3,3,1,3,3,3,1,6.282266746896006,5,4.574710978503383,5.5093883366279774,876.0,1,3,1,4,6.895682697747868,0.0,0.0,6.895682697747868,0,0.0,1,0,3,0.6931471805599453,3,6,6,0,0,1,1950.0,3,1,276,3,3,2,0.0,4.394449154672439,0.0,0.0,0.0,0.0,0,4,1,0.0,5,2007,8,4,119000.0,7.530479995245536,1,57,57,4.060443010546419,12,5.103923228519813,276.0,1.9861536072562789,4.394449154672439,0.0,0,0.6931471805599453,0.6931471805599453,0,11.686887175419702
1251,2.995732273553991,3,4.532599493153256,9.320091235935301,1,1,3,3,0,0,0,12,2,2,0,2,7,5,1968,1968,3,1,3,3,2,0.0,4,3,1,3,3,3,0,6.97166860472579,6,0.0,6.952728644624869,2110.0,1,5,1,4,7.6544432264701125,0.0,0.0,7.6544432264701125,1,0.0,2,1,3,0.6931471805599453,5,8,6,2,3,1,1968.0,0,2,522,3,3,2,0.0,0.0,0.0,0.0,0.0,0.0,0,4,1,0.0,4,2010,8,4,244000.0,8.347590407030058,4,42,42,3.7612001156935624,12,5.575001684790276,261.0,1.6656480094651898,0.0,0.0,1,0.6931471805599453,0.6931471805599453,0,12.404927602627597
1252,4.787491742782046,3,4.483002552013883,8.0507033814703,1,1,0,3,0,0,0,16,2,2,4,2,7,5,2003,2003,1,1,12,15,3,5.099866427824199,4,3,2,4,3,3,6,0.0,6,0.0,7.2485040723706105,1405.0,1,5,1,4,7.247792581767846,0.0,0.0,7.247792581767846,0,0.0,2,0,2,0.6931471805599453,4,6,6,1,4,1,2003.0,2,2,478,3,3,2,5.003946305945459,3.6109179126442243,0.0,0.0,0.0,0.0,0,4,1,0.0,3,2006,8,4,171750.0,7.940939762327791,2,3,3,1.3862943611198906,12,5.456033112539791,239.0,0.8029107997024524,5.220355825078324,0.0,1,0.6931471805599453,0.6931471805599453,1,12.053801032483948
1253,2.995732273553991,3,4.127134385045092,9.196038587265322,1,1,3,3,0,4,0,11,2,2,0,2,5,6,1968,1968,1,1,6,6,2,0.0,3,3,1,3,3,3,1,6.236369590203704,6,0.0,5.872117789475416,864.0,1,3,1,4,6.773080375655535,0.0,0.0,6.773080375655535,1,0.0,1,0,3,0.6931471805599453,3,5,6,0,0,1,1968.0,2,1,288,3,3,2,3.5263605246161616,0.0,0.0,0.0,0.0,0.0,0,1,3,6.398594934535208,11,2009,8,4,130000.0,7.460490305825338,2,41,41,3.7376696182833684,11,5.163642463221435,288.0,2.422958211609788,3.5263605246161616,0.0,0,0.6931471805599453,0.6931471805599453,0,11.775297421715827
1254,4.0943445622221,3,4.219507705176107,9.772353284511327,1,1,0,3,0,4,0,24,2,2,0,5,7,7,1974,2003,1,1,13,14,2,0.0,4,3,1,3,3,1,3,4.836281906951478,0,6.939253946041508,3.6109179126442243,1192.0,1,3,1,4,7.323830566202317,6.480044561926653,0.0,7.681099001536359,1,0.0,2,1,3,0.6931471805599453,4,9,6,2,4,1,1974.0,2,2,518,3,3,2,5.3981627015177525,3.871201010907891,0.0,0.0,0.0,0.0,0,2,1,0.0,7,2007,8,4,294000.0,8.119398589612294,4,33,4,3.5263605246161616,14,5.48387442420014,259.0,2.0912542829749676,5.5909869805108565,0.0,1,0.6931471805599453,0.6931471805599453,0,12.591338447675579
1255,4.0943445622221,3,4.0943445622221,8.843759381917984,1,1,3,3,0,4,0,7,2,2,0,5,7,5,2003,2004,1,1,12,13,3,4.532599493153256,4,3,2,4,3,3,6,0.0,6,0.0,6.616065185132817,746.0,1,5,1,4,6.633318433280377,6.799055862058796,0.0,7.412160334945205,0,0.0,2,1,3,0.6931471805599453,4,7,6,1,4,3,2003.0,0,2,397,3,3,2,5.187385805840755,4.859812404361672,0.0,0.0,0.0,0.0,0,4,1,0.0,7,2008,8,4,165400.0,7.784057002639929,3,5,4,1.791759469228055,12,5.4662501858898915,198.5,1.4315990469727797,5.726847747587197,0.0,1,0.6931471805599453,0.6931471805599453,1,12.016128107502665
1256,3.912023005428146,4,3.9512437185814275,8.738735461363474,1,1,3,3,0,4,0,3,2,2,0,0,6,6,1931,1950,1,1,13,14,2,0.0,3,3,0,3,2,3,3,6.054439346269371,6,0.0,6.131226489483141,884.0,1,3,1,0,6.8658910748834385,6.013715156042802,0.0,7.220373836723949,0,0.0,1,0,3,0.6931471805599453,3,6,6,1,4,5,1978.0,3,1,560,3,3,2,0.0,0.0,0.0,0.0,4.795790545596741,0.0,0,4,1,0.0,11,2007,8,4,127500.0,7.719129840906732,1,76,57,3.4011973816621555,12,5.428614367495895,560.0,1.5183616246395237,4.795790545596741,0.0,1,0.6931471805599453,0.6931471805599453,0,11.755879486687116
1257,2.995732273553991,3,4.51085950651685,9.5682245844549,1,1,0,3,0,0,0,15,2,2,0,2,8,5,1994,1994,3,1,6,6,1,6.318968113746434,4,3,2,4,3,1,2,7.181591944611865,6,0.0,6.511745329644728,1986.0,1,5,1,4,7.594381242551817,0.0,0.0,7.594381242551817,1,0.0,2,0,2,0.6931471805599453,4,7,6,1,3,1,1994.0,0,2,691,3,3,2,5.572154032177765,3.6109179126442243,0.0,0.0,0.0,0.0,0,4,1,0.0,8,2008,8,4,301500.0,8.287276755814599,3,14,14,2.70805020110221,13,5.648471093496504,345.5,1.9738433419030832,5.700443573390687,0.0,1,0.6931471805599453,0.6931471805599453,1,12.616528611893463
1258,3.4011973816621555,3,4.02535169073515,8.308938252595778,1,1,3,3,0,0,0,7,1,2,0,2,5,8,1922,1950,1,1,13,14,2,0.0,3,3,2,2,3,3,6,0.0,6,0.0,6.762729506931879,864.0,1,5,1,4,6.761572768804055,0.0,0.0,6.761572768804055,0,0.0,1,0,2,0.6931471805599453,3,4,6,0,0,6,0.0,1,0,0,0,0,2,0.0,4.574710978503383,0.0,0.0,0.0,0.0,0,4,1,0.0,7,2009,8,4,99900.0,7.454719949364001,1,87,59,7.605890001053122,13,5.375278407684165,0.0,1.5473654837917228,4.574710978503383,0.0,0,0.6931471805599453,0.0,0,11.511934974596555
1259,4.382026634673881,3,4.07753744390572,9.168163293076997,1,1,0,3,0,4,0,8,2,2,0,7,7,5,2005,2005,1,1,12,13,3,5.209486152841421,4,3,2,4,3,1,2,6.486160788944089,6,0.0,5.308267697401205,856.0,1,5,1,4,7.061334366910438,0.0,0.0,7.061334366910438,1,0.0,2,0,2,0.6931471805599453,4,5,6,0,0,1,2005.0,0,2,400,3,3,2,5.3612921657094255,0.0,0.0,0.0,0.0,0.0,0,4,1,0.0,7,2008,8,4,190000.0,7.611842399580417,3,3,3,1.3862943611198906,12,5.451896454476337,200.0,2.1068289261665587,5.3612921657094255,0.0,0,0.6931471805599453,0.6931471805599453,1,12.154784614286667
1260,2.995732273553991,3,4.174387269895637,9.185022563991893,1,1,3,3,0,2,0,12,2,2,0,2,6,8,1969,1969,1,1,6,6,2,0.0,3,3,1,4,3,3,0,6.401917196727186,3,6.0844994130751715,2.70805020110221,1054.0,1,4,1,4,6.960347729101308,0.0,0.0,6.960347729101308,1,0.0,1,1,3,0.6931471805599453,3,6,6,0,0,1,1969.0,3,2,460,3,3,2,5.198497031265826,0.0,0.0,0.0,4.394449154672439,0.0,0,4,1,0.0,7,2008,8,4,151000.0,7.653494909661253,3,39,39,3.6888794541139363,14,5.168588259873252,230.0,2.2246748348905854,5.564520407322694,0.0,0,0.6931471805599453,0.6931471805599453,0,11.92504173829169
1261,4.0943445622221,3,4.174387269895637,10.11382951201313,1,1,2,3,0,1,0,8,6,2,0,5,6,5,1999,1999,1,1,12,13,2,0.0,3,3,2,4,3,3,6,0.0,6,0.0,6.7357800142423265,841.0,1,5,1,4,6.79346613258001,6.664409020350408,0.0,7.423568444259167,0,0.0,2,1,3,0.6931471805599453,3,7,6,1,3,3,1999.0,0,2,502,3,3,2,0.0,4.6443908991413725,0.0,0.0,0.0,0.0,0,4,1,0.0,6,2009,8,4,181000.0,7.830425617820331,3,10,10,2.3978952727983707,11,5.477658295203853,251.0,2.690261067753962,4.6443908991413725,0.0,1,0.6931471805599453,0.6931471805599453,0,12.10625783509458
1262,2.995732273553991,3,4.382026634673881,9.169518377455928,1,1,3,3,0,4,0,12,2,2,0,2,5,6,1956,1956,3,1,8,8,2,0.0,3,3,1,3,3,3,5,6.22455842927536,6,0.0,6.304448802421981,1050.0,1,4,1,4,6.956545443151569,0.0,0.0,6.956545443151569,0,0.0,1,0,2,0.6931471805599453,3,5,6,0,0,1,1956.0,3,1,338,3,3,2,0.0,0.0,0.0,0.0,0.0,0.0,0,4,1,0.0,6,2009,8,4,128900.0,7.649692623711514,1,53,53,3.9889840465642745,11,5.3471075307174685,338.0,2.2129729343043585,0.0,0.0,0,0.6931471805599453,0.6931471805599453,0,11.766799946849087
1263,3.912023005428146,3,4.382026634673881,9.328123407632566,1,1,3,3,0,4,0,4,2,2,0,0,4,5,1957,1989,1,1,13,14,2,0.0,3,3,1,3,3,0,6,0.0,6,0.0,7.007600613951853,1104.0,1,5,1,0,7.00669522683704,6.529418838262226,0.0,7.488852955733459,1,0.0,1,0,5,0.6931471805599453,3,8,3,2,3,1,1957.0,3,1,304,3,3,2,4.795790545596741,0.0,0.0,0.0,0.0,0.0,0,4,1,0.0,11,2009,8,4,161500.0,7.969703583278656,2,52,20,3.970291913552122,9,5.409411414053624,304.0,1.8392704518991068,4.795790545596741,0.0,1,0.6931471805599453,0.6931471805599453,0,11.992266613576142
1264,4.248495242049359,3,4.0943445622221,9.511555458710548,1,2,3,3,0,4,0,3,2,2,0,5,6,6,1919,1950,2,1,13,14,2,0.0,3,3,2,3,3,3,6,0.0,6,0.0,6.639875833826536,764.0,1,5,1,0,6.966024187106113,6.639875833826536,0.0,7.508787170634276,0,0.0,1,0,3,0.6931471805599453,3,8,6,1,4,5,1940.0,3,2,520,3,3,0,0.0,0.0,4.844187086458591,0.0,0.0,0.0,0,0,1,0.0,7,2007,8,4,180500.0,7.858640655620791,1,88,57,4.219507705176107,12,5.429345628954441,260.0,2.0027682880762714,4.844187086458591,0.0,1,0.6931471805599453,0.6931471805599453,0,12.103491596905931
1265,4.787491742782046,2,3.5263605246161616,8.308938252595778,1,1,3,3,0,4,0,12,2,2,4,2,6,5,1998,1999,1,1,8,8,2,0.0,4,3,2,4,3,3,2,5.58724865840025,6,0.0,7.038783541388542,1405.0,1,5,1,4,7.198183577101943,0.0,0.0,7.198183577101943,1,0.0,2,0,2,0.6931471805599453,4,5,6,0,0,1,1998.0,0,2,511,3,3,2,4.976733742420574,4.23410650459726,0.0,0.0,0.0,0.0,0,4,1,0.0,8,2008,0,0,181000.0,7.91644286012226,3,10,9,2.3978952727983707,11,5.588745664667843,255.5,1.110754675493835,5.3612921657094255,0.0,0,0.6931471805599453,0.6931471805599453,0,12.10625783509458
1266,5.075173815233827,1,3.5553480614894135,8.225503097566918,1,1,3,3,0,3,0,21,2,2,4,5,7,5,1999,1999,3,1,8,8,1,5.389071729816501,4,3,2,4,3,3,2,6.111467339502679,6,0.0,5.488937726156687,691.0,1,5,1,4,6.569481420414296,6.606650186198215,0.0,7.280697195384741,1,0.0,2,1,3,0.6931471805599453,4,6,6,0,0,5,1999.0,3,2,506,3,3,2,0.0,3.5553480614894135,0.0,0.0,0.0,0.0,0,4,1,0.0,3,2006,8,4,183900.0,7.669961995473577,4,7,7,2.0794415416798357,12,5.488937726156687,253.0,0.9448059021821763,3.5553480614894135,0.0,0,0.6931471805599453,0.6931471805599453,1,12.12215284831553
1267,5.247024072160486,4,4.0943445622221,9.222268942841456,1,1,0,0,0,4,0,17,1,2,1,4,7,4,1910,1950,3,1,13,14,2,0.0,2,3,1,3,3,3,6,0.0,6,0.0,6.8308742346461795,925.0,1,3,0,1,6.871091294610546,6.8308742346461795,0.0,7.543802867501509,0,0.0,1,1,4,1.0986122886681098,3,9,6,1,4,5,1960.0,3,1,308,3,3,0,0.0,0.0,5.579729825986222,0.0,0.0,0.0,0,2,1,0.0,1,2007,8,4,122000.0,7.942362237674335,2,97,57,3.871201010907891,11,5.34657829016529,308.0,1.678466075339947,5.579729825986222,0.0,1,0.6931471805599453,0.6931471805599453,0,11.711784520403112
1268,2.995732273553991,3,4.48863636973214,9.48903215258983,1,1,0,1,0,4,0,23,2,2,0,2,9,5,2008,2009,3,1,11,5,2,0.0,5,3,2,5,3,1,6,0.0,6,0.0,7.602401335665818,2002.0,1,5,1,4,7.609862200913554,0.0,0.0,7.609862200913554,0,0.0,2,0,3,0.6931471805599453,5,10,6,1,4,1,2009.0,0,3,746,3,3,2,4.976733742420574,4.343805421853684,0.0,0.0,0.0,0.0,0,4,1,0.0,5,2010,8,4,378500.0,8.299037181613066,2,2,1,0.6931471805599453,14,5.307277107919509,248.66666666666666,1.8791699516762768,5.3981627015177525,0.0,1,0.6931471805599453,0.6931471805599453,0,12.843973993864076
1269,3.912023005428146,3,4.30406509320417,9.55393007636626,1,1,0,3,0,4,1,6,2,2,0,0,8,9,1935,1997,1,1,11,12,1,6.450470422144176,3,4,1,3,3,2,5,5.262690188904886,6,0.0,6.285998094508865,728.0,1,5,1,4,7.584773077612199,7.299797366758161,0.0,8.145259566516865,0,0.0,3,1,4,0.6931471805599453,4,11,6,2,4,3,1982.0,3,3,1014,3,3,2,5.752572638825633,2.5649493574615367,0.0,0.0,0.0,0.0,0,1,1,0.0,5,2008,8,4,381000.0,8.336869637284956,4,73,11,3.295836866004329,17,5.747364293718495,338.0,1.4086705098493943,5.7899601708972535,0.0,1,0.6931471805599453,0.6931471805599453,1,12.850557278777309
1270,3.912023005428146,3,4.356708826689592,9.336444248771908,1,1,3,3,0,4,0,12,1,2,0,0,5,5,1958,1958,1,1,8,8,1,5.198497031265826,3,3,1,3,3,3,1,6.133398042996649,6,0.0,6.028278520230698,874.0,2,3,1,0,6.773080375655535,6.478509642208569,0.0,7.329093736246592,0,0.0,1,1,3,0.6931471805599453,3,7,6,0,0,1,1958.0,3,1,315,3,3,2,0.0,0.0,0.0,0.0,0.0,0.0,0,1,1,0.0,7,2007,8,4,144000.0,7.7823903355874595,2,49,49,3.912023005428146,10,5.3831835871912785,315.0,2.007350512525317,0.0,0.0,0,0.6931471805599453,0.6931471805599453,1,11.87757552297847
1271,3.6888794541139363,3,4.382026634673881,10.068790104160488,1,1,3,2,0,4,2,4,2,2,0,2,7,6,1979,1979,5,6,9,10,2,0.0,4,3,2,4,3,1,2,7.138073034044347,6,0.0,4.31748811353631,1332.0,1,3,1,4,7.194436851100335,5.262690188904886,0.0,7.329093736246592,2,0.0,0,1,0,0.6931471805599453,4,4,6,1,3,1,1979.0,0,2,586,3,3,2,5.594711379601839,0.0,0.0,0.0,0.0,0.0,0,4,1,0.0,4,2010,8,4,260000.0,7.957177323459475,3,31,31,3.4657359027997265,13,5.942799375126701,293.0,2.739696367913896,5.594711379601839,0.0,1,0.6931471805599453,0.6931471805599453,0,12.468440756144114
1272,2.995732273553991,3,4.382026634673881,9.122164681072457,1,1,0,3,0,4,0,14,4,2,0,2,6,7,1968,1968,3,1,3,3,2,0.0,3,3,1,3,3,3,6,0.0,6,0.0,7.306531398939505,1489.0,1,4,1,4,7.305860032684009,0.0,0.0,7.305860032684009,0,0.0,2,0,3,0.6931471805599453,4,7,6,1,4,1,1968.0,2,2,462,3,3,2,0.0,0.0,0.0,0.0,0.0,0.0,0,4,1,0.0,8,2009,8,4,185750.0,7.999007213243955,2,41,41,3.7376696182833684,13,5.359949883628696,231.0,1.8163046483884484,0.0,0.0,1,0.6931471805599453,0.6931471805599453,0,12.132162346145595
1273,2.995732273553991,3,4.2626798770413155,9.512369038134885,1,1,0,3,0,1,0,19,2,2,0,2,5,6,1965,1965,3,1,6,10,1,4.74493212836325,3,3,1,3,3,3,1,6.329720905522696,3,5.929589143389895,0.0,935.0,1,3,1,4,6.840546529288687,0.0,0.0,6.840546529288687,1,0.0,1,0,3,0.6931471805599453,3,5,6,0,0,1,1965.0,3,1,288,3,3,2,5.198497031265826,0.0,0.0,0.0,0.0,0.0,0,2,1,0.0,11,2006,8,4,137000.0,7.533693709848633,2,41,41,3.7376696182833684,11,5.231108616854587,288.0,2.671822508846198,5.198497031265826,0.0,0,0.6931471805599453,0.6931471805599453,1,11.827743504053695
1274,4.382026634673881,3,4.820281565605037,9.351145248567203,1,1,0,3,0,0,0,7,2,2,0,7,6,7,1959,2006,1,1,9,10,1,4.442651256490317,3,3,1,3,3,0,0,6.579251212010101,6,0.0,5.707110264748875,1019.0,1,4,1,4,7.213031659834869,0.0,0.0,7.213031659834869,1,0.0,1,0,2,0.6931471805599453,5,5,6,1,4,2,1959.0,2,1,312,3,3,2,0.0,0.0,0.0,0.0,5.099866427824199,0.0,0,0,1,0.0,5,2008,8,4,177000.0,7.773173680482536,2,49,2,3.912023005428146,13,5.603593747400769,312.0,2.1381135887323346,5.099866427824199,0.0,1,0.6931471805599453,0.6931471805599453,1,12.083910661257521
1275,3.912023005428146,3,3.970291913552122,8.587092318795905,1,1,3,3,0,0,0,6,2,2,0,0,5,6,1910,2003,1,1,13,15,2,0.0,3,3,2,3,3,3,6,0.0,6,0.0,6.495265555937008,661.0,1,5,1,4,6.493753839851686,6.380122536899765,0.0,7.1308988302963465,0,0.0,2,0,3,0.6931471805599453,3,8,6,1,4,5,1985.0,3,2,552,3,3,2,5.493061443340548,0.0,4.406719247264253,0.0,0.0,0.0,0,4,1,0.0,11,2007,8,4,139000.0,7.555381944240273,2,97,4,3.1354942159291497,11,5.051457288616511,276.0,1.4561934884995578,5.780743515792329,0.0,1,0.6931471805599453,0.6931471805599453,0,11.842236406331555
1276,4.499809670330265,3,4.553876891600541,9.336532397213942,1,1,3,3,0,0,0,12,1,2,2,5,5,5,1948,1950,1,4,0,0,3,6.342121418721152,3,3,1,3,3,3,5,5.3981627015177525,6,0.0,6.5638555265321274,928.0,1,4,1,0,6.833031732786201,6.900730664045173,0.0,7.560080465021827,0,0.0,2,0,4,1.0986122886681098,3,10,6,0,0,5,1948.0,3,2,400,3,2,2,0.0,0.0,0.0,0.0,0.0,0.0,0,4,1,0.0,7,2007,8,4,137000.0,7.954372272531867,2,59,57,4.0943445622221,10,5.2574953720277815,200.0,1.7764519321921148,0.0,0.0,0,0.6931471805599453,0.6931471805599453,1,11.827743504053695
1277,4.0943445622221,3,4.382026634673881,9.467769401256943,1,1,0,3,0,1,0,14,2,2,0,5,6,6,1972,1972,1,1,6,10,2,0.0,3,3,1,3,4,3,1,6.386879319362645,6,0.0,4.875197323201151,723.0,1,3,1,4,6.5998704992128365,6.493753839851686,0.0,7.240649694255466,0,0.6931471805599453,1,1,3,0.6931471805599453,3,6,6,1,3,1,1972.0,3,2,497,3,3,2,5.68697535633982,4.762173934797756,0.0,0.0,0.0,0.0,0,4,1,0.0,12,2009,8,4,162000.0,7.658227526161352,3,37,37,3.6375861597263857,12,5.448890225027411,248.5,2.227119707001477,6.018593214496234,0.0,1,0.6931471805599453,0.6931471805599453,0,11.995357787034976
1278,4.382026634673881,3,4.382026634673881,9.790934566296798,1,1,0,3,0,1,0,14,2,2,0,7,6,5,1967,1976,1,1,6,6,1,5.886104031450156,3,3,1,4,3,0,0,6.270988431858299,6,0.0,7.050122520269059,1680.0,1,2,1,4,7.452402451223638,0.0,0.0,7.452402451223638,1,0.0,1,1,3,0.6931471805599453,3,7,6,1,4,1,1967.0,2,2,480,3,3,2,0.0,0.0,0.0,0.0,0.0,0.0,0,4,1,0.0,6,2009,8,4,197900.0,8.132706489693264,3,42,33,3.7612001156935624,11,5.506492302168325,240.0,2.338532115073159,0.0,0.0,1,0.6931471805599453,0.6931471805599453,1,12.19552218463499
1279,4.0943445622221,3,4.31748811353631,9.156200925875535,1,1,3,3,0,4,0,5,2,2,0,5,8,5,2002,2002,1,1,12,13,2,0.0,4,3,2,4,3,3,2,6.690842277418564,6,0.0,5.783825182329737,1128.0,1,5,1,4,7.028201432058005,6.806829360392176,0.0,7.616283561580385,1,0.0,2,1,3,0.6931471805599453,4,7,6,1,4,1,2002.0,2,2,577,3,3,2,0.0,5.356586274672012,0.0,0.0,0.0,0.0,0,4,1,0.0,3,2008,8,4,237000.0,8.058010800802085,4,6,6,1.9459101490553132,13,5.6703734125250715,288.5,1.5399173642951498,5.356586274672012,0.0,1,0.6931471805599453,0.6931471805599453,0,12.37581963951765
1280,3.912023005428146,0,4.0943445622221,8.922658299524402,1,1,3,3,0,4,0,9,2,2,0,0,4,4,1920,1950,1,1,8,8,2,0.0,3,4,1,3,3,3,6,0.0,6,0.0,6.54965074223381,698.0,1,3,1,0,6.548219102762372,6.066108090103747,0.0,7.028201432058005,0,0.0,1,0,2,0.6931471805599453,3,6,6,0,0,5,1980.0,2,2,528,3,3,2,3.4339872044851463,0.0,5.10594547390058,0.0,0.0,0.0,0,4,1,0.0,4,2010,0,0,68400.0,7.509883061154913,1,90,60,3.4339872044851463,8,5.236441962829949,264.0,1.8944568674663975,5.272999558563747,0.0,0,0.6931471805599453,0.6931471805599453,0,11.133142723386813
1281,2.995732273553991,3,4.204692619390966,9.190953658175992,1,1,0,3,0,4,0,5,2,2,0,2,7,5,2002,2002,1,1,12,13,1,4.709530201312334,4,3,2,4,3,3,2,6.670766320845874,6,0.0,6.666956792429207,1573.0,1,5,1,4,7.360739903058278,0.0,0.0,7.360739903058278,1,0.0,2,0,3,0.6931471805599453,4,6,6,0,0,1,2002.0,2,2,544,3,3,2,0.0,4.290459441148391,0.0,0.0,0.0,0.0,0,4,1,0.0,3,2009,8,4,227000.0,8.053887083618223,3,7,7,2.0794415416798357,12,5.568980433830223,272.0,1.830213755117715,4.290459441148391,0.0,0,0.6931471805599453,0.6931471805599453,1,12.33270970174018
1282,2.995732273553991,3,3.912023005428146,8.993303139093733,1,1,0,3,0,1,0,23,2,2,0,2,7,5,1990,1990,3,1,6,6,1,4.007333185232471,3,3,1,4,3,3,0,6.960347729101308,6,0.0,5.54907608489522,1309.0,1,3,1,4,7.199678345691172,0.0,0.0,7.199678345691172,1,0.0,2,0,2,0.6931471805599453,3,6,6,1,3,1,1990.0,0,2,484,4,4,2,0.0,4.07753744390572,0.0,0.0,4.51085950651685,0.0,0,4,1,0.0,7,2006,8,4,180000.0,7.881559917056899,3,16,16,2.833213344056216,12,5.407918876463118,242.0,1.7936247934025613,5.003946305945459,0.0,1,0.6931471805599453,0.6931471805599453,1,12.100717685412471
1283,2.995732273553991,3,4.110873864173311,9.082507000466299,1,1,0,3,0,4,0,5,2,2,0,2,5,7,1977,2008,1,1,6,6,2,0.0,3,3,1,4,3,2,3,6.278521424165844,5,4.976733742420574,5.8998973535824915,1040.0,1,3,1,4,6.946975992135418,0.0,0.0,6.946975992135418,0,0.0,2,0,3,0.6931471805599453,4,5,6,0,0,5,1977.0,3,2,484,3,3,2,0.0,0.0,0.0,0.0,5.666426688112432,0.0,0,4,1,0.0,9,2009,8,4,150500.0,7.640123172695364,2,32,1,3.4965075614664802,12,5.337538079701318,242.0,2.1355310083308794,5.666426688112432,0.0,0,0.6931471805599453,0.6931471805599453,0,11.921725007667265
1284,4.499809670330265,3,4.543294782270004,9.148464968258095,1,1,3,2,0,0,0,11,2,2,2,5,6,5,1971,1971,4,1,8,15,2,0.0,3,3,1,3,3,0,6,0.0,6,0.0,6.816735880594968,912.0,1,3,1,4,6.815639990074331,6.816735880594968,0.0,7.508787170634276,0,0.0,2,2,4,1.0986122886681098,3,8,6,0,0,6,0.0,1,0,0,0,0,2,4.859812404361672,0.0,0.0,0.0,0.0,0.0,0,4,1,0.0,4,2010,8,4,139000.0,7.914252278742441,4,39,39,7.606387389772652,11,5.429345628954441,0.0,1.6396777976238186,4.859812404361672,0.0,0,0.6931471805599453,0.0,0,11.842236406331555
1285,3.912023005428146,3,3.912023005428146,9.173468897200278,1,1,3,3,0,4,0,18,1,2,0,0,6,7,1919,1990,1,1,13,15,2,0.0,3,3,2,3,3,3,6,0.0,6,0.0,6.690842277418564,804.0,1,5,1,4,7.4377951216719325,6.618738983517219,0.0,7.802618063442671,0,0.0,2,0,4,0.6931471805599453,4,10,3,1,4,5,1969.0,3,1,336,3,3,2,5.60947179518496,0.0,3.7612001156935624,0.0,4.762173934797756,0.0,0,4,1,0.0,3,2010,8,4,169000.0,8.086717920303906,2,91,20,3.7376696182833684,13,5.5000329704486255,336.0,1.3708508337576064,6.066108090103747,0.0,1,0.6931471805599453,0.6931471805599453,0,12.037659911047468
1286,3.912023005428146,4,3.912023005428146,8.699514748210191,1,1,3,3,0,4,0,3,2,2,0,0,6,6,1939,1950,1,1,8,8,2,0.0,3,2,1,3,3,3,6,0.0,6,0.0,6.660575149839686,780.0,1,5,1,1,6.715383386334681,6.376726947898627,0.0,7.252762418053187,0,0.0,1,0,4,0.6931471805599453,3,6,6,1,4,5,1939.0,3,1,280,3,3,2,3.828641396489095,0.0,0.0,0.0,0.0,0.0,0,4,1,0.0,5,2009,8,4,132500.0,7.692569648067906,1,70,59,4.2626798770413155,12,5.461002948825133,280.0,1.4467523301570047,3.828641396489095,0.0,1,0.6931471805599453,0.6931471805599453,0,11.794345471549745
1287,2.995732273553991,3,4.382026634673881,9.189116735524555,1,1,3,3,0,4,0,14,1,2,0,2,6,5,1963,1963,3,1,6,6,1,6.113682179832232,3,3,1,3,3,3,0,6.345636360828596,5,4.406719247264253,6.520621127558696,1328.0,1,3,1,4,7.191429330036379,0.0,0.0,7.191429330036379,1,0.0,1,1,3,0.6931471805599453,3,6,6,2,4,1,1963.0,3,2,528,3,3,2,0.0,3.295836866004329,0.0,0.0,0.0,0.0,0,4,1,0.0,6,2010,8,4,143000.0,7.884576510596324,3,47,47,3.871201010907891,11,5.3996698608083245,264.0,1.997687405488177,3.295836866004329,0.0,1,0.6931471805599453,0.6931471805599453,1,11.870606902224587
1288,2.995732273553991,3,4.382026634673881,10.505067539570582,1,1,0,2,0,4,1,4,2,2,0,2,5,5,1964,1964,1,1,13,14,0,6.432940092739179,3,4,1,3,3,0,5,6.70073110954781,6,0.0,6.70073110954781,1624.0,1,2,1,4,7.366445148327599,0.0,0.0,7.366445148327599,0,0.6931471805599453,2,0,4,0.6931471805599453,3,7,6,0,0,1,1964.0,3,2,390,3,3,0,5.1298987149230735,5.293304824724492,0.0,0.0,0.0,0.0,0,4,1,0.0,6,2006,8,4,190000.0,8.072779333169498,3,42,42,3.7612001156935624,10,5.420534999272286,195.0,3.1386223912429836,5.905361848054571,0.0,0,0.6931471805599453,0.6931471805599453,1,12.154784614286667
1289,4.787491742782046,3,3.6888794541139363,8.641885635373555,1,1,0,3,0,4,0,22,2,2,4,2,8,5,2000,2000,1,1,5,5,2,0.0,4,3,2,4,3,3,2,7.055312843339752,6,0.0,5.840641657373398,1501.0,1,5,1,4,7.413970290190444,0.0,0.0,7.413970290190444,1,0.0,2,0,2,0.6931471805599453,5,5,6,1,5,1,2000.0,0,2,499,3,3,2,5.3612921657094255,4.0943445622221,0.0,0.0,0.0,0.0,0,4,1,0.0,10,2009,8,4,278000.0,8.058327306580958,3,9,9,2.302585092994046,13,5.8045323777563445,249.5,1.227915345183111,5.605802066295998,0.0,1,0.6931471805599453,0.6931471805599453,0,12.535379989788607
1290,4.0943445622221,3,4.454347296253507,9.31154225248515,1,1,0,3,0,4,0,16,2,2,0,5,8,5,2006,2006,1,1,12,13,3,6.670766320845874,4,3,2,4,3,2,6,0.0,6,0.0,6.990256500493881,1085.0,1,5,1,4,7.02108396428914,6.7464121285733745,0.0,7.585788821732034,0,0.0,2,1,3,0.6931471805599453,5,8,6,1,4,3,2006.0,0,3,753,3,3,2,5.181783550292085,4.31748811353631,0.0,0.0,0.0,0.0,0,4,1,0.0,10,2006,6,5,281000.0,8.024534871605695,3,0,0,0.0,13,5.506347280052198,251.0,1.725753430753116,5.529429087511423,0.0,1,0.6931471805599453,0.6931471805599453,1,12.546113507028412
1291,4.382026634673881,3,4.290459441148391,9.554780778246572,1,1,0,3,0,0,0,12,2,2,0,7,5,7,1964,1964,3,1,13,6,1,4.465908118654584,3,3,2,3,3,0,2,6.922643891475888,6,0.0,4.9344739331306915,1152.0,1,3,1,4,7.049254841255837,0.0,0.0,7.049254841255837,1,0.0,1,0,3,0.6931471805599453,3,6,6,1,4,1,1964.0,2,2,484,3,3,2,5.429345628954441,0.0,0.0,0.0,0.0,0.0,0,4,1,0.0,4,2010,8,4,180500.0,7.742402021815782,2,46,46,3.8501476017100584,12,5.2574953720277815,242.0,2.505525936990736,5.429345628954441,0.0,1,0.6931471805599453,0.6931471805599453,1,12.103491596905931
1292,5.075173815233827,4,3.044522437723423,7.426549072397305,1,1,3,3,0,4,0,2,2,2,3,5,5,7,1972,1972,1,1,5,5,1,5.594711379601839,3,3,1,3,3,3,0,5.44673737166631,6,0.0,5.991464547107982,630.0,1,3,1,4,6.4457198193855785,6.511745329644728,0.0,7.171656822768514,0,0.0,2,1,3,0.6931471805599453,3,6,6,0,0,5,1972.0,3,1,264,3,3,2,5.225746673713202,0.0,0.0,0.0,0.0,0.0,0,4,1,0.0,2,2009,8,4,119500.0,7.566311014772463,3,37,37,3.6375861597263857,12,5.37989735354046,264.0,0.25489224962879004,5.225746673713202,0.0,0,0.6931471805599453,0.6931471805599453,1,11.691080018519527
1293,4.248495242049359,4,4.0943445622221,8.794824928014517,1,1,3,3,0,0,0,17,2,2,0,5,5,4,1892,1965,1,1,13,14,2,0.0,3,3,4,3,3,3,6,0.0,6,0.0,6.902742737158593,994.0,1,3,0,4,7.228388451573604,6.902742737158593,0.0,7.771488760117616,0,0.0,2,0,4,1.0986122886681098,3,11,3,0,0,1,1985.0,2,1,432,3,3,2,0.0,5.662960480135946,0.0,0.0,0.0,0.0,0,4,1,0.0,12,2009,8,4,107500.0,8.121480374750751,2,117,44,3.2188758248682006,9,5.373593487319246,432.0,1.0233361678969009,5.662960480135946,0.0,0,0.6931471805599453,0.6931471805599453,0,11.58525542883217
1294,4.0943445622221,3,4.356708826689592,9.224243277145174,1,1,3,3,0,4,0,14,2,2,0,5,7,5,1976,1976,1,1,6,6,2,0.0,3,3,2,4,3,3,2,5.272999558563747,6,0.0,6.459904454377535,832.0,1,3,1,4,6.723832440821209,6.725033642166843,0.0,7.416979621381154,0,0.0,2,1,4,0.6931471805599453,3,8,6,1,3,1,1976.0,2,2,528,3,3,2,0.0,3.367295829986474,0.0,0.0,5.560681631015528,0.0,0,1,1,0.0,3,2006,8,4,162900.0,7.822444729489319,3,30,30,3.4339872044851463,12,5.337538079701318,264.0,1.8072636557640203,5.662960480135946,0.0,1,0.6931471805599453,0.6931471805599453,0,12.000897933306716
1295,2.995732273553991,3,4.0943445622221,9.008468955937513,1,1,3,3,0,4,0,7,2,2,0,2,5,7,1955,1990,3,1,14,10,2,0.0,3,3,1,3,3,3,5,5.123963979403259,6,0.0,6.548219102762372,864.0,1,3,1,4,6.761572768804055,0.0,0.0,6.761572768804055,1,0.0,1,0,2,0.6931471805599453,3,5,6,0,0,5,1957.0,3,2,572,3,3,0,0.0,0.0,0.0,0.0,0.0,0.0,0,4,1,0.0,4,2006,8,4,115000.0,7.454719949364001,2,51,16,3.912023005428146,12,5.152134856369956,286.0,2.246896187133457,0.0,0.0,0,0.6931471805599453,0.6931471805599453,0,11.652696102959753
1296,2.995732273553991,3,4.248495242049359,9.035986984831405,1,1,3,3,0,4,0,12,1,2,0,2,5,5,1968,1968,3,1,6,6,1,5.1298987149230735,3,3,1,3,3,0,1,6.92461239604856,6,0.0,3.6109179126442243,1052.0,1,4,1,4,6.9584483932976555,0.0,0.0,6.9584483932976555,1,0.0,1,1,3,0.6931471805599453,3,5,6,0,0,1,1968.0,2,1,288,3,3,2,5.877735781779639,0.0,0.0,0.0,0.0,0.0,0,1,1,0.0,11,2006,8,4,138500.0,7.651595573857601,3,38,38,3.6635616461296463,10,5.349010480863555,288.0,2.0775385915337496,5.877735781779639,0.0,0,0.6931471805599453,0.6931471805599453,1,11.83863282480007
1297,2.995732273553991,3,4.382026634673881,9.071078304642676,1,1,3,3,0,4,0,12,2,2,0,2,5,6,1963,1963,3,1,8,8,1,5.003946305945459,3,4,1,3,3,2,0,6.655440350367647,6,0.0,5.84354441703136,1120.0,1,4,1,4,7.028201432058005,0.0,0.0,7.028201432058005,1,0.0,2,0,3,0.6931471805599453,3,6,6,0,0,1,1963.0,2,2,525,3,3,2,5.262690188904886,3.044522437723423,4.820281565605037,0.0,0.0,0.0,0,2,1,0.0,12,2008,8,4,155000.0,7.717796211013582,3,45,45,3.828641396489095,11,5.236441962829949,262.5,2.042876872584671,5.817111159963204,0.0,0,0.6931471805599453,0.6931471805599453,1,11.951186847493476
1298,5.19295685089021,4,3.5553480614894135,8.209308411646937,1,1,3,3,0,4,0,7,2,2,4,6,6,5,2005,2006,1,1,12,13,1,4.418840607796598,3,3,2,4,3,1,2,6.306275286948016,6,0.0,0.0,547.0,1,4,1,4,6.977281341630747,0.0,0.0,6.977281341630747,1,0.0,2,0,2,0.6931471805599453,3,5,6,0,0,2,2005.0,0,2,525,3,3,2,0.0,3.8066624897703196,0.0,0.0,0.0,0.0,0,4,1,0.0,6,2006,6,5,140000.0,7.389563953677635,3,1,0,0.6931471805599453,11,5.367843429196647,262.5,1.2320270700161897,3.8066624897703196,0.0,0,0.6931471805599453,0.6931471805599453,1,11.849404844423074
1299,4.0943445622221,3,5.746203190540153,11.064871176788817,1,1,2,0,0,0,0,7,1,2,0,5,10,5,2008,2008,3,0,11,12,3,6.680854678790215,5,3,2,5,3,1,2,8.638525476583762,6,0.0,6.1463292576688975,2155.05,1,5,1,4,8.453614209773367,6.85751406254539,0.0,8.637993891561942,2,0.0,2,1,3,0.6931471805599453,5,12,6,3,4,1,2008.0,0,2,1418,3,3,2,5.3706380281276624,5.680172609017068,0.0,0.0,0.0,6.175867270105761,4,4,1,0.0,1,2008,6,5,444081.5459000006,8.96150073601188,5,0,0,0.0,15,6.1530872417739415,709.0,2.4268772852268756,6.2285110035911835,0.6931471805599453,1,0.6931471805599453,0.6931471805599453,1,13.00376573832365
1300,2.995732273553991,3,4.31748811353631,8.922658299524402,1,1,3,3,0,4,0,12,2,2,0,2,5,7,1959,1994,3,1,3,3,2,0.0,3,3,1,3,3,3,3,5.831882477283517,5,6.810142450115136,0.0,1246.0,1,5,1,4,7.1276936993473985,0.0,0.0,7.1276936993473985,1,0.0,1,1,3,0.6931471805599453,4,6,6,0,0,1,1959.0,2,1,305,3,3,2,5.389071729816501,0.0,0.0,0.0,0.0,0.0,0,0,1,0.0,5,2010,8,4,154000.0,7.820840879907344,3,51,16,3.9512437185814275,12,5.335934230119343,305.0,1.7949646001770034,5.389071729816501,0.0,0,0.6931471805599453,0.6931471805599453,0,11.944714374881176
1301,4.0943445622221,3,4.174387269895637,9.283776690049365,1,1,0,3,0,1,0,8,2,2,0,5,7,5,1999,1999,1,1,12,13,2,5.84354441703136,4,3,2,4,3,3,2,6.543911845564792,6,0.0,5.652489180268651,978.0,1,5,1,4,6.912742820493176,6.88653164253051,0.0,7.592366128519796,0,0.0,2,1,3,0.6931471805599453,4,9,6,1,3,1,1999.0,0,2,490,3,3,2,0.0,0.0,0.0,0.0,0.0,0.0,0,4,1,0.0,5,2009,8,4,225000.0,7.993282328101591,3,10,10,2.3978952727983707,12,5.395141551183577,245.0,1.691410561529569,0.0,0.0,1,0.6931471805599453,0.6931471805599453,1,12.323860125621126
1302,4.248495242049359,3,4.30406509320417,8.922658299524402,1,1,0,0,0,4,0,6,2,2,0,5,6,7,1942,1950,1,1,13,14,2,0.0,3,3,1,3,3,3,1,6.306275286948016,6,0.0,5.41610040220442,771.0,1,2,1,4,6.6240652277998935,6.60934924316738,0.0,7.309212365692763,0,0.0,1,0,3,0.6931471805599453,4,7,6,2,4,1,1942.0,3,1,213,3,3,1,0.0,0.0,0.0,0.0,5.41610040220442,0.0,0,4,1,0.0,11,2009,8,4,177500.0,7.725330037917135,1,67,59,4.219507705176107,13,5.363302216637449,213.0,1.6134459338316391,5.41610040220442,0.0,1,0.6931471805599453,0.6931471805599453,0,12.086731521684555
1303,4.0943445622221,3,4.5217885770490405,9.222268942841456,1,1,3,3,0,4,0,15,2,2,0,5,8,5,1994,1994,3,1,12,13,1,5.971261839790462,4,3,2,4,3,3,2,6.608000625296087,6,0.0,6.054439346269371,1165.0,1,5,1,4,7.0925737159746784,7.188412736496954,0.0,7.8343923029104365,1,0.0,2,1,4,0.6931471805599453,4,8,6,1,3,1,1994.0,2,3,844,3,3,2,5.736572297479192,4.3694478524670215,0.0,0.0,0.0,0.0,0,4,1,0.0,12,2006,8,4,290000.0,8.213652703029998,4,12,12,2.5649493574615367,13,5.7549507612306,281.3333333333333,1.3878766399310203,5.961005339623274,0.0,1,0.6931471805599453,0.6931471805599453,1,12.577639650232573
1304,2.995732273553991,3,4.290459441148391,9.069698042173716,1,1,3,3,0,4,0,21,2,2,0,2,7,5,2005,2005,1,1,12,13,1,5.43372200355424,4,3,2,4,3,0,6,0.0,6,0.0,7.388327859577107,1616.0,1,5,1,4,7.38770923908104,0.0,0.0,7.38770923908104,0,0.0,2,0,3,0.6931471805599453,4,7,6,0,0,1,2005.0,2,3,834,3,3,2,5.342334251964811,4.0943445622221,0.0,0.0,0.0,0.0,0,4,1,0.0,4,2006,8,4,232000.0,8.080856419640986,2,1,1,0.6931471805599453,12,5.441799090025728,278.0,1.681988803092676,5.5909869805108565,0.0,0,0.6931471805599453,0.6931471805599453,1,12.354496960983985
1305,5.075173815233827,4,3.4657359027997265,8.12058871174027,1,1,3,3,0,4,0,7,2,2,4,5,7,5,2004,2004,1,1,12,13,3,4.770684624465665,4,3,2,4,3,3,6,0.0,6,0.0,6.884486652042782,976.0,1,5,1,4,6.883462586413092,6.597145701886651,0.0,7.443078374348516,0,0.0,2,0,3,0.6931471805599453,4,7,0,0,0,5,2004.0,3,2,380,3,3,2,0.0,3.713572066704308,0.0,0.0,0.0,0.0,0,4,1,0.0,4,2006,8,4,130000.0,7.895063498091573,2,2,2,1.0986122886681098,12,5.497168225293202,190.0,0.6775103373917544,3.713572066704308,0.0,0,0.6931471805599453,0.6931471805599453,1,11.775297421715827
1306,2.995732273553991,3,4.68213122712422,9.485924559229828,1,1,0,3,0,0,0,16,2,2,0,2,9,5,2006,2007,3,1,12,13,3,5.707110264748875,4,3,2,5,3,3,2,7.360739903058278,6,0.0,4.394449154672439,1652.0,1,5,1,4,7.409741954080923,0.0,0.0,7.409741954080923,1,0.0,2,0,2,0.6931471805599453,5,6,6,2,5,1,2006.0,0,2,840,3,3,2,6.003887067106539,4.634728988229636,0.0,0.0,0.0,0.0,0,4,1,0.0,11,2009,8,4,325000.0,8.102889134640868,3,3,2,1.3862943611198906,14,5.6179824848528686,420.0,2.0761826051489036,6.2285110035911835,0.0,1,0.6931471805599453,0.6931471805599453,1,12.691583538230217
1307,4.787491742782046,3,3.871201010907891,8.847216104357543,1,1,0,3,0,4,0,16,2,2,4,2,7,5,2005,2006,1,1,12,13,3,4.553876891600541,4,3,2,4,3,3,6,0.0,6,0.0,7.221835825288449,1368.0,1,5,1,4,7.221105098182496,0.0,0.0,7.221105098182496,0,0.0,2,0,2,0.6931471805599453,4,6,6,1,4,1,2005.0,2,2,474,3,3,2,4.890349128221754,3.58351893845611,0.0,0.0,0.0,0.0,0,4,1,0.0,9,2006,6,5,202500.0,7.914252278742441,2,1,0,0.6931471805599453,12,5.429345628954441,237.0,1.6261110061750474,5.123963979403259,0.0,1,0.6931471805599453,0.6931471805599453,1,12.218500103788143
1308,2.995732273553991,3,4.0943445622221,8.996156562033445,1,1,3,3,0,4,0,5,2,2,0,2,5,5,1994,1995,1,1,12,13,2,0.0,3,4,2,4,4,3,0,6.616065185132817,6,0.0,5.501258210544727,990.0,1,5,1,4,6.897704943128636,0.0,0.0,6.897704943128636,1,0.0,1,0,3,0.6931471805599453,3,5,6,0,0,5,2000.0,3,2,480,3,3,2,0.0,4.174387269895637,0.0,0.0,0.0,0.0,0,4,1,0.0,5,2009,8,4,138000.0,7.590852123688581,2,15,14,2.302585092994046,10,5.288267030694535,240.0,2.0984516189048095,4.174387269895637,0.0,0,0.6931471805599453,0.6931471805599453,0,11.835016210489899
1309,2.995732273553991,4,4.605170185988092,9.392661928770137,1,1,3,3,0,4,0,17,2,2,0,2,5,7,1948,2005,1,1,8,8,2,0.0,3,3,1,3,3,3,2,4.976733742420574,0,6.411818267709897,5.153291594497779,924.0,1,5,1,4,7.022868086082641,0.0,0.0,7.022868086082641,1,0.0,1,0,2,0.6931471805599453,4,6,6,0,0,1,1948.0,3,2,528,3,3,2,0.0,3.6109179126442243,0.0,0.0,0.0,0.0,0,1,1,0.0,5,2008,8,4,147000.0,7.6236419465115715,2,60,3,4.110873864173311,12,5.231108616854587,264.0,2.369793842687496,3.6109179126442243,0.0,0,0.6931471805599453,0.6931471805599453,0,11.898194668458823
1310,2.995732273553991,3,4.197201947661808,8.875287128108384,1,1,3,3,0,4,0,20,2,2,0,2,6,5,1991,1991,1,1,6,6,1,4.48863636973214,3,3,1,4,3,3,2,7.0909098220799835,6,0.0,4.3694478524670215,1278.0,1,4,1,4,7.165493475060845,0.0,0.0,7.165493475060845,1,0.0,2,0,3,0.6931471805599453,4,6,6,0,0,1,1991.0,2,2,496,3,3,2,4.727387818712341,3.9512437185814275,0.0,0.0,0.0,0.0,0,1,1,0.0,6,2008,8,4,179200.0,7.85243908535751,3,17,17,2.8903717578961645,11,5.373734005832791,248.0,1.709793653047538,5.099866427824199,0.0,0,0.6931471805599453,0.6931471805599453,1,12.09626335986454
1311,2.995732273553991,3,4.605170185988092,9.769956159911606,1,1,3,3,0,4,0,6,3,2,0,2,7,8,1959,2002,1,1,3,6,2,0.0,4,4,2,4,3,0,2,7.249215057114389,6,0.0,6.208590026096629,1902.0,1,3,1,4,7.550661243105336,0.0,0.0,7.550661243105336,1,0.0,2,0,3,0.6931471805599453,5,7,6,2,3,1,1959.0,0,2,567,3,3,2,0.0,5.337538079701318,5.093750200806762,0.0,0.0,0.0,0,4,1,0.0,5,2010,8,4,335000.0,8.24380842366528,3,51,8,3.9512437185814275,15,5.604751094050022,283.5,2.2192949168062697,5.91350300563827,0.0,1,0.6931471805599453,0.6931471805599453,0,12.721888795877375
1312,2.995732273553991,3,4.219507705176107,9.084096645401932,1,1,3,3,0,4,0,5,2,2,0,2,7,5,2005,2007,1,1,12,13,1,4.394449154672439,4,3,2,4,3,3,2,6.8308742346461795,6,0.0,5.857933154483459,1274.0,1,5,1,4,7.149916836132109,0.0,0.0,7.149916836132109,1,0.0,2,0,3,0.6931471805599453,4,6,6,0,0,1,2005.0,2,2,508,3,3,2,5.579729825986222,4.59511985013459,0.0,0.0,0.0,0.0,0,4,1,0.0,1,2007,6,5,203000.0,7.843064016692054,3,2,0,1.0986122886681098,12,5.358157366904054,254.0,1.9341798092698237,5.8944028342648505,0.0,0,0.6931471805599453,0.6931471805599453,1,12.220966184120165
1313,4.0943445622221,3,4.51085950651685,9.166597449028265,1,1,0,3,0,4,0,15,2,2,0,5,8,5,1990,1990,1,1,13,14,1,5.820082930352362,4,3,2,5,3,3,2,6.180016653652572,6,0.0,6.879355804460439,1453.0,1,5,1,4,7.2813856635702825,7.213768308118642,0.0,7.940939762327791,0,0.0,2,1,4,0.6931471805599453,4,9,6,1,5,1,1990.0,2,2,750,4,4,2,6.2166061010848646,0.0,0.0,0.0,0.0,0.0,0,4,1,0.0,6,2007,8,4,302000.0,8.35772841676521,3,17,17,2.8903717578961645,13,5.743715184991572,375.0,1.2256576867004725,6.2166061010848646,0.0,1,0.6931471805599453,0.6931471805599453,1,12.618185607609803
1314,4.0943445622221,3,4.68213122712422,9.600624158088683,1,1,0,3,0,0,0,15,2,2,0,5,9,5,1999,1999,1,1,12,13,1,5.111987788356544,4,3,2,4,3,3,6,0.0,6,0.0,7.2399325913204695,1393.0,1,5,1,4,7.259819610363186,7.071573364211532,0.0,7.8628820346414905,0,0.0,2,1,4,0.6931471805599453,4,10,6,1,3,3,1999.0,0,3,779,3,3,2,6.505784060128229,3.4339872044851463,0.0,0.0,0.0,0.0,0,4,1,0.0,5,2010,8,4,333168.0,8.292047637431354,3,11,11,2.4849066497880004,14,5.560296941647445,259.6666666666667,1.7377421234471928,6.54965074223381,0.0,1,0.6931471805599453,0.6931471805599453,1,12.716405147731708
1315,2.995732273553991,3,4.0943445622221,9.010669176847115,1,1,3,3,0,4,0,7,2,2,0,2,4,6,1954,1954,3,1,13,14,2,0.0,3,3,1,3,3,3,5,6.597145701886651,6,0.0,5.37989735354046,948.0,1,5,1,4,6.854354502255021,0.0,0.0,6.854354502255021,1,0.0,1,0,3,0.6931471805599453,3,5,6,1,3,5,1956.0,3,1,280,3,3,2,0.0,3.6109179126442243,0.0,0.0,0.0,0.0,0,4,1,0.0,10,2007,8,4,119000.0,7.547501682814967,2,53,53,3.9512437185814275,10,5.244916589820922,280.0,2.1563146745920934,3.6109179126442243,0.0,1,0.6931471805599453,0.6931471805599453,0,11.686887175419702
1316,4.0943445622221,3,4.442651256490317,9.312445594913337,1,1,3,3,0,4,0,12,2,2,0,5,6,5,1969,1969,1,1,6,6,2,0.0,3,3,1,2,3,2,0,6.2166061010848646,3,5.6240175061873385,5.176149732573829,952.0,1,3,1,4,6.9957661563048505,6.928537818164665,0.0,7.655390644826152,0,0.0,2,1,4,0.6931471805599453,3,9,6,2,4,1,1969.0,3,2,576,3,3,2,5.638354669333745,0.0,0.0,0.0,0.0,0.0,0,4,1,0.0,6,2008,8,4,206900.0,8.027476530860483,3,39,39,3.6888794541139363,11,5.458166067489933,288.0,1.6570549500871843,5.638354669333745,0.0,1,0.6931471805599453,0.6931471805599453,0,12.239995696974733
1317,2.995732273553991,3,4.110873864173311,9.232688775639945,1,1,0,3,0,4,0,5,2,2,0,2,8,5,2008,2008,1,1,12,13,3,5.602118820879701,4,3,2,5,3,1,6,0.0,6,0.0,7.392031567514591,1622.0,1,5,1,4,7.396335293800808,0.0,0.0,7.396335293800808,1,0.0,2,0,3,0.6931471805599453,5,8,6,1,4,1,2008.0,2,3,860,3,3,2,5.153291594497779,3.7612001156935624,0.0,0.0,0.0,0.0,0,4,1,0.0,1,2009,8,4,295493.0,8.087025470667701,3,1,1,0.6931471805599453,13,5.316893752120972,286.6666666666667,1.8363534818391365,5.3706380281276624,0.0,1,0.6931471805599453,0.6931471805599453,1,12.596403811053621
1318,4.787491742782046,1,3.8501476017100584,8.349957272040324,1,2,3,3,0,0,0,21,2,2,4,2,7,5,2006,2007,1,1,12,13,2,0.0,4,3,2,5,4,3,6,0.0,6,0.0,7.210079628170788,1352.0,1,5,1,4,7.20934025660291,0.0,0.0,7.20934025660291,0,0.0,2,0,2,0.6931471805599453,4,5,6,1,4,1,2006.0,2,2,466,3,3,2,0.0,5.488937726156687,0.0,0.0,0.0,0.0,0,4,1,0.0,4,2007,6,5,208900.0,7.902487437162855,2,1,0,0.6931471805599453,12,5.599902344168809,233.0,1.1406170154374142,5.488937726156687,0.0,1,0.6931471805599453,0.6931471805599453,0,12.249615734512616
1319,2.995732273553991,3,4.248495242049359,9.601097851212073,1,1,1,3,0,1,0,5,2,2,0,2,8,5,2001,2002,3,1,12,13,1,5.187385805840755,4,3,2,4,3,1,6,0.0,6,0.0,7.469654172932128,1753.0,1,5,1,4,7.488293515159428,0.0,0.0,7.488293515159428,0,0.0,2,0,3,0.6931471805599453,4,7,6,1,3,1,2001.0,2,3,748,3,3,2,5.293304824724492,5.017279836814924,0.0,0.0,0.0,0.0,0,4,1,0.0,8,2006,8,4,275000.0,8.17188200612782,2,5,4,1.791759469228055,13,5.542383366104115,249.33333333333334,2.112804336052645,5.855071922202427,0.0,1,0.6931471805599453,0.6931471805599453,1,12.524530013005734
1320,2.995732273553991,3,4.31748811353631,9.231612507251722,1,1,3,0,0,4,0,7,2,2,0,2,4,5,1954,1954,3,1,13,14,1,4.890349128221754,3,3,2,3,3,3,0,6.20050917404269,6,0.0,5.921578419643816,864.0,1,5,1,4,6.854354502255021,0.0,0.0,6.854354502255021,0,0.0,1,0,3,0.6931471805599453,3,5,6,0,0,1,1954.0,3,1,248,3,3,2,0.0,0.0,0.0,0.0,0.0,0.0,0,4,1,0.0,2,2007,8,4,111000.0,7.502186486602924,1,53,53,3.9889840465642745,9,5.244916589820922,248.0,2.3772580049967007,0.0,0.0,0,0.6931471805599453,0.6931471805599453,1,11.6172944892629
1321,2.995732273553991,3,4.248495242049359,9.035986984831405,1,1,3,3,0,4,0,12,2,2,0,2,6,3,1957,1957,3,1,3,3,2,0.0,3,3,1,3,3,3,0,5.247024072160486,5,6.495265555937008,6.444131256700441,1478.0,1,4,1,4,7.298445101508147,0.0,0.0,7.298445101508147,1,0.0,1,1,3,0.6931471805599453,3,6,6,2,4,1,1957.0,2,2,442,3,3,2,4.74493212836325,0.0,0.0,0.0,5.37989735354046,0.0,0,4,1,0.0,6,2009,8,4,156500.0,7.991592282068092,3,52,52,3.970291913552122,9,5.506685632280092,221.0,1.7375418833232579,5.802118375377063,0.0,1,0.6931471805599453,0.6931471805599453,0,11.960817678718287
1322,2.995732273553991,3,3.9512437185814275,8.798907492088226,1,1,0,3,0,0,0,3,1,2,0,2,3,6,1949,1950,3,1,12,13,2,0.0,3,3,1,0,0,4,4,0.0,4,0.0,0.0,0.0,0,3,0,4,6.579251212010101,0.0,0.0,6.579251212010101,0,0.0,1,0,2,0.6931471805599453,3,4,6,0,0,5,1955.0,3,1,287,3,2,2,0.0,0.0,0.0,0.0,0.0,0.0,0,4,1,0.0,7,2008,8,4,72500.0,6.579251212010101,1,59,58,3.9889840465642745,9,5.19295685089021,287.0,2.219656280078126,0.0,0.0,0,0.0,0.6931471805599453,0,11.19135563385109
1323,4.0943445622221,3,4.672828834461906,9.22876950744455,1,1,0,3,0,4,0,15,2,2,0,5,7,5,1992,1992,1,1,6,6,2,0.0,4,3,2,4,3,3,2,6.51471269087253,6,0.0,4.343805421853684,750.0,1,5,1,4,6.966967138613983,6.760414691083428,0.0,7.56164174558878,1,0.0,2,1,3,0.6931471805599453,4,8,6,1,3,1,1992.0,2,2,564,3,3,2,5.484796933490655,3.6888794541139363,0.0,0.0,0.0,0.0,0,4,1,0.0,6,2010,8,4,190000.0,7.890956716138919,4,18,18,2.9444389791664403,12,5.482200203908944,282.0,1.66712776185577,5.634789603169249,0.0,1,0.6931471805599453,0.6931471805599453,0,12.154784614286667
1324,3.4011973816621555,3,3.912023005428146,8.58110651715989,1,1,3,1,0,4,0,3,2,2,0,2,4,7,1940,1950,3,1,12,13,2,0.0,2,3,1,3,3,3,3,5.638354669333745,6,0.0,4.948759890378168,420.0,1,4,1,4,6.56244409369372,0.0,0.0,6.56244409369372,0,0.0,1,0,2,0.6931471805599453,2,5,6,0,0,6,0.0,1,0,0,0,0,2,5.10594547390058,0.0,0.0,0.0,0.0,0.0,0,4,1,0.0,12,2009,8,4,82500.0,7.028201432058005,1,69,59,7.605890001053122,11,4.953006181259619,0.0,2.0186624234661705,5.10594547390058,0.0,0,0.6931471805599453,0.0,0,11.320565693461432
1325,2.995732273553991,3,4.31748811353631,9.208939391060555,1,1,3,3,0,4,0,21,2,2,0,2,8,5,2006,2007,1,1,12,13,1,6.061456918928017,4,3,2,5,3,0,6,0.0,6,0.0,7.493317248862145,1795.0,1,5,1,4,7.492760300922379,0.0,0.0,7.492760300922379,0,0.0,2,0,2,0.6931471805599453,4,7,6,1,4,1,2007.0,2,3,895,3,3,2,0.0,3.912023005428146,0.0,0.0,0.0,0.0,0,4,1,0.0,2,2007,6,5,147000.0,8.185907481482324,2,1,0,0.0,13,5.546850151867066,298.3333333333333,1.7161790901381753,3.912023005428146,0.0,1,0.6931471805599453,0.6931471805599453,1,11.898194668458823
1326,3.4011973816621555,4,3.6888794541139363,8.19863945529737,1,1,3,3,0,4,0,9,2,2,0,2,4,4,1922,1950,1,1,0,0,2,0.0,3,3,0,3,2,3,6,0.0,6,0.0,6.680854678790215,796.0,1,2,0,4,6.679599185844383,0.0,0.0,6.679599185844383,0,0.0,1,0,2,0.6931471805599453,3,5,6,0,0,6,0.0,1,0,0,0,0,0,0.0,0.0,4.61512051684126,0.0,0.0,0.0,0,2,1,0.0,1,2008,8,4,55000.0,7.3727463664043285,1,86,58,7.605392364814935,8,5.0701612734102826,0.0,1.5190402694529863,4.61512051684126,0.0,0,0.6931471805599453,0.0,0,10.915106645867503
1327,3.4011973816621555,2,4.248495242049359,8.35936910622267,1,1,3,0,0,4,1,7,2,2,0,2,3,6,1931,2006,1,1,8,8,2,0.0,3,3,0,3,3,3,5,6.300785794663244,6,0.0,0.0,544.0,1,5,1,4,6.651571873589727,0.0,0.0,6.651571873589727,0,0.0,1,0,3,0.6931471805599453,4,6,6,0,0,6,0.0,1,0,0,0,0,2,0.0,0.0,5.659482215759621,0.0,0.0,0.0,0,4,1,0.0,5,2007,8,4,79000.0,7.183870715062453,1,76,1,7.60489448081162,9,4.859812404361672,0.0,1.7077972326329431,5.659482215759621,0.0,0,0.6931471805599453,0.0,0,11.277215789596893
1328,2.995732273553991,3,4.0943445622221,8.794824928014517,1,1,3,3,0,4,0,11,2,2,0,2,5,9,1982,2008,1,1,12,13,2,0.0,4,4,1,3,3,3,0,6.464588303689961,6,0.0,5.170483995038151,816.0,1,5,1,4,6.704414354964107,0.0,0.0,6.704414354964107,0,0.6931471805599453,1,0,3,0.6931471805599453,4,5,6,1,5,1,1982.0,3,1,264,3,3,2,0.0,0.0,0.0,0.0,0.0,0.0,0,2,1,0.0,10,2008,8,4,130500.0,7.397561535524052,2,26,0,3.295836866004329,14,5.094976442530006,264.0,2.0904105730504097,0.0,0.0,1,0.6931471805599453,0.6931471805599453,0,11.779136168550774
1329,3.912023005428146,4,4.0943445622221,9.25339986143663,1,0,3,3,0,0,0,17,2,2,0,0,6,7,1920,1950,1,1,3,14,2,0.0,4,4,0,4,3,3,3,6.202535517187923,6,0.0,6.925595197110468,1510.0,2,5,1,4,7.367708572374371,7.097548850614793,0.0,7.934513463882263,0,0.0,2,0,5,0.6931471805599453,3,8,4,2,3,5,1920.0,3,2,520,2,3,2,0.0,6.306275286948016,0.0,0.0,6.175867270105761,0.0,0,2,3,7.048386408721883,6,2008,8,4,256000.0,8.366835309827675,2,88,58,4.48863636973214,13,5.855071922202427,260.0,1.3188863975543665,6.93537044601511,0.0,1,0.6931471805599453,0.6931471805599453,0,12.45293662970407
1330,4.0943445622221,3,4.143134726391533,9.114269903225448,1,1,0,3,0,4,0,8,2,2,0,5,7,5,1998,1998,3,1,12,13,2,0.0,3,3,2,4,3,3,6,0.0,6,0.0,6.841615476477592,935.0,1,4,1,4,6.86171134048073,6.519147287940395,0.0,7.397561535524052,0,0.0,2,1,3,0.6931471805599453,3,8,6,1,3,1,1998.0,0,2,462,3,3,2,0.0,3.367295829986474,0.0,0.0,0.0,0.0,0,4,1,0.0,6,2006,8,4,176500.0,7.8504931808711405,3,8,8,2.1972245773362196,12,5.318119993844216,231.0,1.7167083677013968,3.367295829986474,0.0,1,0.6931471805599453,0.6931471805599453,0,12.081081821061819
1331,2.995732273553991,3,4.442651256490317,9.210340371976184,1,1,3,3,0,4,0,21,2,2,0,2,8,5,2006,2006,3,1,12,13,3,6.018593214496234,4,3,2,4,4,0,6,0.0,6,0.0,7.370860166536716,1588.0,1,5,1,4,7.370230641807081,0.0,0.0,7.370230641807081,0,0.0,2,0,3,0.6931471805599453,4,7,6,1,4,1,2006.0,2,3,825,3,3,2,4.976733742420574,3.828641396489095,0.0,0.0,0.0,0.0,0,4,1,0.0,12,2007,8,4,227000.0,8.063377822367027,2,1,1,0.6931471805599453,13,5.424320492751768,275.0,1.8401097301691016,5.247024072160486,0.0,1,0.6931471805599453,0.6931471805599453,1,12.33270970174018
1332,4.382026634673881,3,4.007333185232471,9.285447844462988,1,1,0,3,0,4,0,5,2,2,0,7,5,5,1976,1976,1,1,8,8,2,0.0,3,3,1,3,3,0,0,6.182084906716632,6,0.0,6.061456918928017,911.0,1,4,1,4,6.860663671448287,0.0,0.0,6.860663671448287,0,0.0,1,0,3,0.6931471805599453,3,6,6,0,0,5,1976.0,3,2,576,3,3,2,0.0,0.0,0.0,0.0,0.0,0.0,0,4,1,0.0,7,2006,8,4,132500.0,7.5310163320779155,1,30,30,3.4339872044851463,10,5.0689042022202315,288.0,2.4247841730147015,0.0,0.0,0,0.6931471805599453,0.6931471805599453,0,11.794345471549745
1333,2.995732273553991,3,4.204692619390966,9.09121894106832,1,1,3,3,0,4,1,7,2,2,0,2,4,6,1938,1958,1,1,8,8,2,0.0,3,3,1,3,3,2,0,6.53813982376767,6,0.0,4.844187086458591,816.0,1,5,1,4,6.704414354964107,0.0,0.0,6.704414354964107,1,0.0,1,0,2,0.6931471805599453,3,3,6,1,4,5,1958.0,3,1,288,2,2,2,0.0,0.0,0.0,0.0,0.0,0.0,0,4,1,0.0,5,2009,8,4,100000.0,7.397561535524052,2,71,51,3.9512437185814275,10,5.605802066295998,288.0,2.3868045861042124,0.0,0.0,1,0.6931471805599453,0.6931471805599453,0,11.51293546492023
1334,3.912023005428146,4,4.0943445622221,8.881836305004146,1,1,3,3,0,0,0,9,2,2,0,0,5,6,1938,1995,1,1,13,14,2,0.0,3,3,1,3,3,3,6,0.0,6,0.0,6.6895992691789665,803.0,1,5,1,4,6.688354713946762,6.324358962381311,0.0,7.215239978730097,0,0.0,1,1,2,0.6931471805599453,4,6,6,0,0,5,1951.0,3,1,297,3,3,2,0.0,4.189654742026425,5.25227342804663,0.0,0.0,0.0,0,2,1,0.0,7,2006,8,4,125500.0,7.679251425953058,2,68,11,4.02535169073515,11,5.423480509502043,297.0,1.6665963262740489,5.545177444479562,0.0,0,0.6931471805599453,0.6931471805599453,0,11.74006900564972
1335,5.075173815233827,4,3.1780538303479458,7.769800996003896,1,1,3,3,0,4,0,2,2,2,4,5,5,6,1970,1970,1,1,6,6,2,5.746203190540153,3,3,1,3,3,3,3,6.641182169740591,6,0.0,0.0,765.0,1,3,1,4,6.639875833826536,6.398594934535208,0.0,7.21890970761906,0,0.0,1,1,3,0.6931471805599453,3,7,2,0,0,1,1970.0,3,2,440,3,3,2,0.0,3.6109179126442243,0.0,0.0,0.0,0.0,0,4,1,0.0,5,2009,8,4,125000.0,7.6638772587034705,2,39,39,3.6888794541139363,11,5.272999558563747,220.0,0.5508912883848363,3.6109179126442243,0.0,0,0.6931471805599453,0.6931471805599453,1,11.736077016252437
1336,2.995732273553991,3,4.382026634673881,9.174713194333032,1,1,3,3,0,4,0,14,2,2,0,2,6,5,1977,1977,1,1,9,10,1,5.8888779583328805,3,3,1,4,3,3,0,6.532334292222349,6,0.0,6.499787040655854,1350.0,1,3,1,4,7.195937226475569,0.0,0.0,7.195937226475569,0,0.6931471805599453,2,0,2,0.6931471805599453,3,6,6,1,3,1,1977.0,2,2,630,3,3,2,0.0,2.833213344056216,0.0,0.0,0.0,0.0,0,4,1,0.0,4,2009,8,4,167900.0,7.895063498091573,3,32,32,3.4965075614664802,11,5.404177757247514,315.0,1.9787759678574626,2.833213344056216,0.0,1,0.6931471805599453,0.6931471805599453,1,12.031129798974042
1337,4.499809670330265,3,4.465908118654584,9.13194630454817,1,1,0,3,0,4,0,14,1,2,2,2,5,5,1973,1973,1,1,9,10,1,6.336825731146441,3,3,1,3,3,3,6,0.0,6,0.0,7.4127640174265625,1656.0,1,3,1,4,7.412160334945205,0.0,0.0,7.412160334945205,0,0.0,2,0,4,1.0986122886681098,3,8,6,0,0,5,1973.0,3,2,506,3,3,2,0.0,5.356586274672012,0.0,0.0,0.0,0.0,0,4,1,0.0,11,2008,8,4,135000.0,8.10530751550515,2,35,35,3.58351893845611,10,5.332718793265369,253.0,1.7197859696029656,5.356586274672012,0.0,0,0.6931471805599453,0.6931471805599453,1,11.813037464800539
1338,3.4011973816621555,4,5.030437921392435,8.323122887587735,1,0,0,0,0,0,1,17,1,2,0,2,4,4,1941,1950,1,1,13,14,2,0.0,3,3,1,3,3,3,6,0.0,6,0.0,6.542471960506805,693.0,3,2,0,0,6.541029999189903,0.0,0.0,6.541029999189903,0,0.0,1,0,2,0.6931471805599453,2,4,6,0,0,6,0.0,1,0,0,0,0,0,0.0,3.044522437723423,0.0,0.0,0.0,0.0,0,4,1,0.0,3,2006,8,4,52500.0,7.234177179749849,1,65,56,7.604396348796338,8,5.1547356380700124,0.0,1.7820928883978315,3.044522437723423,0.0,0,0.6931471805599453,0.0,0,10.868587496017359
1339,4.0943445622221,3,4.553876891600541,9.506734385029985,1,1,0,3,0,0,0,5,2,2,0,5,7,5,2002,2002,1,1,12,13,2,0.0,4,3,2,4,3,3,2,6.55250788703459,6,0.0,5.37989735354046,916.0,1,5,1,4,6.824373670043086,6.848005274576363,0.0,7.528869256642251,1,0.0,2,1,3,0.6931471805599453,4,8,6,0,0,3,2002.0,2,2,492,3,3,2,4.990432586778736,4.5217885770490405,0.0,0.0,0.0,0.0,0,4,1,0.0,6,2006,8,4,200000.0,7.9291264873067995,4,4,4,1.6094379124341003,12,5.449427714962415,246.0,1.9778651283877344,5.472270673671475,0.0,0,0.6931471805599453,0.6931471805599453,0,12.206077645517674
1340,2.995732273553991,3,4.787491742782046,9.165343006045447,1,1,0,3,0,0,0,5,2,2,0,2,5,7,1972,1972,3,1,8,8,2,0.0,3,4,1,3,3,2,5,5.8888779583328805,6,0.0,6.22455842927536,864.0,1,5,1,4,6.761572768804055,0.0,0.0,6.761572768804055,0,0.0,1,0,3,0.6931471805599453,3,5,6,0,0,1,1972.0,2,1,288,3,3,2,0.0,0.0,0.0,0.0,0.0,0.0,0,4,1,0.0,6,2006,8,4,128500.0,7.454719949364001,1,34,34,3.5553480614894135,12,5.152134856369956,288.0,2.403770237241391,0.0,0.0,0,0.6931471805599453,0.6931471805599453,0,11.763691965388299
1341,2.995732273553991,3,4.248495242049359,9.023287640806327,1,1,3,3,0,4,0,12,2,2,0,2,4,5,1971,1971,1,1,8,8,2,0.0,3,3,1,3,3,3,6,0.0,6,0.0,6.755768921984255,858.0,1,3,1,4,6.77078942390898,0.0,0.0,6.77078942390898,0,0.0,1,0,3,0.6931471805599453,3,5,6,0,0,5,1974.0,3,4,480,3,3,2,0.0,0.0,0.0,0.0,0.0,0.0,0,1,1,0.0,6,2007,8,4,123000.0,7.455876687491824,1,36,36,3.5263605246161616,9,5.161351511474879,120.0,2.252498216897347,0.0,0.0,0,0.6931471805599453,0.6931471805599453,0,11.719947764402807
1342,2.995732273553991,3,4.189654742026425,9.524786081697178,1,1,3,3,0,4,0,20,5,2,0,2,6,5,2003,2004,1,1,12,13,2,0.0,3,3,2,4,3,3,2,6.703188113240863,6,0.0,5.707110264748875,1114.0,1,5,1,4,7.01571242048723,0.0,0.0,7.01571242048723,1,0.0,1,0,3,0.6931471805599453,4,6,6,0,0,5,2004.0,3,2,576,3,3,2,0.0,4.3694478524670215,0.0,0.0,0.0,0.0,0,4,1,0.0,7,2008,8,4,155000.0,7.708859601047175,2,5,4,1.6094379124341003,11,5.223952951259174,288.0,2.5090736612099493,4.3694478524670215,0.0,0,0.6931471805599453,0.6931471805599453,0,11.951186847493476
1343,4.0943445622221,3,4.248495242049359,9.14580185083861,1,1,3,3,0,4,0,5,2,2,0,5,8,5,2002,2002,1,1,12,13,1,5.0106352940962555,4,3,2,4,3,3,6,0.0,6,0.0,7.158513997329321,1284.0,1,5,1,4,7.157735484249907,6.786716950605081,0.0,7.682021510826875,0,0.0,2,1,3,0.6931471805599453,4,7,6,1,4,1,2002.0,2,2,647,3,3,2,5.262690188904886,4.477336814478207,0.0,0.0,0.0,0.0,0,4,1,0.0,8,2007,8,4,228500.0,8.146998697389993,3,5,5,1.791759469228055,13,5.736111361771561,323.5,1.463780340011737,5.634789603169249,0.0,1,0.6931471805599453,0.6931471805599453,1,12.339295865674435
1344,3.912023005428146,3,4.04305126783455,8.930361883909434,1,1,3,0,0,4,0,6,2,2,0,0,6,6,1928,1950,1,1,3,11,2,0.0,3,3,0,3,3,3,6,0.0,6,0.0,6.799055862058796,896.0,1,4,1,4,7.066466970136958,6.60934924316738,0.0,7.556427969440253,0,0.0,1,1,3,0.6931471805599453,3,9,6,1,3,5,1929.0,3,2,342,2,2,2,0.0,0.0,0.0,0.0,0.0,0.0,0,4,1,0.0,3,2009,8,4,177000.0,7.940583827104244,2,81,59,4.394449154672439,12,5.359203392104034,171.0,1.3739339144691813,0.0,0.0,1,0.6931471805599453,0.6931471805599453,0,12.083910661257521
1345,4.0943445622221,3,4.442651256490317,9.314970621054266,1,1,0,3,0,0,0,5,2,2,0,5,7,5,2006,2006,1,1,12,13,2,0.0,4,3,2,4,3,3,6,0.0,6,0.0,6.591673732008658,728.0,1,5,1,4,6.590301048196686,6.591673732008658,0.0,7.283448228756631,0,0.0,2,1,3,0.6931471805599453,4,8,6,1,3,1,2006.0,0,2,440,3,3,2,0.0,0.0,0.0,0.0,0.0,0.0,0,4,1,0.0,7,2007,6,5,155835.0,7.688913336864796,3,1,1,0.6931471805599453,12,5.204006687076795,220.0,2.031522392297634,0.0,0.0,1,0.6931471805599453,0.6931471805599453,0,11.95655945119582
1346,3.4011973816621555,4,3.912023005428146,8.699514748210191,1,1,3,3,0,4,0,17,2,2,0,2,4,4,1920,1950,3,1,8,8,2,0.0,3,3,2,3,3,3,0,5.5254529391317835,6,0.0,6.566672429803241,960.0,1,4,1,0,6.866933284461882,0.0,0.0,6.866933284461882,0,0.0,1,0,2,0.6931471805599453,2,5,6,0,0,5,1997.0,3,1,308,3,3,2,0.0,0.0,5.1298987149230735,0.0,0.0,0.0,0,4,1,0.0,7,2007,8,4,108500.0,7.560080465021827,1,87,57,2.3978952727983707,8,5.2574953720277815,308.0,1.8325814637483102,5.1298987149230735,0.0,0,0.6931471805599453,0.6931471805599453,0,11.59451466851004
1347,2.995732273553991,3,4.382026634673881,9.941794386690715,1,1,1,3,0,1,0,14,4,2,0,2,7,7,1968,2003,3,1,3,6,2,0.0,3,3,1,3,3,3,1,5.697093486505405,5,4.23410650459726,7.093404625868766,1568.0,1,3,1,4,7.6760099320288875,0.0,0.0,7.6760099320288875,0,0.0,2,0,3,0.6931471805599453,3,9,6,1,4,1,1968.0,2,2,508,4,3,2,0.0,4.394449154672439,0.0,5.673323267171493,0.0,0.0,0,4,1,0.0,6,2006,8,4,262500.0,8.222553638396958,2,38,3,3.6635616461296463,14,5.478785354692668,254.0,2.265784454661827,5.916202062607435,0.0,1,0.6931471805599453,0.6931471805599453,0,12.47801017053037
1348,2.995732273553991,3,4.532599493153256,9.636000187369866,1,1,0,1,0,0,0,23,2,2,0,2,8,5,2006,2007,1,1,12,13,3,4.61512051684126,4,3,2,5,3,1,2,4.394449154672439,6,0.0,7.410347097821024,1732.0,1,5,1,4,7.4821189235521155,0.0,0.0,7.4821189235521155,1,0.0,2,0,3,0.6931471805599453,4,7,6,1,4,1,2006.0,0,3,712,3,3,2,0.0,0.0,0.0,0.0,0.0,0.0,0,4,1,0.0,5,2007,6,5,283463.0,8.162801353492073,3,1,0,0.6931471805599453,13,5.536208774496802,237.33333333333334,2.153881263817751,0.0,0.0,1,0.6931471805599453,0.6931471805599453,1,12.554840409959793
1349,2.995732273553991,3,4.197201947661808,9.692519577152051,1,1,2,2,0,4,0,20,2,2,0,2,7,5,1998,1998,1,1,12,13,2,0.0,4,3,2,4,3,1,2,7.275172319452771,6,0.0,3.6888794541139363,1482.0,1,5,1,4,7.309212365692763,0.0,0.0,7.309212365692763,1,0.0,2,0,3,0.6931471805599453,4,5,6,1,2,1,1998.0,2,2,514,3,3,2,5.998936561946683,3.258096538021482,0.0,0.0,0.0,0.0,0,4,1,0.0,8,2007,8,4,215000.0,7.998335395952982,3,9,9,2.302585092994046,12,5.699774453258662,257.0,2.383307211459289,6.059123195581797,0.0,1,0.6931471805599453,0.6931471805599453,0,12.278397958261774
1350,4.248495242049359,4,3.912023005428146,8.565983355585669,1,2,3,3,0,4,0,17,2,2,0,5,8,5,1872,1987,1,1,8,8,2,0.0,3,4,0,3,2,3,3,5.560681631015528,6,0.0,6.054439346269371,684.0,4,2,0,4,6.843749949006225,7.103322062526113,5.327876168789581,7.765569081097317,0,0.0,2,0,4,0.6931471805599453,3,8,6,0,0,6,0.0,1,0,0,0,0,2,0.0,4.007333185232471,3.044522437723423,0.0,0.0,0.0,0,4,1,0.0,12,2008,8,4,122000.0,7.950502434808851,2,136,21,7.605392364814935,13,5.68612753941748,0.0,0.8004142744883532,4.31748811353631,0.0,0,0.6931471805599453,0.0,0,11.711784520403112
1351,4.499809670330265,3,4.51085950651685,9.362460420037015,1,1,3,3,0,4,0,12,0,2,2,5,5,5,1969,1969,1,1,8,8,1,5.910796644040527,3,3,1,3,3,3,3,6.2166061010848646,6,0.0,6.618738983517219,1248.0,1,3,1,4,7.198931240688173,7.167809184316444,0.0,7.876258882303226,1,0.6931471805599453,2,2,6,1.0986122886681098,3,12,6,0,0,5,1969.0,3,4,968,3,3,2,0.0,0.0,0.0,0.0,0.0,0.0,0,4,1,0.0,8,2009,8,4,200000.0,8.264105763728956,6,40,40,3.713572066704308,10,5.391352232515226,242.0,1.4862015377337898,0.0,0.0,0,0.6931471805599453,0.6931471805599453,1,12.206077645517674
1352,4.0943445622221,3,4.248495242049359,9.132054453577638,1,1,0,3,0,4,0,12,2,2,0,5,6,6,1962,1962,1,1,6,6,1,5.765191102784844,3,3,1,3,3,3,5,5.768320995793772,6,0.0,6.29156913955832,858.0,1,5,1,4,6.754604099487962,6.755768921984255,0.0,7.447751280047908,0,0.0,1,1,4,0.6931471805599453,3,8,6,1,4,1,1962.0,0,2,490,3,3,2,0.0,4.442651256490317,0.0,0.0,4.795790545596741,0.0,0,4,1,0.0,3,2008,8,4,171000.0,7.853216388156072,2,46,46,3.8501476017100584,12,5.368309738368072,245.0,1.684303173529731,5.3230099791384085,0.0,1,0.6931471805599453,0.6931471805599453,1,12.049424683420915
1353,3.912023005428146,4,3.912023005428146,8.699514748210191,1,1,3,3,0,4,0,3,2,2,0,0,6,9,1937,2000,1,1,8,8,2,0.0,4,3,0,3,3,3,6,0.0,6,0.0,6.54965074223381,698.0,1,3,1,4,6.666956792429207,5.968707559985366,0.0,7.069874128458572,0,0.0,1,0,2,0.6931471805599453,3,4,6,0,0,5,1999.0,3,2,624,3,3,0,5.351858133476067,0.0,0.0,0.0,0.0,0.0,0,4,1,0.0,7,2009,8,4,134900.0,7.535830462798367,1,72,9,2.3978952727983707,15,5.683579767338681,312.0,1.6296406197516198,5.351858133476067,0.0,0,0.6931471805599453,0.6931471805599453,0,11.812296455066814
1354,3.912023005428146,3,4.02535169073515,9.596962392282867,1,1,0,3,0,1,0,15,2,2,0,0,8,5,1995,1996,3,1,12,13,1,6.363028103540465,4,3,2,4,3,0,2,6.705639094860003,6,0.0,7.1049654482698426,2033.0,1,5,1,4,7.627057417018934,7.078341579557671,0.0,8.08271113423758,1,0.0,2,1,4,0.6931471805599453,4,9,6,1,5,1,1996.0,0,3,666,3,3,2,5.648974238161206,4.465908118654584,0.0,0.0,0.0,0.0,0,4,1,0.0,3,2010,8,4,410000.0,8.569975376855206,4,15,14,2.70805020110221,13,5.885486556901361,222.0,1.5142512580452867,5.91350300563827,0.0,1,0.6931471805599453,0.6931471805599453,1,12.923914877701906
1355,4.0943445622221,3,4.248495242049359,9.241451367001236,1,1,0,3,0,4,0,5,2,2,0,5,7,5,2000,2000,1,1,12,13,2,0.0,4,3,2,4,3,3,2,6.601230118728877,6,0.0,5.552959584921617,992.0,1,5,1,4,6.899723107284872,6.773080375655535,0.0,7.5310163320779155,1,0.0,2,1,3,0.6931471805599453,4,7,6,1,3,1,2000.0,2,3,839,3,3,2,0.0,5.220355825078324,0.0,0.0,0.0,0.0,0,4,1,0.0,6,2008,8,4,235000.0,7.957527402230773,4,8,8,2.1972245773362196,12,5.585106183022603,279.6666666666667,1.7104350349233195,5.220355825078324,0.0,1,0.6931471805599453,0.6931471805599453,0,12.367345048436391
1356,4.382026634673881,3,4.624972813284271,9.229358377811945,1,1,0,3,0,4,0,14,2,2,0,7,7,6,1968,1992,1,1,8,8,1,4.969813299576001,3,3,1,3,3,3,6,0.0,6,0.0,6.3473892096560105,570.0,1,4,1,4,7.108244139731541,6.54965074223381,0.0,7.560080465021827,0,0.0,3,0,4,0.6931471805599453,4,8,6,1,3,1,1968.0,2,2,487,3,3,2,0.0,4.59511985013459,0.0,0.0,0.0,0.0,0,0,1,0.0,9,2006,8,4,170000.0,7.820037989458753,3,38,14,3.6635616461296463,13,5.480638923341991,243.5,1.6692779127901174,4.59511985013459,0.0,1,0.6931471805599453,0.6931471805599453,1,12.04355959836804
1357,2.995732273553991,3,4.290459441148391,9.156623089470195,1,1,3,3,0,0,0,12,2,2,0,2,5,5,1966,1966,1,1,6,6,1,4.189654742026425,3,3,1,3,3,3,5,5.831882477283517,6,0.0,6.263398262591624,864.0,1,3,1,4,6.79346613258001,0.0,0.0,6.79346613258001,0,0.0,1,0,3,0.6931471805599453,3,5,6,0,0,1,1966.0,2,1,264,3,3,2,0.0,0.0,0.0,0.0,0.0,0.0,0,1,1,0.0,10,2008,8,4,110000.0,7.470793774195062,1,42,42,3.7612001156935624,10,5.184028220145909,264.0,2.3631569568901853,0.0,0.0,0,0.6931471805599453,0.6931471805599453,1,11.608244735642321
1358,2.995732273553991,3,4.290459441148391,9.436439551116026,1,1,0,3,0,1,0,12,2,2,0,2,5,6,1971,2008,1,1,12,13,2,0.0,3,3,1,3,3,3,2,6.5998704992128365,6,0.0,5.84354441703136,1078.0,1,5,1,4,6.982862751468942,0.0,0.0,6.982862751468942,1,0.0,1,1,3,0.6931471805599453,3,6,6,1,2,1,1971.0,0,2,500,3,3,2,0.0,0.0,0.0,0.0,0.0,0.0,0,4,1,0.0,4,2010,8,4,149900.0,7.6760099320288875,3,39,2,3.6888794541139363,11,5.191103282240888,250.0,2.4535767996470828,0.0,0.0,1,0.6931471805599453,0.6931471805599453,0,11.917730355182513
1359,5.075173815233827,1,4.297285406218791,7.6577552711348655,1,1,3,3,0,4,0,21,2,2,3,5,6,5,2000,2000,1,1,8,8,1,5.37989735354046,4,3,2,4,3,3,2,5.937536205082426,6,0.0,5.937536205082426,756.0,1,5,1,4,6.645090969505644,6.690842277418564,0.0,7.360739903058278,0,0.0,2,1,3,0.6931471805599453,4,5,6,0,0,5,2000.0,3,2,440,3,3,2,0.0,3.4965075614664802,0.0,0.0,0.0,0.0,0,4,1,0.0,6,2010,8,4,177500.0,7.753194269884341,3,10,10,2.3978952727983707,11,5.751301990624177,220.0,0.2970153680765874,3.4965075614664802,0.0,0,0.6931471805599453,0.6931471805599453,1,12.086731521684555
1360,2.995732273553991,3,4.859812404361672,9.725377116513638,1,1,3,3,0,3,0,16,2,2,0,2,9,5,2004,2005,3,1,12,13,1,4.204692619390966,4,3,2,5,3,0,2,7.277938572945661,6,0.0,6.280395838960195,1980.0,1,5,1,4,7.590852123688581,0.0,0.0,7.590852123688581,1,0.0,2,0,3,0.6931471805599453,5,8,6,1,4,1,2004.0,0,3,770,3,3,2,5.272999558563747,3.828641396489095,0.0,0.0,0.0,0.0,0,4,1,0.0,9,2006,8,4,315000.0,8.283999304248526,3,2,1,1.0986122886681098,14,5.511410582008745,256.6666666666667,2.134524992825057,5.480638923341991,0.0,1,0.6931471805599453,0.6931471805599453,1,12.660331092405906
1361,4.248495242049359,3,3.9318256327243257,9.194414221425923,1,1,3,3,0,4,0,18,1,2,0,5,5,6,1921,1998,1,1,8,14,2,0.0,3,3,0,3,2,3,6,0.0,6,0.0,6.418364935936212,612.0,1,5,1,4,6.897704943128636,7.385230923066573,0.0,7.8636512654486515,0,0.0,3,1,4,0.6931471805599453,3,8,6,0,0,3,1998.0,2,2,621,3,3,2,5.214935757608986,0.0,5.71042701737487,0.0,0.0,0.0,0,4,1,0.0,5,2008,8,4,189000.0,8.074960359115858,4,87,10,2.3978952727983707,11,5.784209723768815,310.5,1.330762955977272,6.184148890937483,0.0,0,0.6931471805599453,0.6931471805599453,0,12.149507585033072
1362,2.995732273553991,3,4.820281565605037,9.690170562039654,1,1,0,2,0,4,1,22,2,2,0,2,7,5,2005,2005,3,1,12,13,3,2.833213344056216,4,3,2,5,3,0,0,7.150701457592526,6,0.0,5.54907608489522,1530.0,1,5,1,4,7.333023014386481,0.0,0.0,7.333023014386481,1,0.0,2,0,3,0.6931471805599453,4,7,6,1,4,1,2005.0,0,2,430,3,3,2,5.1298987149230735,3.6109179126442243,0.0,0.0,0.0,0.0,0,4,1,0.0,6,2009,8,4,260000.0,8.026170194946426,3,4,4,1.6094379124341003,12,5.387112865331168,215.0,2.357147547653173,5.3230099791384085,0.0,1,0.6931471805599453,0.6931471805599453,1,12.468440756144114
1363,3.912023005428146,3,4.290459441148391,9.434523382865056,1,1,0,3,0,2,0,12,1,2,0,0,4,4,1920,2007,1,1,12,13,2,0.0,3,4,0,3,2,3,6,0.0,6,0.0,6.573680166960646,715.0,1,4,1,4,7.155396301896734,6.126869184114185,0.0,7.460490305825338,0,0.0,2,0,4,0.6931471805599453,3,7,6,1,4,1,1920.0,3,1,368,3,3,2,4.02535169073515,0.0,0.0,0.0,0.0,0.0,0,4,1,0.0,6,2009,8,4,104900.0,7.8050670442584895,2,89,2,4.499809670330265,8,5.514580156770024,368.0,1.9740330770397176,4.02535169073515,0.0,1,0.6931471805599453,0.6931471805599453,0,11.560772327227417
1364,4.0943445622221,3,4.290459441148391,9.047703788498627,1,1,0,3,0,4,0,8,2,2,0,5,6,5,2006,2007,1,1,12,13,2,0.0,3,3,2,4,3,3,6,0.0,6,0.0,6.424869023905388,616.0,1,5,1,4,6.423246963533519,6.680854678790215,0.0,7.252762418053187,0,0.0,2,1,3,0.6931471805599453,4,6,6,1,4,3,2007.0,0,2,432,3,3,2,0.0,3.6109179126442243,0.0,0.0,0.0,0.0,0,4,1,0.0,3,2007,6,5,156932.0,7.614805364711073,3,1,0,0.0,11,5.461002948825133,216.0,1.7949413704454389,3.6109179126442243,0.0,1,0.6931471805599453,0.6931471805599453,0,11.963574241653713
1365,5.075173815233827,1,3.4011973816621555,8.064636475774222,1,2,3,3,0,4,0,21,2,2,4,5,7,5,2005,2005,1,1,8,8,2,0.0,4,3,2,4,3,3,6,0.0,6,0.0,6.398594934535208,600.0,1,5,1,4,6.253828811575473,6.398594934535208,4.394449154672439,7.090076835776092,0,0.0,2,1,2,0.6931471805599453,4,4,6,0,0,5,2005.0,2,2,480,3,3,2,0.0,5.117993812416755,0.0,0.0,0.0,0.0,0,4,1,0.0,4,2006,8,0,144152.0,7.450079569807499,3,1,1,0.6931471805599453,12,5.703782474656201,240.0,0.9745596399981308,5.117993812416755,0.0,0,0.6931471805599453,0.6931471805599453,0,11.878630514504515
1366,4.0943445622221,1,4.297285406218791,8.922658299524402,1,1,3,3,0,4,0,21,2,2,0,5,7,5,2000,2000,1,1,12,13,2,0.0,4,3,2,4,3,3,2,6.280395838960195,6,0.0,5.641907070938114,814.0,1,5,1,4,6.70196036600254,6.7580945044277305,0.0,7.422971251049421,1,0.0,2,1,3,0.6931471805599453,4,7,6,0,0,1,2000.0,2,2,663,3,3,2,0.0,4.574710978503383,0.0,0.0,0.0,0.0,0,4,1,0.0,1,2010,8,4,216000.0,7.81923445385907,4,10,10,2.3978952727983707,12,5.477061101994107,331.5,1.4996870484749811,4.574710978503383,0.0,0,0.6931471805599453,0.6931471805599453,0,12.283038316285214
1367,4.0943445622221,3,4.219507705176107,9.12467354521909,1,1,0,3,0,4,0,5,2,2,0,5,7,5,1999,1999,1,1,12,13,1,5.0689042022202315,4,3,2,4,3,3,2,6.452048954437226,6,0.0,5.484796933490655,873.0,1,5,1,4,6.782192056006791,6.812345094177479,0.0,7.489970898834801,1,0.0,2,1,3,0.6931471805599453,4,7,6,0,0,1,1999.0,2,2,588,3,3,2,0.0,4.48863636973214,0.0,0.0,0.0,0.0,0,4,1,0.0,6,2008,8,0,193000.0,7.887208585813932,4,9,9,2.302585092994046,12,5.544060749779487,294.0,1.6347026463842902,4.48863636973214,0.0,0,0.6931471805599453,0.6931471805599453,1,12.170450649220749
1368,5.075173815233827,4,3.713572066704308,7.887959336599945,1,1,3,3,0,4,0,10,2,2,4,5,5,6,1977,1977,1,1,5,5,2,0.0,3,3,2,3,3,3,0,6.3080984415095305,5,5.159055299214529,3.6109179126442243,757.0,1,5,1,4,6.829793737512425,6.311734809152915,0.0,7.29641326877392,0,0.0,2,0,4,0.6931471805599453,3,6,6,1,3,1,1977.0,2,1,336,3,3,2,4.653960350157523,3.295836866004329,0.0,0.0,0.0,0.0,0,4,1,0.0,7,2006,8,4,127000.0,7.710653323501202,2,29,29,3.4011973816621555,11,5.504653799545865,336.0,0.5915460678260247,4.875197323201151,0.0,1,0.6931471805599453,0.6931471805599453,0,11.751950239425476
1369,4.787491742782046,4,4.248495242049359,8.39728289474368,1,1,3,3,0,4,0,5,2,2,4,2,6,5,2003,2004,1,1,12,13,1,5.14166355650266,4,3,2,4,3,0,2,6.530877627725885,6,0.0,5.099866427824199,848.0,1,5,1,4,6.742880635791903,0.0,0.0,6.742880635791903,1,0.0,1,0,1,0.6931471805599453,4,4,6,0,0,1,2003.0,0,2,420,3,3,2,4.948759890378168,0.0,0.0,0.0,0.0,0.0,0,4,1,0.0,6,2009,8,4,144000.0,7.4360278163518485,2,6,5,1.9459101490553132,11,5.356586274672012,210.0,1.6544022589517768,4.948759890378168,0.0,0,0.6931471805599453,0.6931471805599453,1,11.87757552297847
1370,2.995732273553991,3,3.871201010907891,9.271905727634337,1,1,1,3,0,2,0,5,2,2,0,2,8,5,2003,2003,3,1,12,13,1,5.147494476813453,4,3,2,4,3,0,1,5.916202062607435,2,6.880384082186005,5.755742213586912,1657.0,1,5,1,4,7.419380582918692,0.0,0.0,7.419380582918692,1,0.0,2,0,3,0.6931471805599453,4,8,6,1,3,1,2003.0,0,2,502,3,3,2,0.0,5.572154032177765,0.0,0.0,0.0,0.0,0,4,1,0.0,5,2010,8,4,232000.0,8.109224953089955,3,7,7,2.0794415416798357,13,5.339939041238856,251.0,1.8525251447156454,5.572154032177765,0.0,1,0.6931471805599453,0.6931471805599453,1,12.354496960983985
1371,3.912023005428146,3,4.499809670330265,8.594154232552366,1,1,3,3,0,0,0,17,0,2,0,0,4,6,1920,1950,1,1,4,4,2,0.0,2,3,2,3,3,3,0,5.755742213586912,5,4.663439094112067,6.042632833682381,840.0,1,5,1,4,6.733401891837359,6.282266746896006,0.0,7.2254814727822945,0,0.0,1,0,2,0.6931471805599453,3,6,6,0,0,5,1967.0,0,1,338,3,3,2,0.0,0.0,5.293304824724492,0.0,0.0,0.0,0,4,1,0.0,10,2009,8,4,105000.0,7.7025561132685825,1,89,59,3.7612001156935624,10,5.43372200355424,338.0,1.368672759770071,5.293304824724492,0.0,0,0.6931471805599453,0.6931471805599453,0,11.561725152903833
1372,4.382026634673881,3,4.382026634673881,9.169518377455928,1,1,3,3,0,4,0,12,2,2,0,7,6,6,1955,1996,3,1,0,0,2,0.0,3,3,1,3,3,0,1,6.723832440821209,6,0.0,5.087596335232384,992.0,1,4,1,4,7.415175109613295,0.0,0.0,7.415175109613295,1,0.0,1,0,3,0.6931471805599453,4,8,6,1,3,3,1955.0,2,1,377,3,3,2,0.0,3.367295829986474,0.0,0.0,5.187385805840755,0.0,0,2,1,0.0,10,2008,8,4,165500.0,7.88344635413774,2,53,12,3.9889840465642745,12,5.335733567933459,377.0,1.7543432678426327,5.332718793265369,0.0,1,0.6931471805599453,0.6931471805599453,0,12.016732516077072
1373,4.0943445622221,3,4.31748811353631,9.185022563991893,1,1,3,3,0,0,0,5,2,2,0,5,7,6,1998,1998,1,1,12,13,2,0.0,3,3,2,4,3,0,2,6.883462586413092,6,0.0,4.897839799950911,1108.0,1,5,1,4,7.010311867307229,6.897704943128636,0.0,7.64826303090192,1,0.0,2,1,3,0.6931471805599453,4,8,6,1,3,5,1998.0,2,2,583,3,3,2,5.537334267018537,5.14166355650266,0.0,0.0,0.0,0.0,0,4,1,0.0,6,2006,8,4,274300.0,8.07246736935477,4,8,8,2.1972245773362196,13,5.568821489222084,291.5,1.5367595330899728,6.049733455231958,0.0,1,0.6931471805599453,0.6931471805599453,0,12.521981322562505
1374,2.995732273553991,3,4.51085950651685,9.341368634382587,1,1,3,3,0,4,0,15,2,2,0,2,10,5,2001,2002,3,1,12,13,1,6.559615237493242,5,3,2,5,3,1,2,7.1569563646156364,6,0.0,7.20934025660291,2633.0,1,5,1,4,7.87587915949631,0.0,0.0,7.87587915949631,1,0.0,2,1,2,0.6931471805599453,5,8,6,2,4,1,2001.0,2,3,804,3,3,2,5.752572638825633,4.948759890378168,0.0,0.0,0.0,0.0,0,4,1,0.0,3,2007,8,4,466500.0,8.569026340056254,4,6,5,1.9459101490553132,15,5.796437617816474,268.0,1.4654894748862775,6.12029741895095,0.0,1,0.6931471805599453,0.6931471805599453,1,13.05301544288996
1375,4.0943445622221,1,4.442651256490317,9.270964993792617,1,1,3,3,0,4,0,21,2,2,0,5,7,5,2005,2005,1,1,5,5,2,0.0,4,3,2,4,3,3,6,0.0,6,0.0,6.934397209928558,1026.0,1,5,1,4,6.933423025730715,6.838405200847344,0.0,7.579678823090456,0,0.0,2,1,3,0.6931471805599453,4,9,6,1,4,1,2005.0,0,3,936,3,3,2,5.043425116919247,5.351858133476067,0.0,0.0,0.0,0.0,0,4,1,0.0,7,2008,8,4,250000.0,8.001019961323651,3,3,3,1.3862943611198906,12,5.382454245754237,312.0,1.691286170702162,5.8998973535824915,0.0,1,0.6931471805599453,0.6931471805599453,0,12.429220196836383
1376,2.995732273553991,3,4.48863636973214,9.3048320350689,1,1,0,1,0,4,0,23,2,2,0,2,8,5,2007,2007,1,1,12,13,1,4.394449154672439,4,3,2,4,3,1,6,0.0,6,0.0,7.360103972989152,1571.0,1,5,1,4,7.359467638255621,0.0,0.0,7.359467638255621,0,0.0,2,0,3,0.6931471805599453,4,7,6,1,4,1,2007.0,0,3,722,3,3,2,4.61512051684126,3.6109179126442243,0.0,0.0,0.0,0.0,0,4,1,0.0,12,2007,6,5,239000.0,8.052614818815567,2,0,0,0.0,13,5.413557489200308,240.66666666666666,1.9453643968132792,4.919980925828125,0.0,1,0.6931471805599453,0.6931471805599453,1,12.384223015005313
1377,3.4011973816621555,3,3.9512437185814275,8.747034264178168,1,1,3,0,0,4,0,18,2,2,0,2,6,5,1930,1950,1,1,13,14,2,0.0,3,3,0,4,3,2,5,5.953243334287785,6,0.0,5.953243334287785,768.0,1,3,0,4,6.672032945461067,0.0,0.0,6.672032945461067,0,0.0,1,0,2,0.6931471805599453,3,4,6,0,0,5,1925.0,3,1,160,2,3,2,0.0,4.955827057601261,0.0,0.0,0.0,0.0,0,4,1,0.0,4,2008,8,4,91000.0,7.351158226430694,1,78,58,4.430816798843313,11,5.285738584341177,160.0,2.075001318717101,4.955827057601261,0.0,0,0.6931471805599453,0.6931471805599453,0,11.418625774449598
1378,3.912023005428146,3,4.0943445622221,9.30546871706776,1,0,3,3,0,4,0,7,2,2,0,0,5,5,1941,1960,1,1,13,14,2,0.0,3,3,1,3,3,3,3,6.013715156042802,1,6.042632833682381,5.056245805348308,984.0,1,5,1,4,6.891625897052253,6.431331081933479,0.0,7.38025578842646,0,0.0,2,0,3,0.6931471805599453,3,6,3,0,0,5,1977.0,3,2,660,3,3,2,0.0,4.23410650459726,0.0,0.0,0.0,0.0,0,4,1,0.0,7,2009,8,4,117000.0,7.858640655620791,2,68,49,3.4965075614664802,10,5.588496319198405,330.0,1.9252129286413002,4.23410650459726,0.0,0,0.6931471805599453,0.6931471805599453,0,11.669937760751914
1379,5.075173815233827,4,3.044522437723423,7.577121930876679,1,1,3,3,0,4,0,2,2,2,3,5,6,5,1973,1973,1,1,6,6,1,6.013715156042802,3,3,1,3,2,3,1,5.736572297479192,6,0.0,5.1647859739235145,483.0,1,3,1,4,6.180016653652572,6.22455842927536,0.0,6.894670039433482,0,0.0,1,1,2,0.6931471805599453,3,5,6,0,0,5,1973.0,3,1,264,3,3,2,4.290459441148391,0.0,0.0,0.0,0.0,0.0,0,4,1,0.0,6,2006,8,4,83000.0,7.293017679772782,2,33,33,3.5263605246161616,11,5.285232126999381,264.0,0.6824518914431974,4.290459441148391,0.0,0,0.6931471805599453,0.6931471805599453,1,11.326607934898927
1380,4.382026634673881,3,4.290459441148391,9.1834829178063,1,1,3,3,0,4,0,23,2,2,0,7,5,5,2006,2007,1,1,12,13,2,0.0,3,3,2,4,3,3,6,0.0,6,0.0,5.953243334287785,384.0,1,4,1,4,6.625392368007956,6.46302945692067,0.0,7.2399325913204695,0,0.0,2,1,3,0.6931471805599453,4,7,6,0,0,3,2007.0,0,2,400,3,3,2,4.61512051684126,0.0,0.0,0.0,0.0,0.0,0,4,1,0.0,5,2008,8,4,167500.0,7.48324441607385,3,2,1,0.6931471805599453,10,5.294022442265156,200.0,1.943550326485831,4.61512051684126,0.0,0,0.6931471805599453,0.6931471805599453,0,12.02874460037869
1381,3.4011973816621555,3,3.8066624897703196,9.013351778138825,1,0,3,3,0,4,0,7,2,2,0,2,3,3,1914,1950,1,1,11,12,2,0.0,3,2,0,3,2,3,5,5.318119993844216,6,0.0,6.495265555937008,864.0,1,3,0,1,6.761572768804055,0.0,0.0,6.761572768804055,1,0.0,1,0,2,0.6931471805599453,3,5,6,0,0,5,1938.0,3,1,200,3,2,2,0.0,0.0,4.574710978503383,0.0,0.0,0.0,0,4,1,0.0,6,2010,8,4,58500.0,7.454719949364001,2,96,60,4.290459441148391,6,5.152134856369956,200.0,2.2517790093347685,4.574710978503383,0.0,0,0.6931471805599453,0.6931471805599453,0,10.97679912709094
1382,2.995732273553991,3,4.290459441148391,9.46691869937663,1,1,0,3,0,0,0,12,2,2,0,2,6,7,1970,1970,1,1,3,10,2,0.0,3,3,1,3,3,2,1,6.763884908562435,6,0.0,5.831882477283517,1205.0,1,5,1,4,7.6577552711348655,0.0,0.0,7.6577552711348655,0,0.0,2,1,4,0.6931471805599453,3,7,6,2,4,1,1970.0,0,2,550,3,3,2,0.0,3.7612001156935624,0.0,0.0,0.0,0.0,0,4,1,0.0,5,2008,8,4,237500.0,8.10832229017324,3,38,38,3.6635616461296463,13,5.711845122079552,275.0,1.8091634282417648,3.7612001156935624,0.0,1,0.6931471805599453,0.6931471805599453,0,12.377927112974284
1383,4.248495242049359,4,4.0943445622221,8.881836305004146,1,1,3,3,0,0,0,17,2,2,0,5,7,7,1920,1950,3,1,13,14,2,0.0,3,3,0,2,3,3,6,0.0,6,0.0,6.391917113392602,596.0,1,5,1,4,6.905753276311464,6.639875833826536,0.0,7.474204806496124,1,0.0,1,1,4,0.6931471805599453,4,8,6,0,0,5,1989.0,3,2,576,3,3,0,3.6109179126442243,0.0,5.402677381872279,0.0,0.0,0.0,0,4,1,0.0,10,2006,8,4,157000.0,7.765569081097317,3,86,56,2.8903717578961645,14,5.394763264816289,288.0,1.407631498508022,5.552959584921617,0.0,0,0.6931471805599453,0.6931471805599453,0,11.964007453736912
1384,3.4011973816621555,3,4.2626798770413155,10.140099989797301,1,1,3,3,0,4,0,19,2,2,0,2,5,7,1918,2007,1,1,13,14,2,0.0,3,4,0,3,3,3,6,0.0,6,0.0,6.705639094860003,816.0,1,5,1,4,7.255591274253665,0.0,0.0,7.255591274253665,0,0.0,2,0,3,0.6931471805599453,4,7,6,0,0,1,2007.0,3,2,576,3,3,0,0.0,0.0,4.727387818712341,0.0,0.0,0.0,0,4,1,0.0,8,2007,8,4,112000.0,7.710653323501202,2,89,0,0.0,12,5.309681125198352,288.0,2.8845087155436366,4.727387818712341,0.0,0,0.6931471805599453,0.6931471805599453,0,11.626263078808801
1385,3.912023005428146,3,4.0943445622221,9.111624399037025,1,1,3,3,0,4,0,7,2,2,0,0,6,5,1939,1950,1,1,14,15,2,0.0,3,3,0,3,3,2,5,5.3230099791384085,6,0.0,5.877735781779639,560.0,1,3,1,4,6.548219102762372,6.329720905522696,0.0,7.1372784372603855,0,0.0,1,0,2,0.6931471805599453,3,6,6,0,0,5,1939.0,3,1,280,3,3,1,0.0,0.0,0.0,0.0,0.0,0.0,0,2,1,0.0,10,2009,8,4,105000.0,7.505492274737424,1,70,59,4.2626798770413155,11,5.345518968032331,280.0,1.9743459617766392,0.0,0.0,0,0.6931471805599453,0.6931471805599453,0,11.561725152903833
1386,3.912023005428146,4,3.6888794541139363,8.600798775271034,1,1,3,3,0,4,0,9,2,2,0,0,4,8,1922,2007,1,1,12,13,2,0.0,3,4,0,3,3,3,1,6.601230118728877,6,0.0,4.127134385045092,796.0,1,4,1,4,6.679599185844383,5.883322388488279,0.0,7.050989447068045,1,0.0,1,0,3,0.6931471805599453,4,7,6,0,0,5,1922.0,3,1,240,3,3,0,0.0,4.574710978503383,0.0,0.0,0.0,0.0,0,2,1,0.0,5,2010,8,4,125500.0,7.575584651557793,2,88,3,4.48863636973214,12,5.105079298012732,240.0,1.5498093282029894,4.574710978503383,0.0,0,0.6931471805599453,0.6931471805599453,0,11.74006900564972
1387,4.0943445622221,3,4.382026634673881,9.722684841711443,1,1,0,3,0,4,0,14,6,2,0,5,7,5,1978,1978,1,1,9,10,1,5.220355825078324,3,3,1,4,3,3,1,6.673297967767654,3,6.152732694704104,4.897839799950911,1392.0,1,3,1,4,7.238496840894365,7.239214973779806,0.0,7.931644021454311,1,0.0,3,1,5,0.6931471805599453,4,12,6,2,3,1,1978.0,2,2,564,3,3,2,0.0,4.727387818712341,0.0,0.0,6.089044875446846,6.253828811575473,2,2,4,7.601402334583733,7,2006,8,4,250000.0,8.337109129562474,5,28,28,3.367295829986474,12,5.44673737166631,282.0,1.7910408202571328,6.315358001522335,0.6931471805599453,1,0.6931471805599453,0.6931471805599453,1,12.429220196836383
1388,3.912023005428146,4,4.0943445622221,9.050171619823361,1,0,3,3,0,4,0,17,0,2,0,0,6,7,1916,1950,1,1,11,12,2,0.0,3,4,0,3,3,3,5,5.1298987149230735,3,6.304448802421981,0.0,714.0,2,3,0,4,7.416979621381154,6.760414691083428,0.0,7.8343923029104365,0,0.0,2,0,5,0.6931471805599453,4,10,6,1,4,5,1916.0,3,1,216,3,3,2,4.48863636973214,2.772588722239781,0.0,0.0,0.0,0.0,0,1,1,0.0,8,2007,1,3,136000.0,8.083328608786376,2,91,57,4.5217885770490405,13,5.531807209916391,216.0,1.215779316912925,4.6443908991413725,0.0,1,0.6931471805599453,0.6931471805599453,0,11.820417517632333
1389,2.995732273553991,3,3.7376696182833684,9.608579434992608,1,1,0,1,0,1,0,8,2,2,0,2,9,5,2006,2007,1,1,12,13,3,5.081404364984463,5,3,2,5,3,1,2,7.186144304522325,6,0.0,6.056784013228625,1746.0,1,5,1,4,7.465082736399547,0.0,0.0,7.465082736399547,1,0.0,2,0,3,0.6931471805599453,5,7,6,2,4,1,2006.0,0,3,758,3,3,2,5.308267697401205,3.6888794541139363,0.0,0.0,0.0,0.0,0,4,1,0.0,10,2009,8,4,377500.0,8.158229916959494,3,3,2,1.3862943611198906,14,5.519172587344234,252.66666666666666,2.14349669859306,5.484796933490655,0.0,1,0.6931471805599453,0.6931471805599453,1,12.84132849667433
1390,3.912023005428146,4,4.0943445622221,8.699514748210191,1,1,3,3,0,4,0,3,2,2,0,0,6,6,1941,1950,1,1,13,14,2,0.0,3,4,0,3,4,3,0,5.929589143389895,6,0.0,5.8888779583328805,735.0,1,5,1,4,6.767343125265392,5.857933154483459,0.0,7.1049654482698426,0,0.6931471805599453,1,0,3,0.6931471805599453,3,6,6,1,4,5,2003.0,3,2,440,3,3,2,0.0,0.0,0.0,0.0,0.0,0.0,0,4,1,0.0,3,2007,8,4,131000.0,7.577121930876679,2,66,57,1.6094379124341003,12,5.313205979041787,220.0,1.5945492999403497,0.0,0.0,1,0.6931471805599453,0.6931471805599453,0,11.782960235741939
1391,2.995732273553991,3,4.248495242049359,9.116029692504942,1,1,3,3,0,4,0,5,2,2,0,2,7,5,2000,2000,1,1,12,13,1,5.501258210544727,4,3,2,4,3,0,2,7.244941546337007,6,0.0,4.836281906951478,1525.0,1,5,1,4,7.329749689041512,0.0,0.0,7.329749689041512,1,0.0,2,0,3,0.6931471805599453,4,6,6,0,0,1,2000.0,2,2,541,3,3,2,5.393627546352362,3.6109179126442243,0.0,0.0,0.0,0.0,0,4,1,0.0,9,2006,8,4,235000.0,8.022896869601457,3,6,6,1.9459101490553132,12,5.537990219813457,270.5,1.7862800034634294,5.545177444479562,0.0,0,0.6931471805599453,0.6931471805599453,1,12.367345048436391
1392,4.499809670330265,3,4.174387269895637,9.09873819539488,1,1,3,3,0,4,0,12,2,2,2,2,5,5,1967,1967,1,1,9,10,2,0.0,3,3,1,3,3,3,6,0.0,6,0.0,7.368339686311381,1584.0,1,3,1,4,7.367708572374371,0.0,0.0,7.367708572374371,0,0.0,2,0,4,1.0986122886681098,3,8,4,0,0,5,1967.0,3,3,792,3,3,2,0.0,5.030437921392435,0.0,0.0,0.0,0.0,0,4,1,0.0,4,2009,8,4,124000.0,8.060855752934316,2,42,42,3.7612001156935624,10,5.288267030694535,264.0,1.7310296230205091,5.030437921392435,0.0,0,0.6931471805599453,0.6931471805599453,0,11.728044909070785
1393,4.442651256490317,3,4.219507705176107,8.966738978759576,1,1,3,3,0,4,0,12,2,2,0,6,5,5,1967,1967,1,1,6,6,2,0.0,3,3,1,3,3,0,0,6.646390514847729,6,0.0,4.564348191467836,864.0,1,3,1,4,6.802394763324311,0.0,0.0,6.802394763324311,1,0.0,1,0,3,0.6931471805599453,3,6,6,1,1,1,1967.0,2,1,288,3,3,2,5.170483995038151,4.976733742420574,0.0,0.0,0.0,0.0,0,3,1,0.0,12,2006,8,4,123000.0,7.475339236566737,2,39,39,3.6888794541139363,10,5.0106352940962555,288.0,2.164344215435266,5.768320995793772,0.0,1,0.6931471805599453,0.6931471805599453,0,11.719947764402807
1394,5.247024072160486,4,4.0943445622221,9.287301413112312,1,2,3,3,0,4,0,17,2,2,1,0,6,7,1905,2000,1,1,13,14,2,0.0,3,3,0,2,3,3,6,0.0,6,0.0,6.180016653652572,482.0,1,5,0,4,7.107425474110705,6.539585955617669,0.0,7.555905093611346,0,0.0,2,0,3,1.0986122886681098,3,7,6,1,3,5,2003.0,3,2,672,4,3,2,0.0,3.258096538021482,5.3612921657094255,0.0,0.0,0.0,0,4,1,0.0,4,2008,8,4,163000.0,7.780720886117918,2,103,8,1.791759469228055,13,5.609994944556034,336.0,1.7313963195009645,5.472270673671475,0.0,1,0.6931471805599453,0.6931471805599453,0,12.001511614739405
1395,4.787491742782046,3,3.970291913552122,8.305236829492593,1,1,3,3,0,4,0,0,2,2,4,2,7,5,2006,2006,3,1,12,13,1,3.828641396489095,4,3,2,4,3,0,2,6.976348070447749,6,0.0,5.659482215759621,1356.0,1,5,1,4,7.313220387090301,0.0,0.0,7.313220387090301,1,0.0,2,0,2,0.6931471805599453,4,6,6,1,4,1,2006.0,0,3,648,3,3,2,5.087596335232384,3.044522437723423,0.0,0.0,0.0,0.0,0,4,1,0.0,10,2006,6,5,246578.0,7.957177323459475,3,0,0,0.0,12,5.521460917862246,216.0,0.9920164424022907,5.204006687076795,0.0,1,0.6931471805599453,0.6931471805599453,1,12.415437707935368
1396,4.0943445622221,3,4.477336814478207,9.446597562435775,1,1,0,3,0,4,0,23,2,2,0,5,8,5,2005,2006,3,1,12,13,1,5.5053315359323625,4,3,2,4,4,1,6,0.0,6,0.0,6.9985096422506015,1094.0,1,5,1,4,7.0326242610280065,7.2078598714324755,0.0,7.8168199657645525,0,0.0,2,1,4,0.6931471805599453,4,9,6,1,4,3,2005.0,0,3,642,3,3,2,4.976733742420574,3.6888794541139363,0.0,0.0,0.0,0.0,0,4,1,0.0,2,2007,8,4,281213.0,8.182000136293405,3,2,1,1.0986122886681098,13,5.619595388428333,214.0,1.6297775966712231,5.214935757608986,0.0,1,0.6931471805599453,0.6931471805599453,1,12.546871224308068
1397,2.995732273553991,3,4.442651256490317,10.95430917736789,1,1,0,0,0,4,2,23,2,2,0,2,5,5,1948,1950,1,1,13,14,2,0.0,3,3,1,3,3,0,1,5.869296913133774,5,5.814130531825066,4.110873864173311,747.0,1,3,1,4,7.430707082545968,0.0,0.0,7.430707082545968,1,0.0,1,0,3,0.6931471805599453,3,7,2,2,3,5,1966.0,3,2,572,3,3,0,0.0,0.0,3.9318256327243257,0.0,0.0,0.0,0,4,1,0.0,6,2010,8,4,160000.0,7.797291273547472,2,62,60,3.8066624897703196,10,5.484796933490655,286.0,3.523602094821921,3.9318256327243257,0.0,1,0.6931471805599453,0.6931471805599453,0,11.982935344196433
1398,4.248495242049359,4,3.9318256327243257,8.719317375506371,1,1,3,3,0,4,0,3,2,2,0,5,5,8,1920,2004,1,1,8,8,2,0.0,3,3,0,3,3,2,6,0.0,6,0.0,6.84587987526405,939.0,1,5,1,4,6.844815479208263,6.354370040797351,0.0,7.321849713788356,0,0.0,1,1,4,0.6931471805599453,3,8,6,0,0,5,1933.0,3,1,180,2,2,0,3.2188758248682006,0.0,5.017279836814924,0.0,0.0,0.0,0,4,1,0.0,5,2007,8,4,137500.0,7.804659297056102,2,87,3,4.31748811353631,13,5.24240817210852,180.0,1.397467661718016,5.1647859739235145,0.0,0,0.6931471805599453,0.6931471805599453,0,11.83138646878959
1399,3.912023005428146,3,4.0943445622221,8.881836305004146,1,1,3,3,0,4,0,12,2,2,0,0,5,4,1950,1982,1,1,12,14,2,0.0,3,3,1,3,3,3,5,5.198497031265826,1,5.8664680569332965,6.517671272912275,1208.0,1,4,1,0,7.035268599281097,6.645090969505644,0.0,7.55171221535131,1,0.0,1,1,3,0.6931471805599453,3,7,2,0,0,1,1950.0,3,1,240,3,3,2,0.0,0.0,5.1298987149230735,0.0,0.0,0.0,0,0,1,0.0,5,2009,8,4,138000.0,8.043020885298283,3,59,27,4.0943445622221,9,5.605802066295998,240.0,1.3301240896528361,5.1298987149230735,0.0,0,0.6931471805599453,0.6931471805599453,0,11.835016210489899
1400,3.912023005428146,3,3.9318256327243257,8.727616178321068,1,1,3,3,0,4,0,18,2,2,0,0,6,6,1925,1990,1,1,14,15,2,0.0,3,3,0,3,3,3,1,5.579729825986222,6,0.0,6.569481420414296,976.0,1,5,1,4,7.05617528410041,6.1070228877422545,0.0,7.382746449738912,0,0.0,2,1,3,0.6931471805599453,4,7,6,1,4,5,1925.0,3,1,216,2,3,2,4.997212273764115,2.833213344056216,0.0,0.0,0.0,0.0,0,2,1,0.0,10,2009,8,4,137450.0,7.857093864902493,3,84,19,4.442651256490317,12,5.4368363006835985,216.0,1.3448697285821551,5.099866427824199,0.0,1,0.6931471805599453,0.6931471805599453,0,11.831022768939789
1401,3.912023005428146,4,3.912023005428146,8.699514748210191,1,1,3,3,0,0,0,3,2,2,0,0,6,7,1929,1950,1,1,14,15,2,0.0,3,3,0,3,3,3,6,0.0,6,0.0,6.760414691083428,862.0,1,3,1,4,6.856461984594587,5.342334251964811,0.0,7.05444965813294,0,0.0,1,0,3,0.6931471805599453,3,5,6,1,4,3,1929.0,2,1,208,3,3,2,0.0,0.0,4.727387818712341,0.0,0.0,0.0,0,4,1,0.0,7,2008,8,4,120000.0,7.61085279039525,1,79,58,4.382026634673881,13,5.4450117456988405,208.0,1.6450650900772514,4.727387818712341,0.0,1,0.6931471805599453,0.6931471805599453,0,11.695255355062795
1402,4.0943445622221,3,4.127134385045092,8.911260254572033,1,1,0,3,0,4,0,8,2,2,0,5,6,5,2004,2004,1,1,12,13,2,0.0,3,3,2,3,3,3,2,6.633318433280377,6,0.0,4.394449154672439,839.0,1,5,1,4,6.761572768804055,6.593044534142437,0.0,7.373374309910049,1,0.0,2,1,3,0.6931471805599453,3,8,6,1,3,1,2004.0,0,2,398,3,3,2,4.61512051684126,4.330733340286331,0.0,0.0,0.0,0.0,0,4,1,0.0,4,2008,8,4,193000.0,7.796469243086058,4,4,4,1.6094379124341003,11,5.293932768230213,199.0,1.5378859446619841,5.170483995038151,0.0,1,0.6931471805599453,0.6931471805599453,0,12.170450649220749
1403,2.995732273553991,3,4.1588830833596715,8.819073983267831,1,1,3,3,0,4,0,5,2,2,0,2,7,5,2006,2006,1,1,12,13,2,0.0,4,3,2,4,4,0,6,0.0,6,0.0,7.160069207596127,1286.0,1,5,1,4,7.165493475060845,0.0,0.0,7.165493475060845,0,0.0,2,0,2,0.6931471805599453,4,6,6,1,4,1,2006.0,2,2,662,3,3,2,5.1298987149230735,4.02535169073515,0.0,0.0,0.0,0.0,0,4,1,0.0,7,2006,6,5,193879.0,7.855544677915663,2,0,0,0.0,12,5.373734005832791,331.0,1.6535805082069854,5.4116460518550396,0.0,1,0.6931471805599453,0.6931471805599453,0,12.174994689959313
1404,2.995732273553991,3,3.8918202981106265,9.632728147280256,1,1,0,3,0,1,0,21,6,2,0,2,8,5,2007,2007,1,1,12,13,3,4.442651256490317,4,3,2,4,3,1,2,6.835184586147301,6,0.0,6.322565239927284,1485.0,1,5,1,4,7.288927694521257,0.0,0.0,7.288927694521257,1,0.0,2,0,3,0.6931471805599453,4,6,6,0,0,1,2007.0,3,3,754,3,3,2,5.1298987149230735,5.081404364984463,0.0,0.0,0.0,0.0,0,4,1,0.0,8,2007,8,4,282922.0,7.989221408815276,3,0,0,0.0,13,5.497168225293202,251.33333333333334,2.343800452758998,5.796057750765372,0.0,0,0.6931471805599453,0.6931471805599453,1,12.552930054797935
1405,3.912023005428146,3,4.0943445622221,9.250522161609014,1,0,3,3,0,0,0,17,0,2,0,0,3,4,1915,1950,1,1,13,14,2,0.0,3,3,2,3,3,3,6,0.0,6,0.0,6.511745329644728,672.0,1,3,1,4,6.542471960506805,6.255750041753367,0.0,7.101675971619444,0,0.0,1,0,3,0.6931471805599453,3,6,6,0,0,5,1998.0,3,3,936,3,3,2,5.37989735354046,0.0,5.081404364984463,0.0,0.0,0.0,0,2,1,0.0,1,2006,8,3,105000.0,7.542213463193403,1,91,56,2.1972245773362196,7,5.309916502391388,312.0,2.148846189989571,5.932245187448011,0.0,0,0.6931471805599453,0.6931471805599453,0,11.561725152903833
1406,4.787491742782046,4,3.784189633918261,8.253748343328501,1,1,0,1,0,4,1,6,2,2,4,2,8,5,2004,2005,3,1,5,5,3,5.1647859739235145,4,3,2,5,3,1,2,7.2254814727822945,6,0.0,5.402677381872279,1594.0,1,5,1,4,7.406103381237015,0.0,0.0,7.406103381237015,1,0.6931471805599453,2,0,2,0.6931471805599453,4,5,6,1,4,1,2004.0,0,2,482,3,3,2,4.859812404361672,3.9889840465642745,0.0,0.0,5.049856007249537,0.0,0,4,1,0.0,1,2008,8,4,275000.0,8.083328608786376,4,4,3,1.6094379124341003,13,5.796665468802915,241.0,0.8476449620914868,5.820082930352362,0.0,1,0.6931471805599453,0.6931471805599453,1,12.524530013005734
1407,4.442651256490317,3,4.248495242049359,9.041329829241901,1,1,3,3,0,0,0,5,2,2,0,6,5,7,1972,2007,1,1,6,15,2,0.0,3,3,1,4,3,0,2,6.48768401848461,6,0.0,4.727387818712341,768.0,1,3,1,4,6.643789733147672,0.0,0.0,6.643789733147672,1,0.0,1,0,2,0.6931471805599453,3,5,6,0,0,5,1988.0,3,2,396,3,3,2,4.07753744390572,0.0,0.0,0.0,0.0,0.0,0,2,1,0.0,3,2009,8,4,133000.0,7.336936913707618,2,37,2,3.091042453358316,12,5.034351820713572,198.0,2.3975400960942284,4.07753744390572,0.0,0,0.6931471805599453,0.6931471805599453,0,11.798111925972618
1408,2.995732273553991,3,4.290459441148391,9.080231686629162,1,1,0,3,0,0,0,11,2,2,0,2,5,5,1985,1985,1,1,6,10,2,0.0,3,3,1,3,3,3,0,6.439350371100098,6,0.0,5.342334251964811,833.0,1,5,1,4,6.725033642166843,0.0,0.0,6.725033642166843,1,0.0,1,0,3,0.6931471805599453,3,5,6,0,0,6,0.0,1,0,0,0,0,2,0.0,0.0,0.0,0.0,0.0,0.0,0,2,1,0.0,3,2009,8,4,112000.0,7.418180822726788,2,24,24,7.605890001053122,10,5.115595729732743,0.0,2.3551980444623197,0.0,0.0,0,0.6931471805599453,0.0,0,11.626263078808801
1409,4.248495242049359,4,4.0943445622221,8.954156966583772,1,1,3,3,0,4,0,17,2,2,0,5,4,7,1910,1950,1,1,12,13,2,0.0,3,3,1,2,3,3,6,0.0,6,0.0,6.434546518787453,622.0,1,4,1,4,6.608000625296087,6.434546518787453,0.0,7.217443431696533,0,0.0,1,0,3,0.6931471805599453,3,6,6,0,0,5,1966.0,3,2,528,3,3,2,0.0,0.0,0.0,0.0,5.1298987149230735,0.0,0,4,1,0.0,6,2010,8,4,125500.0,7.59337419312129,1,100,60,3.8066624897703196,11,5.425683962468478,264.0,1.7367135348872402,5.1298987149230735,0.0,0,0.6931471805599453,0.6931471805599453,0,11.74006900564972
1410,4.0943445622221,3,3.828641396489095,9.930324206489688,1,1,0,3,0,1,0,14,2,2,0,5,7,6,1986,1991,1,1,9,10,1,4.820281565605037,3,4,1,4,3,3,6,0.0,6,0.0,6.674561391814426,791.0,1,4,1,4,7.119635638017636,6.754604099487962,0.0,7.646353722445999,0,0.0,2,1,3,0.6931471805599453,3,7,6,1,3,1,1986.0,0,2,542,3,3,2,5.8998973535824915,4.1588830833596715,0.0,0.0,0.0,0.0,0,2,1,0.0,11,2008,8,4,215000.0,7.96693349840484,3,22,17,3.1354942159291497,13,5.700443573390687,271.0,2.283970484043688,6.059123195581797,0.0,1,0.6931471805599453,0.6931471805599453,1,12.278397958261774
1411,4.0943445622221,3,4.3694478524670215,9.42706335548747,1,1,3,3,0,4,0,5,2,2,0,5,7,5,2001,2001,1,1,12,13,2,0.0,4,3,2,4,3,3,2,6.502790045915623,6,0.0,5.631211781821365,944.0,1,5,1,4,6.8501261661455,6.799055862058796,0.0,7.517520850603031,1,0.0,2,1,3,0.6931471805599453,4,6,6,0,0,1,2001.0,2,2,622,3,3,2,0.0,3.828641396489095,0.0,0.0,0.0,0.0,0,4,1,0.0,6,2009,8,4,230000.0,7.931644021454311,4,8,8,2.1972245773362196,12,5.725761381374976,311.0,1.9095425048844386,3.828641396489095,0.0,0,0.6931471805599453,0.6931471805599453,0,12.345838935721968
1412,3.912023005428146,3,4.382026634673881,9.169518377455928,1,1,3,3,0,4,0,12,2,2,0,0,6,8,1950,2005,1,1,12,13,2,0.0,3,4,1,3,3,3,1,4.795790545596741,6,0.0,6.602587892189336,856.0,1,5,1,4,7.013915474810528,6.322565239927284,0.0,7.419380582918692,0,0.0,1,1,3,0.6931471805599453,3,6,3,0,0,1,1950.0,3,1,271,3,3,2,0.0,0.0,0.0,0.0,0.0,0.0,0,2,1,0.0,9,2009,8,4,140000.0,7.8336002236611035,2,59,4,4.0943445622221,14,5.627621113690637,271.0,1.7501377945372354,0.0,0.0,0,0.6931471805599453,0.6931471805599453,0,11.849404844423074
1413,4.499809670330265,3,4.0943445622221,8.881836305004146,1,1,3,3,0,4,0,12,2,2,2,2,4,5,1949,1950,1,1,3,11,2,0.0,3,3,3,0,0,4,4,0.0,4,0.0,0.0,0.0,5,2,0,1,6.946975992135418,0.0,0.0,6.946975992135418,0,0.0,2,0,2,1.0986122886681098,3,6,6,0,0,5,1956.0,3,2,420,3,3,2,0.0,0.0,0.0,0.0,0.0,0.0,0,4,1,0.0,6,2009,8,4,90000.0,6.946975992135418,2,60,59,3.9889840465642745,9,5.155216522907363,210.0,1.9348603128687283,0.0,0.0,0,0.0,0.6931471805599453,0,11.407576060361786
1414,2.995732273553991,3,4.477336814478207,9.305104948420606,1,1,0,3,0,0,0,20,2,2,0,2,8,5,2005,2006,1,1,12,13,3,5.905361848054571,4,3,2,4,4,3,2,6.884486652042782,6,0.0,6.767343125265392,1844.0,1,5,1,4,7.519692404116539,0.0,0.0,7.519692404116539,1,0.0,2,0,2,0.6931471805599453,4,7,6,1,4,1,2005.0,0,2,620,3,3,2,5.111987788356544,3.8066624897703196,0.0,0.0,0.0,0.0,0,4,1,0.0,9,2009,0,0,257000.0,8.212839584676484,3,4,3,1.6094379124341003,13,5.573782255061226,310.0,1.7854125443040665,5.3471075307174685,0.0,1,0.6931471805599453,0.6931471805599453,1,12.456835254920371
1415,3.912023005428146,3,4.1588830833596715,9.47677327138879,1,2,3,0,0,4,0,3,2,2,0,0,6,7,1923,2000,2,1,13,14,2,0.0,3,3,0,3,3,3,6,0.0,6,0.0,6.726233402358747,833.0,1,4,1,4,6.959398512133975,6.679599185844383,0.0,7.521859252201629,0,0.0,1,1,4,0.6931471805599453,4,8,6,1,4,5,1922.0,3,2,370,3,3,0,0.0,0.0,0.0,0.0,5.3981627015177525,0.0,0,4,1,0.0,6,2008,8,4,207000.0,7.893945138235959,2,85,8,4.465908118654584,13,5.442417710521793,185.0,1.9549140191871603,5.3981627015177525,0.0,1,0.6931471805599453,0.6931471805599453,0,12.240478903153711
1416,4.787491742782046,3,3.9318256327243257,8.19836438996762,1,1,3,3,0,4,0,0,2,2,4,2,7,5,2007,2007,3,1,12,13,1,4.875197323201151,4,3,2,4,3,3,0,6.8966943316227125,6,0.0,5.988961416889864,1386.0,1,5,1,4,7.358193752733032,0.0,0.0,7.358193752733032,0,0.6931471805599453,2,0,1,0.6931471805599453,4,7,6,1,3,1,2007.0,2,3,660,3,3,2,4.969813299576001,3.044522437723423,0.0,0.0,0.0,0.0,0,4,1,0.0,5,2009,8,4,175900.0,7.991253929840199,3,2,2,1.0986122886681098,12,5.412283603677719,220.0,0.8401706372345871,5.099866427824199,0.0,1,0.6931471805599453,0.6931471805599453,1,12.077676615757813
1417,5.247024072160486,4,4.0943445622221,9.336091577281744,1,1,3,3,0,4,0,17,2,2,1,5,4,6,1885,1950,1,1,12,0,2,0.0,3,3,2,3,3,3,6,0.0,6,0.0,6.656726524178391,777.0,1,4,1,4,7.1276936993473985,6.951772164398911,0.0,7.736307096548285,0,0.0,2,0,4,1.0986122886681098,3,11,6,0,0,5,1971.0,3,2,560,3,3,0,0.0,0.0,4.74493212836325,0.0,0.0,0.0,0,4,1,0.0,4,2010,8,4,122500.0,8.028455164114252,2,125,60,3.6888794541139363,10,5.338411823749915,280.0,1.5997844807334578,4.74493212836325,0.0,0,0.6931471805599453,0.6931471805599453,0,11.715874472198905
1418,4.0943445622221,3,4.51085950651685,9.713839220355712,1,1,0,3,0,4,0,15,2,2,0,5,8,5,1998,1998,1,1,12,13,1,6.595780513961311,4,3,2,4,3,2,2,6.661854740545311,6,0.0,6.222576268071369,1284.0,1,5,1,4,7.177782416195197,7.039660349862076,0.0,7.803843303538772,1,0.0,2,1,3,0.6931471805599453,4,7,6,1,3,1,1998.0,0,3,1069,3,3,2,0.0,4.844187086458591,0.0,0.0,0.0,0.0,0,4,1,0.0,5,2009,8,4,340000.0,8.225235324101668,4,11,11,2.4849066497880004,13,5.857933154483459,356.3333333333333,1.90999591681694,4.844187086458591,0.0,1,0.6931471805599453,0.6931471805599453,1,12.73670383776449
1419,2.995732273553991,3,4.2626798770413155,9.127393451155257,1,1,3,3,0,4,0,12,2,2,0,2,5,5,1963,1963,1,1,6,6,2,0.0,3,3,1,3,3,3,1,3.258096538021482,5,6.771935555839602,5.5134287461649825,1144.0,1,3,1,4,7.042286171939743,0.0,0.0,7.042286171939743,1,0.0,1,1,3,0.6931471805599453,3,6,6,0,0,5,1962.0,3,1,336,3,3,2,0.0,4.48863636973214,0.0,0.0,0.0,0.0,0,4,1,0.0,8,2008,0,4,124000.0,7.7354333524996886,3,45,45,3.8501476017100584,10,5.250526702711688,336.0,2.085107279215513,4.48863636973214,0.0,0,0.6931471805599453,0.6931471805599453,0,11.728044909070785
1420,2.995732273553991,3,4.30406509320417,9.703877405604631,1,1,0,3,0,4,0,6,2,2,0,2,6,5,1969,1969,1,1,9,10,1,5.746203190540153,4,4,1,3,3,0,5,7.01301578963963,6,0.0,6.5998704992128365,1844.0,1,4,1,4,7.519692404116539,0.0,0.0,7.519692404116539,1,0.0,2,0,3,0.6931471805599453,4,7,6,1,3,1,1969.0,2,2,540,3,3,2,0.0,4.30406509320417,5.37989735354046,0.0,0.0,0.0,0,4,1,0.0,12,2006,8,4,223000.0,8.212839584676484,3,37,37,3.6375861597263857,11,5.573782255061226,270.0,2.184185001488092,5.66988092298052,0.0,1,0.6931471805599453,0.6931471805599453,1,12.314931534737134
1421,4.0943445622221,3,4.499809670330265,9.367344120785848,1,1,3,3,0,0,0,14,2,2,0,5,6,6,1968,1968,1,1,6,6,1,6.042632833682381,3,3,1,3,3,3,0,6.003887067106539,6,0.0,5.720311776607412,708.0,1,4,1,4,6.56244409369372,6.5638555265321274,0.0,7.255591274253665,0,0.0,2,1,3,0.6931471805599453,3,7,6,1,3,1,1968.0,2,2,776,3,3,2,0.0,5.135798437050262,0.0,0.0,4.787491742782046,0.0,0,4,1,0.0,5,2006,8,4,179900.0,7.66105638236183,3,38,38,3.6635616461296463,12,5.309681125198352,388.0,2.1117528465321826,5.666426688112432,0.0,1,0.6931471805599453,0.6931471805599453,1,12.100161978566867
1422,4.787491742782046,3,3.970291913552122,8.304742269640771,1,1,3,3,0,4,0,13,2,2,4,2,6,5,1977,1977,1,1,9,10,2,0.0,3,3,1,4,3,3,0,5.8888779583328805,6,0.0,6.565264970035361,1069.0,1,3,1,4,6.974478911025045,0.0,0.0,6.974478911025045,0,0.0,2,0,2,0.6931471805599453,3,4,6,1,2,1,1977.0,2,2,440,3,3,2,0.0,4.02535169073515,0.0,0.0,5.111987788356544,0.0,0,4,1,0.0,7,2010,8,4,127500.0,7.6676260915849905,2,33,33,3.5263605246161616,11,5.588184549905154,220.0,1.3302633586157258,5.3981627015177525,0.0,1,0.6931471805599453,0.6931471805599453,0,11.755879486687116
1423,4.787491742782046,4,3.6109179126442243,8.39728289474368,1,1,3,3,0,4,0,5,2,2,4,2,6,5,2003,2003,1,1,12,13,1,5.14166355650266,4,3,2,4,3,0,2,6.532334292222349,6,0.0,5.093750200806762,848.0,1,5,1,4,6.742880635791903,0.0,0.0,6.742880635791903,1,0.0,1,0,1,0.6931471805599453,4,3,6,0,0,1,2003.0,0,2,420,3,3,2,4.948759890378168,0.0,0.0,0.0,0.0,0.0,0,4,1,0.0,3,2008,8,4,136500.0,7.4360278163518485,2,5,5,1.791759469228055,11,5.644268347123793,210.0,1.6544022589517768,4.948759890378168,0.0,0,0.6931471805599453,0.6931471805599453,1,11.824087219587643
1424,4.382026634673881,3,4.182050142641207,9.88786617163317,1,1,0,3,0,1,0,7,2,2,0,7,6,7,1966,1966,0,5,9,10,2,0.0,4,4,1,4,3,0,6,0.0,6,0.0,6.548219102762372,697.0,1,3,1,4,7.362010551259734,6.440946540632921,0.0,7.696667081526462,0,0.0,2,0,4,0.6931471805599453,4,8,6,1,4,1,1966.0,3,2,432,4,4,2,6.375024819828097,5.4680601411351315,0.0,0.0,0.0,6.6052979209482015,4,0,1,0.0,8,2006,8,2,274970.0,7.971776122880628,2,40,40,3.713572066704308,13,5.6172255398466255,216.0,2.1911990901067093,6.71295620067707,0.6931471805599453,1,0.6931471805599453,0.6931471805599453,0,12.524420916542532
1425,2.995732273553991,3,4.290459441148391,9.159362817211315,1,1,3,3,0,4,0,12,2,2,0,2,5,5,1958,1983,3,1,6,6,2,0.0,3,3,1,3,3,3,0,6.126869184114185,5,5.926926025970411,5.267858159063328,1024.0,1,3,1,4,7.203405521083095,0.0,0.0,7.203405521083095,1,0.0,1,0,2,0.6931471805599453,3,6,2,1,3,5,1970.0,3,1,484,3,3,2,5.75890177387728,3.367295829986474,0.0,0.0,0.0,0.0,0,1,1,0.0,6,2007,8,4,144000.0,7.769800996003896,2,49,24,3.6375861597263857,10,5.4116460518550396,484.0,1.9559572961282203,5.84354441703136,0.0,1,0.6931471805599453,0.6931471805599453,0,11.87757552297847
1426,2.995732273553991,3,4.382026634673881,9.27995971385624,1,1,0,3,0,4,0,12,2,2,0,2,6,6,1959,1959,3,1,6,6,3,5.497168225293202,4,3,1,3,3,3,6,0.0,6,0.0,7.133295954896068,1252.0,1,5,1,4,7.132497551660044,0.0,0.0,7.132497551660044,0,0.0,1,0,3,0.6931471805599453,4,7,6,0,0,5,1960.0,3,2,528,3,3,2,0.0,3.6888794541139363,0.0,0.0,0.0,0.0,0,4,1,0.0,10,2008,8,4,142000.0,7.825644732219989,1,49,49,3.8918202981106265,12,5.18658740260473,264.0,2.147462162196196,3.6888794541139363,0.0,0,0.6931471805599453,0.6931471805599453,1,11.863589378812122
1427,4.0943445622221,3,4.394449154672439,9.30054663986233,1,1,0,3,0,4,0,15,2,2,0,5,7,5,1994,1994,1,1,12,13,1,6.1070228877422545,4,3,2,4,3,3,2,6.90875477931522,6,0.0,5.4116460518550396,1223.0,1,5,1,4,7.109062135687172,6.807934943699926,0.0,7.6624678152002375,1,0.0,2,1,3,0.6931471805599453,4,5,6,2,3,1,1994.0,2,2,525,3,3,2,5.147494476813453,4.890349128221754,0.0,0.0,0.0,0.0,0,4,1,0.0,8,2008,8,4,271000.0,8.116715624819111,4,14,14,2.70805020110221,12,6.053029902766137,262.5,1.6380788246620945,5.717027701406222,0.0,1,0.6931471805599453,0.6931471805599453,1,12.509877789891931
1428,3.912023005428146,3,4.0943445622221,9.299266581170585,1,0,3,0,0,4,0,12,0,2,0,0,5,6,1945,1950,1,1,8,8,2,0.0,3,3,1,3,3,3,1,6.364750756851911,6,0.0,5.811140992976701,913.0,1,3,1,0,6.954638864880987,6.236369590203704,0.0,7.351158226430694,1,0.0,1,1,3,0.6931471805599453,3,6,6,1,3,1,1962.0,3,1,288,3,3,2,0.0,0.0,0.0,0.0,0.0,0.0,0,4,1,0.0,4,2008,8,4,140000.0,7.81237820598861,3,63,58,3.8501476017100584,11,5.559398757202638,288.0,1.9481083547398905,0.0,0.0,1,0.6931471805599453,0.6931471805599453,0,11.849404844423074
1429,3.4011973816621555,4,4.0943445622221,8.881836305004146,1,1,3,3,0,0,0,17,2,2,0,2,5,7,1940,1992,1,1,8,8,3,5.68697535633982,3,4,1,3,3,3,1,6.236369590203704,6,0.0,5.631211781821365,788.0,1,3,1,4,6.6895992691789665,0.0,0.0,6.6895992691789665,1,0.0,1,0,2,0.6931471805599453,4,4,6,2,4,1,1940.0,3,1,240,3,3,2,0.0,0.0,5.043425116919247,0.0,0.0,0.0,0,2,1,0.0,2,2010,8,0,119000.0,7.3727463664043285,2,70,18,4.2626798770413155,12,5.303304908059076,240.0,2.19223703582518,5.043425116919247,0.0,1,0.6931471805599453,0.6931471805599453,1,11.686887175419702
1430,2.995732273553991,3,4.382026634673881,9.437157168656688,1,1,0,3,0,0,0,14,2,2,0,2,6,7,1981,1981,1,1,8,8,1,5.739792912179234,4,4,1,4,3,3,1,6.520621127558696,6,0.0,6.637258031284457,1440.0,1,5,1,4,7.272398392570047,0.0,0.0,7.272398392570047,0,0.0,2,0,3,0.6931471805599453,4,7,6,1,3,1,1981.0,0,2,467,3,3,2,0.0,0.0,4.605170185988092,0.0,0.0,0.0,0,4,1,0.0,4,2007,8,4,182900.0,7.965545573129992,2,26,26,3.295836866004329,13,5.326488243514733,233.5,2.1647587760866425,4.605170185988092,0.0,1,0.6931471805599453,0.6931471805599453,1,12.116700301832573
1431,4.0943445622221,3,4.0943445622221,9.995610841411933,1,1,2,3,0,4,0,8,6,2,0,5,5,5,2005,2005,1,1,12,13,2,0.0,4,3,2,4,4,0,6,0.0,6,0.0,6.597145701886651,732.0,1,5,1,4,6.598509028614515,7.007600613951853,0.0,7.516433302915632,0,0.0,2,1,4,0.6931471805599453,3,7,6,1,4,3,2005.0,0,2,372,3,3,2,4.61512051684126,3.713572066704308,0.0,0.0,0.0,0.0,0,4,1,0.0,7,2006,8,4,192140.0,7.851661177889265,3,1,1,0.6931471805599453,10,5.570523153860319,186.0,2.4791775384963013,4.948759890378168,0.0,1,0.6931471805599453,0.6931471805599453,0,12.165984756488543
1432,4.787491742782046,3,3.1780538303479458,8.502688505213357,1,1,0,3,0,4,0,13,2,2,4,2,6,6,1976,1976,1,1,9,10,2,0.0,3,3,1,4,3,3,3,6.8658910748834385,6,0.0,0.0,958.0,1,3,1,4,6.86484777797086,0.0,0.0,6.86484777797086,0,0.0,2,0,2,0.6931471805599453,3,5,6,0,0,1,1976.0,2,2,440,3,3,2,0.0,4.110873864173311,0.0,0.0,0.0,0.0,0,4,1,0.0,10,2009,8,4,143750.0,7.557994958530806,2,33,33,3.5263605246161616,12,5.25540986553676,220.0,1.637840727242495,4.110873864173311,0.0,0,0.6931471805599453,0.6931471805599453,0,11.87583791515714
1433,3.4011973816621555,3,4.0943445622221,9.287301413112312,1,0,3,3,0,4,0,17,2,2,0,2,4,6,1927,2007,1,1,13,14,2,0.0,3,3,0,3,3,3,6,0.0,6,0.0,6.48768401848461,656.0,1,3,1,4,6.875232087276577,0.0,0.0,6.875232087276577,0,0.0,2,0,4,0.6931471805599453,3,5,6,0,0,5,1928.0,3,1,216,2,2,2,0.0,0.0,0.0,0.0,0.0,0.0,0,4,1,0.0,8,2007,8,4,64500.0,7.392647520721623,2,80,0,4.382026634673881,10,5.265794174842477,216.0,2.412069325835734,0.0,0.0,0,0.6931471805599453,0.6931471805599453,0,11.07443600653965
1434,4.0943445622221,3,4.532599493153256,9.236105579862208,1,1,0,3,0,4,0,8,2,2,0,5,6,5,2000,2000,1,1,12,13,1,5.765191102784844,3,3,2,4,3,3,6,0.0,6,0.0,6.842683282238422,936.0,1,5,1,4,6.8690144506657065,6.7226297948554485,0.0,7.491087593534876,1,0.0,2,1,3,0.6931471805599453,3,8,6,1,3,1,2000.0,0,2,451,3,3,2,0.0,0.0,0.0,0.0,0.0,0.0,0,4,1,0.0,5,2008,8,4,186500.0,7.911324018963353,4,8,8,2.1972245773362196,11,5.4116460518550396,225.5,1.7450179863273334,0.0,0.0,1,0.6931471805599453,0.6931471805599453,1,12.136191879981927
1435,2.995732273553991,3,4.382026634673881,9.764225485202621,1,1,3,2,0,4,1,11,2,2,0,2,5,5,1977,1977,1,1,3,3,2,0.0,3,3,1,3,3,3,0,6.842683282238422,6,0.0,5.25227342804663,1126.0,1,2,1,4,7.026426808699636,0.0,0.0,7.026426808699636,1,0.0,2,0,3,0.6931471805599453,3,5,6,1,4,1,1977.0,2,2,484,3,3,1,5.69035945432406,3.7376696182833684,0.0,0.0,0.0,0.0,0,4,1,0.0,5,2006,8,4,160000.0,7.719573989259581,3,29,29,3.4011973816621555,10,5.4169888962655355,242.0,2.737798676502985,5.820082930352362,0.0,1,0.6931471805599453,0.6931471805599453,0,11.982935344196433
1436,2.995732273553991,3,4.382026634673881,9.035986984831405,1,1,3,3,0,4,0,12,2,2,0,2,6,9,1962,2005,1,1,13,14,1,5.472270673671475,4,4,1,3,3,3,6,0.0,6,0.0,7.1853870155804165,1319.0,1,3,1,4,7.337587743538596,0.0,0.0,7.337587743538596,1,0.0,1,1,3,0.6931471805599453,4,7,6,1,4,1,1962.0,2,2,462,3,3,2,0.0,3.6109179126442243,0.0,0.0,0.0,0.0,0,0,1,0.0,7,2008,0,0,174000.0,7.957177323459475,3,46,3,3.8501476017100584,15,5.391677594483283,231.0,1.698399241292809,3.6109179126442243,0.0,1,0.6931471805599453,0.6931471805599453,1,12.066816325306588
1437,2.995732273553991,3,4.0943445622221,9.104979856318357,1,1,3,3,0,2,0,12,2,2,0,2,4,6,1971,1971,1,1,6,6,2,0.0,3,3,2,3,3,3,0,6.424869023905388,6,0.0,5.517452896464707,864.0,1,3,1,4,6.761572768804055,0.0,0.0,6.761572768804055,0,0.0,1,0,3,0.6931471805599453,3,5,6,0,0,5,1974.0,3,2,528,3,3,2,0.0,0.0,0.0,0.0,0.0,0.0,0,1,1,0.0,5,2007,8,4,120500.0,7.454719949364001,1,36,36,3.5263605246161616,10,5.152134856369956,264.0,2.3434070875143007,0.0,0.0,0,0.6931471805599453,0.6931471805599453,0,11.699413330633599
1438,2.995732273553991,3,4.564348191467836,9.428993858017527,1,1,3,3,0,2,0,16,2,2,0,2,8,5,2008,2008,3,1,12,13,3,6.056784013228625,5,3,2,5,3,0,2,7.198183577101943,6,0.0,6.391917113392602,1932.0,1,5,1,4,7.566311014772463,0.0,0.0,7.566311014772463,1,0.0,2,0,2,0.6931471805599453,5,7,6,1,4,1,2008.0,0,3,774,3,3,2,0.0,4.204692619390966,0.0,5.720311776607412,0.0,0.0,0,4,1,0.0,11,2008,6,5,394617.0,8.259458195332408,3,0,0,0.0,13,5.62040086571715,258.0,1.8626828432450644,5.916202062607435,0.0,1,0.6931471805599453,0.6931471805599453,1,12.885673487343764
1439,2.995732273553991,4,4.499809670330265,8.91018077801329,1,1,3,3,0,4,0,17,0,2,0,2,6,7,1957,1996,1,1,8,8,2,0.0,3,3,1,3,3,3,2,6.398594934535208,6,0.0,5.746203190540153,912.0,1,3,1,0,7.119635638017636,0.0,0.0,7.119635638017636,1,0.0,1,0,2,0.6931471805599453,3,6,6,0,0,1,1957.0,3,2,923,3,3,2,0.0,5.0689042022202315,5.0689042022202315,0.0,0.0,0.0,0,2,1,0.0,4,2010,8,4,149700.0,7.672292455628756,2,53,14,3.9889840465642745,13,5.327876168789581,461.5,1.7905451399956531,5.75890177387728,0.0,0,0.6931471805599453,0.6931471805599453,0,11.916395250412128
1440,4.0943445622221,3,4.382026634673881,9.357380114625498,1,1,3,3,0,4,0,14,2,2,0,7,7,6,1979,1979,3,1,6,6,1,4.574710978503383,3,3,1,3,3,3,2,5.755742213586912,5,4.709530201312334,4.74493212836325,539.0,1,3,1,4,6.946975992135418,6.530877627725885,0.0,7.45298232946546,0,0.0,2,1,3,0.6931471805599453,3,6,6,1,3,1,1979.0,2,2,550,3,3,2,0.0,4.48863636973214,5.37989735354046,0.0,0.0,0.0,0,4,1,0.0,11,2007,8,4,197000.0,7.724888439323074,3,28,28,3.367295829986474,13,5.661222860237405,275.0,1.9043977851600375,5.720311776607412,0.0,1,0.6931471805599453,0.6931471805599453,1,12.190964083849375
1441,4.248495242049359,3,4.3694478524670215,9.352360631996612,1,1,0,0,0,4,1,6,2,2,0,3,6,7,1922,1994,1,1,8,8,2,0.0,3,3,0,5,3,3,6,0.0,6,0.0,6.3784261836515865,588.0,1,2,1,4,7.260522598089852,6.618738983517219,5.953243334287785,7.845807502637805,0,0.0,2,0,3,0.6931471805599453,3,11,2,1,4,5,1993.0,0,2,672,3,3,2,6.068425588244111,0.0,0.0,0.0,0.0,0.0,0,4,1,0.0,9,2008,8,4,191000.0,7.922623574217286,2,86,14,2.772588722239781,13,5.447912229839434,336.0,1.5065531293588068,6.068425588244111,0.0,1,0.6931471805599453,0.6931471805599453,0,12.160033942617156
1442,4.787491742782046,4,4.248495242049359,8.395251520610994,1,1,3,3,0,4,0,5,2,2,4,2,6,5,2004,2004,1,1,12,13,1,4.997212273764115,4,3,2,4,3,0,2,6.548219102762372,6,0.0,5.0238805208462765,848.0,1,5,1,4,6.742880635791903,0.0,0.0,6.742880635791903,1,0.0,1,0,1,0.6931471805599453,4,3,6,1,3,1,2004.0,2,2,420,3,3,2,5.0106352940962555,0.0,0.0,0.0,0.0,0.0,0,4,1,0.0,5,2008,8,4,149300.0,7.4360278163518485,2,4,4,1.6094379124341003,11,5.644268347123793,210.0,1.652370884819092,5.0106352940962555,0.0,1,0.6931471805599453,0.6931471805599453,1,11.913719681428494
1443,4.0943445622221,1,4.442651256490317,9.305923241869912,1,1,3,3,0,4,0,21,2,2,0,5,10,5,2008,2008,1,1,12,13,3,5.081404364984463,5,3,2,5,3,0,2,6.641182169740591,6,0.0,5.53338948872752,1017.0,1,5,1,4,6.933423025730715,6.889591308354466,0.0,7.604396348796338,1,0.0,2,1,3,0.6931471805599453,5,10,6,1,5,1,2008.0,0,3,812,3,3,2,5.1298987149230735,3.970291913552122,0.0,0.0,0.0,0.0,0,4,1,0.0,4,2009,8,4,310000.0,8.014335737299424,4,1,1,0.6931471805599453,15,5.301811255802292,270.6666666666667,1.7015268930735745,5.3981627015177525,0.0,1,0.6931471805599453,0.6931471805599453,1,12.644330802262578
1444,3.4011973816621555,3,3.9512437185814275,9.088624613292087,1,1,3,3,0,4,0,3,2,2,0,1,6,6,1916,1950,1,1,13,14,2,0.0,3,3,0,3,3,3,6,0.0,6,0.0,6.859614903654202,952.0,3,2,0,1,6.858565034791365,0.0,0.0,6.858565034791365,0,0.0,1,0,2,0.6931471805599453,2,4,6,1,4,5,1916.0,3,1,192,2,1,1,0.0,4.59511985013459,0.0,0.0,3.713572066704308,0.0,0,4,1,0.0,5,2009,8,4,121000.0,7.55171221535131,1,93,59,4.543294782270004,12,5.472270673671475,192.0,2.230059578500721,4.9344739331306915,0.0,1,0.6931471805599453,0.6931471805599453,0,11.703554089007538
1445,2.995732273553991,3,4.143134726391533,9.047821442478408,1,1,3,3,0,2,0,5,2,2,0,2,7,5,2004,2004,1,1,12,13,1,4.672828834461906,4,3,2,4,3,0,6,0.0,6,0.0,7.260522598089852,1422.0,1,5,1,4,7.259819610363186,0.0,0.0,7.259819610363186,0,0.0,2,0,3,0.6931471805599453,4,7,6,0,0,1,2004.0,2,2,626,3,3,2,5.262690188904886,4.110873864173311,0.0,0.0,0.0,0.0,0,4,1,0.0,11,2007,8,4,179600.0,7.952966790923131,2,3,3,1.3862943611198906,12,5.313909461307873,313.0,1.7880018321152216,5.53338948872752,0.0,0,0.6931471805599453,0.6931471805599453,1,12.098493002763465
1446,4.442651256490317,3,4.248495242049359,9.035986984831405,1,1,3,3,0,4,0,19,2,2,0,6,6,5,1966,1966,1,1,12,13,2,0.0,3,3,1,3,3,1,3,5.236441962829949,5,6.4425401664681985,0.0,814.0,1,4,1,4,6.816735880594968,0.0,0.0,6.816735880594968,1,0.0,1,0,3,0.6931471805599453,3,6,6,0,0,5,1990.0,3,1,240,3,3,2,0.0,0.0,5.53338948872752,0.0,0.0,0.0,0,4,1,0.0,5,2007,8,4,129000.0,7.454141078146678,2,41,41,2.8903717578961645,11,5.0249764113669135,240.0,2.2192511042364367,5.53338948872752,0.0,0,0.6931471805599453,0.6931471805599453,0,11.767575435251748
1447,2.995732273553991,3,4.290459441148391,10.171298495345496,1,1,0,3,0,1,0,11,2,2,0,2,5,7,1962,1962,1,1,6,6,1,5.247024072160486,3,3,1,3,3,3,5,6.386879319362645,6,0.0,6.39024066706535,1188.0,1,3,1,4,7.080026499922591,0.0,0.0,7.080026499922591,0,0.0,1,0,3,0.6931471805599453,3,6,6,0,0,1,1962.0,3,1,312,3,3,1,5.568344503761097,3.6888794541139363,0.0,0.0,0.0,0.0,0,4,1,0.0,4,2010,8,4,157900.0,7.773173680482536,1,48,48,3.8918202981106265,12,5.288267030694535,312.0,3.091271995422907,5.707110264748875,0.0,0,0.6931471805599453,0.6931471805599453,1,11.969723533345908
1448,4.0943445622221,3,4.382026634673881,9.210340371976184,1,1,3,3,0,4,0,5,2,2,0,5,8,5,1995,1996,1,1,12,13,1,6.0844994130751715,4,3,2,4,3,3,2,6.984716320118266,6,0.0,4.955827057601261,1220.0,1,5,1,4,7.106606137727303,6.769641976852503,0.0,7.644919344958857,1,0.0,2,1,3,0.6931471805599453,4,8,6,1,3,1,1995.0,2,2,556,3,3,2,0.0,4.189654742026425,0.0,0.0,0.0,0.0,0,4,1,0.0,12,2007,8,4,240000.0,8.104703468371108,4,12,11,2.5649493574615367,13,5.565477803279021,278.0,1.565421027017326,4.189654742026425,0.0,1,0.6931471805599453,0.6931471805599453,1,12.388398368982115
1449,3.912023005428146,3,4.248495242049359,9.37305428246393,1,1,3,3,0,4,0,7,2,2,0,5,4,7,1910,2000,1,1,8,6,2,0.0,3,3,1,2,3,3,6,0.0,6,0.0,6.329720905522696,560.0,1,4,0,4,6.679599185844383,6.311734809152915,0.0,7.204892510204673,0,0.0,1,1,2,0.6931471805599453,3,6,3,0,0,5,1950.0,3,1,384,2,3,2,5.1298987149230735,3.2188758248682006,0.0,0.0,0.0,0.0,0,1,1,0.0,5,2007,8,4,112000.0,7.552762084214147,2,97,7,4.060443010546419,11,5.413133040976618,384.0,2.1681617722592557,5.262690188904886,0.0,0,0.6931471805599453,0.6931471805599453,0,11.626263078808801
1450,5.19295685089021,4,3.044522437723423,7.334981878871814,1,1,3,3,0,4,0,10,2,2,3,6,5,7,1970,1970,1,1,5,5,2,0.0,3,3,1,4,3,0,2,6.317164686747284,6,0.0,4.356708826689592,630.0,1,5,1,4,6.4457198193855785,0.0,0.0,6.4457198193855785,1,0.0,1,0,1,0.6931471805599453,5,3,6,0,0,6,0.0,1,0,0,0,0,2,0.0,0.0,0.0,0.0,0.0,0.0,0,4,1,0.0,8,2006,8,0,92000.0,7.138866999945524,2,36,36,7.604396348796338,12,5.3471075307174685,0.0,0.8892620594862357,0.0,0.0,0,0.6931471805599453,0.0,0,11.429554725537322
1451,4.499809670330265,3,4.0943445622221,9.104979856318357,1,1,3,3,0,2,0,12,2,2,2,5,5,5,1974,1974,1,1,12,13,2,0.0,3,3,1,4,3,3,6,0.0,6,0.0,6.799055862058796,896.0,1,3,1,4,6.79794041297493,6.799055862058796,0.0,7.491087593534876,0,0.0,2,2,4,1.0986122886681098,3,8,6,0,0,6,0.0,1,0,0,0,0,2,3.4965075614664802,3.828641396489095,0.0,0.0,0.0,0.0,0,4,1,0.0,9,2009,8,4,136000.0,7.89655270164304,4,35,35,7.605890001053122,10,5.4116460518550396,0.0,1.6138922627834806,4.356708826689592,0.0,0,0.6931471805599453,0.0,0,11.820417517632333
1452,2.995732273553991,3,4.356708826689592,9.133675287040697,1,1,3,3,0,4,0,21,2,2,0,2,8,5,2008,2009,1,1,5,5,3,5.272999558563747,4,3,2,4,3,3,6,0.0,6,0.0,7.3613754289773485,1573.0,1,5,1,4,7.363913501405819,0.0,0.0,7.363913501405819,0,0.0,2,0,3,0.6931471805599453,5,7,6,1,4,1,2008.0,0,3,840,3,3,2,0.0,3.6109179126442243,0.0,0.0,0.0,0.0,0,4,1,0.0,5,2009,6,5,287090.0,8.055475141757274,2,1,0,0.6931471805599453,13,5.418003352350506,280.0,1.7697617856348777,3.6109179126442243,0.0,1,0.6931471805599453,0.6931471805599453,1,12.567554517655415
1453,5.19295685089021,4,3.5553480614894135,8.209308411646937,1,1,3,3,0,4,0,7,2,2,4,7,5,5,2005,2005,1,1,12,13,1,4.394449154672439,3,3,2,4,3,1,2,6.306275286948016,6,0.0,0.0,547.0,1,4,1,4,6.977281341630747,0.0,0.0,6.977281341630747,1,0.0,1,0,2,0.6931471805599453,3,5,6,0,0,2,2005.0,0,2,525,3,3,2,0.0,3.367295829986474,0.0,0.0,0.0,0.0,0,4,1,0.0,5,2006,8,4,145000.0,7.389563953677635,2,1,1,0.6931471805599453,10,5.367843429196647,262.5,1.2320270700161897,3.367295829986474,0.0,0,0.6931471805599453,0.6931471805599453,1,11.884495917930655
1454,2.995732273553991,3,4.499809670330265,9.753652546776472,1,1,3,3,0,4,0,11,2,2,0,2,5,5,2006,2006,1,1,12,13,2,0.0,3,3,2,4,3,3,6,0.0,6,0.0,7.039660349862076,1140.0,1,5,1,4,7.038783541388542,0.0,0.0,7.038783541388542,0,0.0,1,0,3,0.6931471805599453,3,6,6,0,0,6,0.0,1,0,0,0,0,2,3.6109179126442243,4.04305126783455,0.0,0.0,0.0,0.0,0,4,1,0.0,7,2006,8,0,84500.0,7.731930721948486,1,0,0,7.604396348796338,10,5.247024072160486,0.0,2.714869005387931,4.532599493153256,0.0,0,0.6931471805599453,0.0,0,11.344518647594766
1455,2.995732273553991,1,4.127134385045092,8.922658299524402,1,2,3,3,0,4,0,21,2,2,0,2,7,5,2004,2005,1,1,12,13,2,0.0,4,3,2,4,3,3,2,6.018593214496234,6,0.0,6.699500340161678,1221.0,1,5,1,4,7.107425474110705,0.0,0.0,7.107425474110705,1,0.0,2,0,2,0.6931471805599453,4,6,6,0,0,1,2004.0,2,2,400,3,3,2,0.0,4.736198448394496,0.0,0.0,0.0,0.0,0,4,1,0.0,10,2009,8,4,185000.0,7.80057265467065,3,5,4,1.791759469228055,12,5.31566600488265,200.0,1.8152328254136971,4.736198448394496,0.0,0,0.6931471805599453,0.6931471805599453,0,12.128116509451258
1456,4.0943445622221,3,4.127134385045092,8.976767625171433,1,1,3,3,0,4,0,8,2,2,0,5,6,5,1999,2000,1,1,12,13,2,0.0,3,3,2,4,3,3,6,0.0,6,0.0,6.860663671448287,953.0,1,5,1,4,6.859614903654202,6.543911845564792,0.0,7.4067107301776405,0,0.0,2,1,3,0.6931471805599453,3,7,6,1,3,1,1999.0,2,2,460,3,3,2,0.0,3.713572066704308,0.0,0.0,0.0,0.0,0,4,1,0.0,8,2007,8,4,175000.0,7.8632667240095735,3,8,7,2.1972245773362196,11,5.460800581122327,230.0,1.5700568949937934,3.713572066704308,0.0,1,0.6931471805599453,0.6931471805599453,0,12.07254696717504
1457,2.995732273553991,3,4.442651256490317,9.486076373409563,1,1,3,3,0,4,0,14,2,2,0,2,6,6,1978,1988,1,1,9,10,3,4.787491742782046,3,3,1,4,3,3,0,6.673297967767654,5,5.099866427824199,6.380122536899765,1542.0,1,3,1,4,7.636752112435779,0.0,0.0,7.636752112435779,1,0.0,2,0,3,0.6931471805599453,3,7,2,2,3,1,1978.0,3,2,500,3,3,2,5.857933154483459,0.0,0.0,0.0,0.0,0.0,0,2,1,0.0,2,2010,8,4,210000.0,8.192847134592865,3,32,22,3.4965075614664802,12,5.690841963380467,250.0,1.8493242609737834,5.857933154483459,0.0,1,0.6931471805599453,0.6931471805599453,1,12.25486757159303
1458,4.248495242049359,3,4.189654742026425,9.109635667854551,1,1,3,3,0,4,0,6,2,2,0,5,7,9,1941,2006,1,1,5,5,2,0.0,5,4,4,3,4,3,2,5.62040086571715,6,0.0,6.777646593635117,1152.0,1,5,1,4,7.080026499922591,7.050122520269059,0.0,7.757906208351747,0,0.0,2,0,4,0.6931471805599453,4,9,6,2,4,1,1941.0,2,1,252,3,3,2,0.0,4.110873864173311,0.0,0.0,0.0,0.0,0,0,3,7.824445930877619,5,2010,8,4,266500.0,8.158229916959494,2,69,4,4.248495242049359,16,5.560681631015528,252.0,1.3517294595028033,4.110873864173311,0.0,1,0.6931471805599453,0.6931471805599453,0,12.493133274926212
1459,2.995732273553991,3,4.219507705176107,9.181632207839439,1,1,3,3,0,4,0,12,2,2,0,2,5,6,1950,1996,3,1,8,8,2,0.0,3,3,1,3,3,2,2,3.912023005428146,5,6.937314081223682,0.0,1078.0,1,4,1,0,6.982862751468942,0.0,0.0,6.982862751468942,1,0.0,1,0,2,0.6931471805599453,4,5,6,0,0,1,1950.0,3,1,240,3,3,2,5.905361848054571,0.0,4.727387818712341,0.0,0.0,0.0,0,4,1,0.0,4,2010,8,4,142125.0,7.6760099320288875,2,60,14,4.110873864173311,11,5.3734248390348425,240.0,2.1987694563704965,6.171700597410915,0.0,0,0.6931471805599453,0.6931471805599453,0,11.864469267087891
1460,2.995732273553991,3,4.31748811353631,9.204020443231363,1,1,3,3,0,4,0,7,2,2,0,2,5,6,1965,1965,1,1,6,6,2,0.0,4,3,1,3,3,3,1,6.7226297948554485,3,5.673323267171493,4.919980925828125,1256.0,1,4,1,4,7.135687347028144,0.0,0.0,7.135687347028144,1,0.0,1,1,3,0.6931471805599453,3,6,6,0,0,1,1965.0,0,1,276,3,3,2,6.602587892189336,4.23410650459726,0.0,0.0,0.0,0.0,0,4,1,0.0,6,2008,8,4,147500.0,7.828834527588089,3,43,43,3.784189633918261,11,5.343927877800089,276.0,2.0683330962032196,6.690842277418564,0.0,0,0.6931471805599453,0.6931471805599453,0,11.901590234400047
